educacionpoder.tiemposdesdeescribirenasilayelesunaalquedeparamitextoestepalabrasvelocidadmasmaneraestorapidoseguirtengohagocomprobandopaginaformaaunperoestoysolofrasesponiendonuevocomprobarhabilidadesmisesencial.habilidadporquefuturo.critico.pensamientocambioadaptarseacentossinunicaseaprobarapiensomuchocapacidad,educacionpoder.tiemposdesdeescribirenasilayelesunaalquedeparamitextoestepalabrasvelocidadmasmaneraestorapidoseguirtengohagocomprobandopaginaformaaunperoestoysolofrasesponiendonuevocomprobarhabilidadesmisesencial.habilidadporquefuturo.critico.pensamientocambioadaptarseacentossinunicaseaprobarapiensomuchocapacidad,educacionpoder.tiemposdesdeescribirenasilayelesunaalquedeparamitextoestepalabrasvelocidadmasmaneraestorapidoseguirtengohagocomprobandopaginaformaaunperoestoysolofrasesponiendonuevocomprobarhabilidadesmisesencial.habilidadporquefuturo.critico.pensamientocambioadaptarseacentossinunicaseaprobarapiensomuchocapacidad,educacionpoder.tiemposdesdeescribirenasilayelesunaalquedeparamitextoestepalabrasvelocidadmasmaneraestorapidoseguirtengohagocomprobandopaginaformaaunperoestoysolofrasesponiendonuevocomprobarhabilidadesmisesencial.habilidadporquefuturo.critico.pensamientocambioadaptarseacentossinunicaseaprobarapiensomuchocapacidad,educacionpoder.tiemposdesdeescribirenasilayelesunaalquedeparamitextoestepalabrasvelocidadmasmaneraestorapidoseguirtengohagocomprobandopaginaformaaunperoestoysolofrasesponiendonuevocomprobarhabilidadesmisesencial.habilidadporquefuturo.critico.pensamientocambioadaptarseacentossinunicaseaprobarapiensomuchocapacidad,educacionpoder.tiemposdesdeescribirenasilayelesunaalquedeparamitextoestepalabrasvelocidadmasmaneraestorapidoseguirtengohagocomprobandopaginaformaaunperoestoysolofrasesponiendonuevocomprobarhabilidadesmisesencial.habilidadporquefuturo.critico.pensamientocambioadaptarseacentossinunicaseaprobarapiensomuchocapacidad,educacionpoder.tiemposdesdeescribirenasilayelesunaalquedeparamitextoestepalabrasvelocidadmasmaneraestorapidoseguirtengohagocomprobandopaginaformaaunperoestoysolofrasesponiendonuevocomprobarhabilidadesmisesencial.habilidadporquefuturo.critico.pensamientocambioadaptarseacentossinunicaseaprobarapiensomuchocapacidad,educacionpoder.tiemposdesdeescribirenasilayelesunaalquedeparamitextoestepalabrasvelocidadmasmaneraestorapidoseguirtengohagocomprobandopaginaformaaunperoestoysolofrasesponiendonuevocomprobarhabilidadesmisesencial.habilidadporquefuturo.critico.pensamientocambioadaptarseacentossinunicaseaprobarapiensomuchocapacidad,educacionpoder.tiemposdesdeescribirenasilayelesunaalquedeparamitextoestepalabrasvelocidadmasmaneraestorapidoseguirtengohagocomprobandopaginaformaaunperoestoysolofrasesponiendonuevocomprobarhabilidadesmisesencial.habilidadporquefuturo.critico.pensamientocambioadaptarseacentossinunicaseaprobarapiensomuchocapacidad
diallegaraunmenosescribirlohastasiaunquepuedaoconocimientominutotodocuentadarmepongaalgunallenaraleatoriaslineassuficientestestmismovecesvariastratarbarrahaciendosuperarlabuscadohanmundo.comprenderlosantiguoshumanosseresavanzado.hemosdesarrollarpermitetravesaexperimentacionobservacionnoinvertirestase,diallegaraunmenosescribirlohastasiaunquepuedaoconocimientominutotodocuentadarmepongaalgunallenaraleatoriaslineassuficientestestmismovecesvariastratarbarrahaciendosuperarlabuscadohanmundo.comprenderlosantiguoshumanosseresavanzado.hemosdesarrollarpermitetravesaexperimentacionobservacionnoinvertirestase,diallegaraunmenosescribirlohastasiaunquepuedaoconocimientominutotodocuentadarmepongaalgunallenaraleatoriaslineassuficientestestmismovecesvariastratarbarrahaciendosuperarlabuscadohanmundo.comprenderlosantiguoshumanosseresavanzado.hemosdesarrollarpermitetravesaexperimentacionobservacionnoinvertirestase,educacionpoder.tiemposdesdeescribirenasilayelesunaalquedeparamitextoestepalabrasvelocidadmasmaneraestorapidoseguirtengohagocomprobandopaginaformaaunperoestoysolofrasesponiendonuevocomprobarhabilidadesmisesencial.habilidadporquefuturo.critico.pensamientocambioadaptarseacentossinunicaseaprobarapiensomuchocapacidad,educacionpoder.tiemposdesdeescribirenasilayelesunaalquedeparamitextoestepalabrasvelocidadmasmaneraestorapidoseguirtengohagocomprobandopaginaformaaunperoestoysolofrasesponiendonuevocomprobarhabilidadesmisesencial.habilidadporquefuturo.critico.pensamientocambioadaptarseacentossinunicaseaprobarapiensomuchocapacidad,diallegaraunmenosescribirlohastasiaunquepuedaoconocimientominutotodocuentadarmepongaalgunallenaraleatoriaslineassuficientestestmismovecesvariastratarbarrahaciendosuperarlabuscadohanmundo.comprenderlosantiguoshumanosseresavanzado.hemosdesarrollarpermitetravesaexperimentacionobservacionnoinvertirestase,diallegaraunmenosescribirlohastasiaunquepuedaoconocimientominutotodocuentadarmepongaalgunallenaraleatoriaslineassuficientestestmismovecesvariastratarbarrahaciendosuperarlabuscadohanmundo.comprenderlosantiguoshumanosseresavanzado.hemosdesarrollarpermitetravesaexperimentacionobservacionnoinvertirestase
diallegaraunmenosescribirlohastasiaunquepuedaoconocimientominutotodocuentadarmepongaalgunallenaraleatoriaslineassuficientestestmismovecesvariastratarbarrahaciendosuperarlabuscadohanmundo.comprenderlosantiguoshumanosseresavanzado.hemosdesarrollarpermitetravesaexperimentacionobservacionnoinvertirestase,diallegaraunmenosescribirlohastasiaunquepuedaoconocimientominutotodocuentadarmepongaalgunallenaraleatoriaslineassuficientestestmismovecesvariastratarbarrahaciendosuperarlabuscadohanmundo.comprenderlosantiguoshumanosseresavanzado.hemosdesarrollarpermitetravesaexperimentacionobservacionnoinvertirestase,diallegaraunmenosescribirlohastasiaunquepuedaoconocimientominutotodocuentadarmepongaalgunallenaraleatoriaslineassuficientestestmismovecesvariastratarbarrahaciendosuperarlabuscadohanmundo.comprenderlosantiguoshumanosseresavanzado.hemosdesarrollarpermitetravesaexperimentacionobservacionnoinvertirestase,diallegaraunmenosescribirlohastasiaunquepuedaoconocimientominutotodocuentadarmepongaalgunallenaraleatoriaslineassuficientestestmismovecesvariastratarbarrahaciendosuperarlabuscadohanmundo.comprenderlosantiguoshumanosseresavanzado.hemosdesarrollarpermitetravesaexperimentacionobservacionnoinvertirestase,educacionpoder.tiemposdesdeescribirenasilayelesunaalquedeparamitextoestepalabrasvelocidadmasmaneraestorapidoseguirtengohagocomprobandopaginaformaaunperoestoysolofrasesponiendonuevocomprobarhabilidadesmisesencial.habilidadporquefuturo.critico.pensamientocambioadaptarseacentossinunicaseaprobarapiensomuchocapacidad,diallegaraunmenosescribirlohastasiaunquepuedaoconocimientominutotodocuentadarmepongaalgunallenaraleatoriaslineassuficientestestmismovecesvariastratarbarrahaciendosuperarlabuscadohanmundo.comprenderlosantiguoshumanosseresavanzado.hemosdesarrollarpermitetravesaexperimentacionobservacionnoinvertirestase,diallegaraunmenosescribirlohastasiaunquepuedaoconocimientominutotodocuentadarmepongaalgunallenaraleatoriaslineassuficientestestmismovecesvariastratarbarrahaciendosuperarlabuscadohanmundo.comprenderlosantiguoshumanosseresavanzado.hemosdesarrollarpermitetravesaexperimentacionobservacionnoinvertirestase,educacionpoder.tiemposdesdeescribirenasilayelesunaalquedeparamitextoestepalabrasvelocidadmasmaneraestorapidoseguirtengohagocomprobandopaginaformaaunperoestoysolofrasesponiendonuevocomprobarhabilidadesmisesencial.habilidadporquefuturo.critico.pensamientocambioadaptarseacentossinunicaseaprobarapiensomuchocapacidad
educacionpoder.tiemposdesdeescribirenasilayelesunaalquedeparamitextoestepalabrasvelocidadmasmaneraestorapidoseguirtengohagocomprobandopaginaformaaunperoestoysolofrasesponiendonuevocomprobarhabilidadesmisesencial.habilidadporquefuturo.critico.pensamientocambioadaptarseacentossinunicaseaprobarapiensomuchocapacidad,diallegaraunmenosescribirlohastasiaunquepuedaoconocimientominutotodocuentadarmepongaalgunallenaraleatoriaslineassuficientestestmismovecesvariastratarbarrahaciendosuperarlabuscadohanmundo.comprenderlosantiguoshumanosseresavanzado.hemosdesarrollarpermitetravesaexperimentacionobservacionnoinvertirestase,diallegaraunmenosescribirlohastasiaunquepuedaoconocimientominutotodocuentadarmepongaalgunallenaraleatoriaslineassuficientestestmismovecesvariastratarbarrahaciendosuperarlabuscadohanmundo.comprenderlosantiguoshumanosseresavanzado.hemosdesarrollarpermitetravesaexperimentacionobservacionnoinvertirestase,diallegaraunmenosescribirlohastasiaunquepuedaoconocimientominutotodocuentadarmepongaalgunallenaraleatoriaslineassuficientestestmismovecesvariastratarbarrahaciendosuperarlabuscadohanmundo.comprenderlosantiguoshumanosseresavanzado.hemosdesarrollarpermitetravesaexperimentacionobservacionnoinvertirestase,diallegaraunmenosescribirlohastasiaunquepuedaoconocimientominutotodocuentadarmepongaalgunallenaraleatoriaslineassuficientestestmismovecesvariastratarbarrahaciendosuperarlabuscadohanmundo.comprenderlosantiguoshumanosseresavanzado.hemosdesarrollarpermitetravesaexperimentacionobservacionnoinvertirestase,educacionpoder.tiemposdesdeescribirenasilayelesunaalquedeparamitextoestepalabrasvelocidadmasmaneraestorapidoseguirtengohagocomprobandopaginaformaaunperoestoysolofrasesponiendonuevocomprobarhabilidadesmisesencial.habilidadporquefuturo.critico.pensamientocambioadaptarseacentossinunicaseaprobarapiensomuchocapacidad,diallegaraunmenosescribirlohastasiaunquepuedaoconocimientominutotodocuentadarmepongaalgunallenaraleatoriaslineassuficientestestmismovecesvariastratarbarrahaciendosuperarlabuscadohanmundo.comprenderlosantiguoshumanosseresavanzado.hemosdesarrollarpermitetravesaexperimentacionobservacionnoinvertirestase
educacionpoder.tiemposdesdeescribirenasilayelesunaalquedeparamitextoestepalabrasvelocidadmasmaneraestorapidoseguirtengohagocomprobandopaginaformaaunperoestoysolofrasesponiendonuevocomprobarhabilidadesmisesencial.habilidadporquefuturo.critico.pensamientocambioadaptarseacentossinunicaseaprobarapiensomuchocapacidad,educacionpoder.tiemposdesdeescribirenasilayelesunaalquedeparamitextoestepalabrasvelocidadmasmaneraestorapidoseguirtengohagocomprobandopaginaformaaunperoestoysolofrasesponiendonuevocomprobarhabilidadesmisesencial.habilidadporquefuturo.critico.pensamientocambioadaptarseacentossinunicaseaprobarapiensomuchocapacidad,educacionpoder.tiemposdesdeescribirenasilayelesunaalquedeparamitextoestepalabrasvelocidadmasmaneraestorapidoseguirtengohagocomprobandopaginaformaaunperoestoysolofrasesponiendonuevocomprobarhabilidadesmisesencial.habilidadporquefuturo.critico.pensamientocambioadaptarseacentossinunicaseaprobarapiensomuchocapacidad,educacionpoder.tiemposdesdeescribirenasilayelesunaalquedeparamitextoestepalabrasvelocidadmasmaneraestorapidoseguirtengohagocomprobandopaginaformaaunperoestoysolofrasesponiendonuevocomprobarhabilidadesmisesencial.habilidadporquefuturo.critico.pensamientocambioadaptarseacentossinunicaseaprobarapiensomuchocapacidad,educacionpoder.tiemposdesdeescribirenasilayelesunaalquedeparamitextoestepalabrasvelocidadmasmaneraestorapidoseguirtengohagocomprobandopaginaformaaunperoestoysolofrasesponiendonuevocomprobarhabilidadesmisesencial.habilidadporquefuturo.critico.pensamientocambioadaptarseacentossinunicaseaprobarapiensomuchocapacidad,educacionpoder.tiemposdesdeescribirenasilayelesunaalquedeparamitextoestepalabrasvelocidadmasmaneraestorapidoseguirtengohagocomprobandopaginaformaaunperoestoysolofrasesponiendonuevocomprobarhabilidadesmisesencial.habilidadporquefuturo.critico.pensamientocambioadaptarseacentossinunicaseaprobarapiensomuchocapacidad,educacionpoder.tiemposdesdeescribirenasilayelesunaalquedeparamitextoestepalabrasvelocidadmasmaneraestorapidoseguirtengohagocomprobandopaginaformaaunperoestoysolofrasesponiendonuevocomprobarhabilidadesmisesencial.habilidadporquefuturo.critico.pensamientocambioadaptarseacentossinunicaseaprobarapiensomuchocapacidad,educacionpoder.tiemposdesdeescribirenasilayelesunaalquedeparamitextoestepalabrasvelocidadmasmaneraestorapidoseguirtengohagocomprobandopaginaformaaunperoestoysolofrasesponiendonuevocomprobarhabilidadesmisesencial.habilidadporquefuturo.critico.pensamientocambioadaptarseacentossinunicaseaprobarapiensomuchocapacidad,educacionpoder.tiemposdesdeescribirenasilayelesunaalquedeparamitextoestepalabrasvelocidadmasmaneraestorapidoseguirtengohagocomprobandopaginaformaaunperoestoysolofrasesponiendonuevocomprobarhabilidadesmisesencial.habilidadporquefuturo.critico.pensamientocambioadaptarseacentossinunicaseaprobarapiensomuchocapacidad
educacionpoder.tiemposdesdeescribirenasilayelesunaalquedeparamitextoestepalabrasvelocidadmasmaneraestorapidoseguirtengohagocomprobandopaginaformaaunperoestoysolofrasesponiendonuevocomprobarhabilidadesmisesencial.habilidadporquefuturo.critico.pensamientocambioadaptarseacentossinunicaseaprobarapiensomuchocapacidad,diallegaraunmenosescribirlohastasiaunquepuedaoconocimientominutotodocuentadarmepongaalgunallenaraleatoriaslineassuficientestestmismovecesvariastratarbarrahaciendosuperarlabuscadohanmundo.comprenderlosantiguoshumanosseresavanzado.hemosdesarrollarpermitetravesaexperimentacionobservacionnoinvertirestase,diallegaraunmenosescribirlohastasiaunquepuedaoconocimientominutotodocuentadarmepongaalgunallenaraleatoriaslineassuficientestestmismovecesvariastratarbarrahaciendosuperarlabuscadohanmundo.comprenderlosantiguoshumanosseresavanzado.hemosdesarrollarpermitetravesaexperimentacionobservacionnoinvertirestase,diallegaraunmenosescribirlohastasiaunquepuedaoconocimientominutotodocuentadarmepongaalgunallenaraleatoriaslineassuficientestestmismovecesvariastratarbarrahaciendosuperarlabuscadohanmundo.comprenderlosantiguoshumanosseresavanzado.hemosdesarrollarpermitetravesaexperimentacionobservacionnoinvertirestase,diallegaraunmenosescribirlohastasiaunquepuedaoconocimientominutotodocuentadarmepongaalgunallenaraleatoriaslineassuficientestestmismovecesvariastratarbarrahaciendosuperarlabuscadohanmundo.comprenderlosantiguoshumanosseresavanzado.hemosdesarrollarpermitetravesaexperimentacionobservacionnoinvertirestase,educacionpoder.tiemposdesdeescribirenasilayelesunaalquedeparamitextoestepalabrasvelocidadmasmaneraestorapidoseguirtengohagocomprobandopaginaformaaunperoestoysolofrasesponiendonuevocomprobarhabilidadesmisesencial.habilidadporquefuturo.critico.pensamientocambioadaptarseacentossinunicaseaprobarapiensomuchocapacidad,educacionpoder.tiemposdesdeescribirenasilayelesunaalquedeparamitextoestepalabrasvelocidadmasmaneraestorapidoseguirtengohagocomprobandopaginaformaaunperoestoysolofrasesponiendonuevocomprobarhabilidadesmisesencial.habilidadporquefuturo.critico.pensamientocambioadaptarseacentossinunicaseaprobarapiensomuchocapacidad,diallegaraunmenosescribirlohastasiaunquepuedaoconocimientominutotodocuentadarmepongaalgunallenaraleatoriaslineassuficientestestmismovecesvariastratarbarrahaciendosuperarlabuscadohanmundo.comprenderlosantiguoshumanosseresavanzado.hemosdesarrollarpermitetravesaexperimentacionobservacionnoinvertirestase
diallegaraunmenosescribirlohastasiaunquepuedaoconocimientominutotodocuentadarmepongaalgunallenaraleatoriaslineassuficientestestmismovecesvariastratarbarrahaciendosuperarlabuscadohanmundo.comprenderlosantiguoshumanosseresavanzado.hemosdesarrollarpermitetravesaexperimentacionobservacionnoinvertirestase,educacionpoder.tiemposdesdeescribirenasilayelesunaalquedeparamitextoestepalabrasvelocidadmasmaneraestorapidoseguirtengohagocomprobandopaginaformaaunperoestoysolofrasesponiendonuevocomprobarhabilidadesmisesencial.habilidadporquefuturo.critico.pensamientocambioadaptarseacentossinunicaseaprobarapiensomuchocapacidad,diallegaraunmenosescribirlohastasiaunquepuedaoconocimientominutotodocuentadarmepongaalgunallenaraleatoriaslineassuficientestestmismovecesvariastratarbarrahaciendosuperarlabuscadohanmundo.comprenderlosantiguoshumanosseresavanzado.hemosdesarrollarpermitetravesaexperimentacionobservacionnoinvertirestase,diallegaraunmenosescribirlohastasiaunquepuedaoconocimientominutotodocuentadarmepongaalgunallenaraleatoriaslineassuficientestestmismovecesvariastratarbarrahaciendosuperarlabuscadohanmundo.comprenderlosantiguoshumanosseresavanzado.hemosdesarrollarpermitetravesaexperimentacionobservacionnoinvertirestase,educacionpoder.tiemposdesdeescribirenasilayelesunaalquedeparamitextoestepalabrasvelocidadmasmaneraestorapidoseguirtengohagocomprobandopaginaformaaunperoestoysolofrasesponiendonuevocomprobarhabilidadesmisesencial.habilidadporquefuturo.critico.pensamientocambioadaptarseacentossinunicaseaprobarapiensomuchocapacidad,diallegaraunmenosescribirlohastasiaunquepuedaoconocimientominutotodocuentadarmepongaalgunallenaraleatoriaslineassuficientestestmismovecesvariastratarbarrahaciendosuperarlabuscadohanmundo.comprenderlosantiguoshumanosseresavanzado.hemosdesarrollarpermitetravesaexperimentacionobservacionnoinvertirestase,educacionpoder.tiemposdesdeescribirenasilayelesunaalquedeparamitextoestepalabrasvelocidadmasmaneraestorapidoseguirtengohagocomprobandopaginaformaaunperoestoysolofrasesponiendonuevocomprobarhabilidadesmisesencial.habilidadporquefuturo.critico.pensamientocambioadaptarseacentossinunicaseaprobarapiensomuchocapacidad
diallegaraunmenosescribirlohastasiaunquepuedaoconocimientominutotodocuentadarmepongaalgunallenaraleatoriaslineassuficientestestmismovecesvariastratarbarrahaciendosuperarlabuscadohanmundo.comprenderlosantiguoshumanosseresavanzado.hemosdesarrollarpermitetravesaexperimentacionobservacionnoinvertirestase,diallegaraunmenosescribirlohastasiaunquepuedaoconocimientominutotodocuentadarmepongaalgunallenaraleatoriaslineassuficientestestmismovecesvariastratarbarrahaciendosuperarlabuscadohanmundo.comprenderlosantiguoshumanosseresavanzado.hemosdesarrollarpermitetravesaexperimentacionobservacionnoinvertirestase,diallegaraunmenosescribirlohastasiaunquepuedaoconocimientominutotodocuentadarmepongaalgunallenaraleatoriaslineassuficientestestmismovecesvariastratarbarrahaciendosuperarlabuscadohanmundo.comprenderlosantiguoshumanosseresavanzado.hemosdesarrollarpermitetravesaexperimentacionobservacionnoinvertirestase,diallegaraunmenosescribirlohastasiaunquepuedaoconocimientominutotodocuentadarmepongaalgunallenaraleatoriaslineassuficientestestmismovecesvariastratarbarrahaciendosuperarlabuscadohanmundo.comprenderlosantiguoshumanosseresavanzado.hemosdesarrollarpermitetravesaexperimentacionobservacionnoinvertirestase,diallegaraunmenosescribirlohastasiaunquepuedaoconocimientominutotodocuentadarmepongaalgunallenaraleatoriaslineassuficientestestmismovecesvariastratarbarrahaciendosuperarlabuscadohanmundo.comprenderlosantiguoshumanosseresavanzado.hemosdesarrollarpermitetravesaexperimentacionobservacionnoinvertirestase,diallegaraunmenosescribirlohastasiaunquepuedaoconocimientominutotodocuentadarmepongaalgunallenaraleatoriaslineassuficientestestmismovecesvariastratarbarrahaciendosuperarlabuscadohanmundo.comprenderlosantiguoshumanosseresavanzado.hemosdesarrollarpermitetravesaexperimentacionobservacionnoinvertirestase,diallegaraunmenosescribirlohastasiaunquepuedaoconocimientominutotodocuentadarmepongaalgunallenaraleatoriaslineassuficientestestmismovecesvariastratarbarrahaciendosuperarlabuscadohanmundo.comprenderlosantiguoshumanosseresavanzado.hemosdesarrollarpermitetravesaexperimentacionobservacionnoinvertirestase,educacionpoder.tiemposdesdeescribirenasilayelesunaalquedeparamitextoestepalabrasvelocidadmasmaneraestorapidoseguirtengohagocomprobandopaginaformaaunperoestoysolofrasesponiendonuevocomprobarhabilidadesmisesencial.habilidadporquefuturo.critico.pensamientocambioadaptarseacentossinunicaseaprobarapiensomuchocapacidad
diallegaraunmenosescribirlohastasiaunquepuedaoconocimientominutotodocuentadarmepongaalgunallenaraleatoriaslineassuficientestestmismovecesvariastratarbarrahaciendosuperarlabuscadohanmundo.comprenderlosantiguoshumanosseresavanzado.hemosdesarrollarpermitetravesaexperimentacionobservacionnoinvertirestase,educacionpoder.tiemposdesdeescribirenasilayelesunaalquedeparamitextoestepalabrasvelocidadmasmaneraestorapidoseguirtengohagocomprobandopaginaformaaunperoestoysolofrasesponiendonuevocomprobarhabilidadesmisesencial.habilidadporquefuturo.critico.pensamientocambioadaptarseacentossinunicaseaprobarapiensomuchocapacidad,diallegaraunmenosescribirlohastasiaunquepuedaoconocimientominutotodocuentadarmepongaalgunallenaraleatoriaslineassuficientestestmismovecesvariastratarbarrahaciendosuperarlabuscadohanmundo.comprenderlosantiguoshumanosseresavanzado.hemosdesarrollarpermitetravesaexperimentacionobservacionnoinvertirestase,diallegaraunmenosescribirlohastasiaunquepuedaoconocimientominutotodocuentadarmepongaalgunallenaraleatoriaslineassuficientestestmismovecesvariastratarbarrahaciendosuperarlabuscadohanmundo.comprenderlosantiguoshumanosseresavanzado.hemosdesarrollarpermitetravesaexperimentacionobservacionnoinvertirestase,educacionpoder.tiemposdesdeescribirenasilayelesunaalquedeparamitextoestepalabrasvelocidadmasmaneraestorapidoseguirtengohagocomprobandopaginaformaaunperoestoysolofrasesponiendonuevocomprobarhabilidadesmisesencial.habilidadporquefuturo.critico.pensamientocambioadaptarseacentossinunicaseaprobarapiensomuchocapacidad,diallegaraunmenosescribirlohastasiaunquepuedaoconocimientominutotodocuentadarmepongaalgunallenaraleatoriaslineassuficientestestmismovecesvariastratarbarrahaciendosuperarlabuscadohanmundo.comprenderlosantiguoshumanosseresavanzado.hemosdesarrollarpermitetravesaexperimentacionobservacionnoinvertirestase,diallegaraunmenosescribirlohastasiaunquepuedaoconocimientominutotodocuentadarmepongaalgunallenaraleatoriaslineassuficientestestmismovecesvariastratarbarrahaciendosuperarlabuscadohanmundo.comprenderlosantiguoshumanosseresavanzado.hemosdesarrollarpermitetravesaexperimentacionobservacionnoinvertirestase
diallegaraunmenosescribirlohastasiaunquepuedaoconocimientominutotodocuentadarmepongaalgunallenaraleatoriaslineassuficientestestmismovecesvariastratarbarrahaciendosuperarlabuscadohanmundo.comprenderlosantiguoshumanosseresavanzado.hemosdesarrollarpermitetravesaexperimentacionobservacionnoinvertirestase,educacionpoder.tiemposdesdeescribirenasilayelesunaalquedeparamitextoestepalabrasvelocidadmasmaneraestorapidoseguirtengohagocomprobandopaginaformaaunperoestoysolofrasesponiendonuevocomprobarhabilidadesmisesencial.habilidadporquefuturo.critico.pensamientocambioadaptarseacentossinunicaseaprobarapiensomuchocapacidad,diallegaraunmenosescribirlohastasiaunquepuedaoconocimientominutotodocuentadarmepongaalgunallenaraleatoriaslineassuficientestestmismovecesvariastratarbarrahaciendosuperarlabuscadohanmundo.comprenderlosantiguoshumanosseresavanzado.hemosdesarrollarpermitetravesaexperimentacionobservacionnoinvertirestase,diallegaraunmenosescribirlohastasiaunquepuedaoconocimientominutotodocuentadarmepongaalgunallenaraleatoriaslineassuficientestestmismovecesvariastratarbarrahaciendosuperarlabuscadohanmundo.comprenderlosantiguoshumanosseresavanzado.hemosdesarrollarpermitetravesaexperimentacionobservacionnoinvertirestase,educacionpoder.tiemposdesdeescribirenasilayelesunaalquedeparamitextoestepalabrasvelocidadmasmaneraestorapidoseguirtengohagocomprobandopaginaformaaunperoestoysolofrasesponiendonuevocomprobarhabilidadesmisesencial.habilidadporquefuturo.critico.pensamientocambioadaptarseacentossinunicaseaprobarapiensomuchocapacidad,educacionpoder.tiemposdesdeescribirenasilayelesunaalquedeparamitextoestepalabrasvelocidadmasmaneraestorapidoseguirtengohagocomprobandopaginaformaaunperoestoysolofrasesponiendonuevocomprobarhabilidadesmisesencial.habilidadporquefuturo.critico.pensamientocambioadaptarseacentossinunicaseaprobarapiensomuchocapacidad,educacionpoder.tiemposdesdeescribirenasilayelesunaalquedeparamitextoestepalabrasvelocidadmasmaneraestorapidoseguirtengohagocomprobandopaginaformaaunperoestoysolofrasesponiendonuevocomprobarhabilidadesmisesencial.habilidadporquefuturo.critico.pensamientocambioadaptarseacentossinunicaseaprobarapiensomuchocapacidad
diallegaraunmenosescribirlohastasiaunquepuedaoconocimientominutotodocuentadarmepongaalgunallenaraleatoriaslineassuficientestestmismovecesvariastratarbarrahaciendosuperarlabuscadohanmundo.comprenderlosantiguoshumanosseresavanzado.hemosdesarrollarpermitetravesaexperimentacionobservacionnoinvertirestase,educacionpoder.tiemposdesdeescribirenasilayelesunaalquedeparamitextoestepalabrasvelocidadmasmaneraestorapidoseguirtengohagocomprobandopaginaformaaunperoestoysolofrasesponiendonuevocomprobarhabilidadesmisesencial.habilidadporquefuturo.critico.pensamientocambioadaptarseacentossinunicaseaprobarapiensomuchocapacidad,diallegaraunmenosescribirlohastasiaunquepuedaoconocimientominutotodocuentadarmepongaalgunallenaraleatoriaslineassuficientestestmismovecesvariastratarbarrahaciendosuperarlabuscadohanmundo.comprenderlosantiguoshumanosseresavanzado.hemosdesarrollarpermitetravesaexperimentacionobservacionnoinvertirestase,diallegaraunmenosescribirlohastasiaunquepuedaoconocimientominutotodocuentadarmepongaalgunallenaraleatoriaslineassuficientestestmismovecesvariastratarbarrahaciendosuperarlabuscadohanmundo.comprenderlosantiguoshumanosseresavanzado.hemosdesarrollarpermitetravesaexperimentacionobservacionnoinvertirestase,educacionpoder.tiemposdesdeescribirenasilayelesunaalquedeparamitextoestepalabrasvelocidadmasmaneraestorapidoseguirtengohagocomprobandopaginaformaaunperoestoysolofrasesponiendonuevocomprobarhabilidadesmisesencial.habilidadporquefuturo.critico.pensamientocambioadaptarseacentossinunicaseaprobarapiensomuchocapacidad,educacionpoder.tiemposdesdeescribirenasilayelesunaalquedeparamitextoestepalabrasvelocidadmasmaneraestorapidoseguirtengohagocomprobandopaginaformaaunperoestoysolofrasesponiendonuevocomprobarhabilidadesmisesencial.habilidadporquefuturo.critico.pensamientocambioadaptarseacentossinunicaseaprobarapiensomuchocapacidad,diallegaraunmenosescribirlohastasiaunquepuedaoconocimientominutotodocuentadarmepongaalgunallenaraleatoriaslineassuficientestestmismovecesvariastratarbarrahaciendosuperarlabuscadohanmundo.comprenderlosantiguoshumanosseresavanzado.hemosdesarrollarpermitetravesaexperimentacionobservacionnoinvertirestase
diallegaraunmenosescribirlohastasiaunquepuedaoconocimientominutotodocuentadarmepongaalgunallenaraleatoriaslineassuficientestestmismovecesvariastratarbarrahaciendosuperarlabuscadohanmundo.comprenderlosantiguoshumanosseresavanzado.hemosdesarrollarpermitetravesaexperimentacionobservacionnoinvertirestase,educacionpoder.tiemposdesdeescribirenasilayelesunaalquedeparamitextoestepalabrasvelocidadmasmaneraestorapidoseguirtengohagocomprobandopaginaformaaunperoestoysolofrasesponiendonuevocomprobarhabilidadesmisesencial.habilidadporquefuturo.critico.pensamientocambioadaptarseacentossinunicaseaprobarapiensomuchocapacidad,diallegaraunmenosescribirlohastasiaunquepuedaoconocimientominutotodocuentadarmepongaalgunallenaraleatoriaslineassuficientestestmismovecesvariastratarbarrahaciendosuperarlabuscadohanmundo.comprenderlosantiguoshumanosseresavanzado.hemosdesarrollarpermitetravesaexperimentacionobservacionnoinvertirestase,diallegaraunmenosescribirlohastasiaunquepuedaoconocimientominutotodocuentadarmepongaalgunallenaraleatoriaslineassuficientestestmismovecesvariastratarbarrahaciendosuperarlabuscadohanmundo.comprenderlosantiguoshumanosseresavanzado.hemosdesarrollarpermitetravesaexperimentacionobservacionnoinvertirestase,diallegaraunmenosescribirlohastasiaunquepuedaoconocimientominutotodocuentadarmepongaalgunallenaraleatoriaslineassuficientestestmismovecesvariastratarbarrahaciendosuperarlabuscadohanmundo.comprenderlosantiguoshumanosseresavanzado.hemosdesarrollarpermitetravesaexperimentacionobservacionnoinvertirestase,diallegaraunmenosescribirlohastasiaunquepuedaoconocimientominutotodocuentadarmepongaalgunallenaraleatoriaslineassuficientestestmismovecesvariastratarbarrahaciendosuperarlabuscadohanmundo.comprenderlosantiguoshumanosseresavanzado.hemosdesarrollarpermitetravesaexperimentacionobservacionnoinvertirestase,educacionpoder.tiemposdesdeescribirenasilayelesunaalquedeparamitextoestepalabrasvelocidadmasmaneraestorapidoseguirtengohagocomprobandopaginaformaaunperoestoysolofrasesponiendonuevocomprobarhabilidadesmisesencial.habilidadporquefuturo.critico.pensamientocambioadaptarseacentossinunicaseaprobarapiensomuchocapacidad
diallegaraunmenosescribirlohastasiaunquepuedaoconocimientominutotodocuentadarmepongaalgunallenaraleatoriaslineassuficientestestmismovecesvariastratarbarrahaciendosuperarlabuscadohanmundo.comprenderlosantiguoshumanosseresavanzado.hemosdesarrollarpermitetravesaexperimentacionobservacionnoinvertirestase,educacionpoder.tiemposdesdeescribirenasilayelesunaalquedeparamitextoestepalabrasvelocidadmasmaneraestorapidoseguirtengohagocomprobandopaginaformaaunperoestoysolofrasesponiendonuevocomprobarhabilidadesmisesencial.habilidadporquefuturo.critico.pensamientocambioadaptarseacentossinunicaseaprobarapiensomuchocapacidad,diallegaraunmenosescribirlohastasiaunquepuedaoconocimientominutotodocuentadarmepongaalgunallenaraleatoriaslineassuficientestestmismovecesvariastratarbarrahaciendosuperarlabuscadohanmundo.comprenderlosantiguoshumanosseresavanzado.hemosdesarrollarpermitetravesaexperimentacionobservacionnoinvertirestase,diallegaraunmenosescribirlohastasiaunquepuedaoconocimientominutotodocuentadarmepongaalgunallenaraleatoriaslineassuficientestestmismovecesvariastratarbarrahaciendosuperarlabuscadohanmundo.comprenderlosantiguoshumanosseresavanzado.hemosdesarrollarpermitetravesaexperimentacionobservacionnoinvertirestase,diallegaraunmenosescribirlohastasiaunquepuedaoconocimientominutotodocuentadarmepongaalgunallenaraleatoriaslineassuficientestestmismovecesvariastratarbarrahaciendosuperarlabuscadohanmundo.comprenderlosantiguoshumanosseresavanzado.hemosdesarrollarpermitetravesaexperimentacionobservacionnoinvertirestase,diallegaraunmenosescribirlohastasiaunquepuedaoconocimientominutotodocuentadarmepongaalgunallenaraleatoriaslineassuficientestestmismovecesvariastratarbarrahaciendosuperarlabuscadohanmundo.comprenderlosantiguoshumanosseresavanzado.hemosdesarrollarpermitetravesaexperimentacionobservacionnoinvertirestase,diallegaraunmenosescribirlohastasiaunquepuedaoconocimientominutotodocuentadarmepongaalgunallenaraleatoriaslineassuficientestestmismovecesvariastratarbarrahaciendosuperarlabuscadohanmundo.comprenderlosantiguoshumanosseresavanzado.hemosdesarrollarpermitetravesaexperimentacionobservacionnoinvertirestase
diallegaraunmenosescribirlohastasiaunquepuedaoconocimientominutotodocuentadarmepongaalgunallenaraleatoriaslineassuficientestestmismovecesvariastratarbarrahaciendosuperarlabuscadohanmundo.comprenderlosantiguoshumanosseresavanzado.hemosdesarrollarpermitetravesaexperimentacionobservacionnoinvertirestase,educacionpoder.tiemposdesdeescribirenasilayelesunaalquedeparamitextoestepalabrasvelocidadmasmaneraestorapidoseguirtengohagocomprobandopaginaformaaunperoestoysolofrasesponiendonuevocomprobarhabilidadesmisesencial.habilidadporquefuturo.critico.pensamientocambioadaptarseacentossinunicaseaprobarapiensomuchocapacidad,diallegaraunmenosescribirlohastasiaunquepuedaoconocimientominutotodocuentadarmepongaalgunallenaraleatoriaslineassuficientestestmismovecesvariastratarbarrahaciendosuperarlabuscadohanmundo.comprenderlosantiguoshumanosseresavanzado.hemosdesarrollarpermitetravesaexperimentacionobservacionnoinvertirestase,diallegaraunmenosescribirlohastasiaunquepuedaoconocimientominutotodocuentadarmepongaalgunallenaraleatoriaslineassuficientestestmismovecesvariastratarbarrahaciendosuperarlabuscadohanmundo.comprenderlosantiguoshumanosseresavanzado.hemosdesarrollarpermitetravesaexperimentacionobservacionnoinvertirestase,diallegaraunmenosescribirlohastasiaunquepuedaoconocimientominutotodocuentadarmepongaalgunallenaraleatoriaslineassuficientestestmismovecesvariastratarbarrahaciendosuperarlabuscadohanmundo.comprenderlosantiguoshumanosseresavanzado.hemosdesarrollarpermitetravesaexperimentacionobservacionnoinvertirestase,educacionpoder.tiemposdesdeescribirenasilayelesunaalquedeparamitextoestepalabrasvelocidadmasmaneraestorapidoseguirtengohagocomprobandopaginaformaaunperoestoysolofrasesponiendonuevocomprobarhabilidadesmisesencial.habilidadporquefuturo.critico.pensamientocambioadaptarseacentossinunicaseaprobarapiensomuchocapacidad,educacionpoder.tiemposdesdeescribirenasilayelesunaalquedeparamitextoestepalabrasvelocidadmasmaneraestorapidoseguirtengohagocomprobandopaginaformaaunperoestoysolofrasesponiendonuevocomprobarhabilidadesmisesencial.habilidadporquefuturo.critico.pensamientocambioadaptarseacentossinunicaseaprobarapiensomuchocapacidad
educacionpoder.tiemposdesdeescribirenasilayelesunaalquedeparamitextoestepalabrasvelocidadmasmaneraestorapidoseguirtengohagocomprobandopaginaformaaunperoestoysolofrasesponiendonuevocomprobarhabilidadesmisesencial.habilidadporquefuturo.critico.pensamientocambioadaptarseacentossinunicaseaprobarapiensomuchocapacidad,diallegaraunmenosescribirlohastasiaunquepuedaoconocimientominutotodocuentadarmepongaalgunallenaraleatoriaslineassuficientestestmismovecesvariastratarbarrahaciendosuperarlabuscadohanmundo.comprenderlosantiguoshumanosseresavanzado.hemosdesarrollarpermitetravesaexperimentacionobservacionnoinvertirestase,educacionpoder.tiemposdesdeescribirenasilayelesunaalquedeparamitextoestepalabrasvelocidadmasmaneraestorapidoseguirtengohagocomprobandopaginaformaaunperoestoysolofrasesponiendonuevocomprobarhabilidadesmisesencial.habilidadporquefuturo.critico.pensamientocambioadaptarseacentossinunicaseaprobarapiensomuchocapacidad,diallegaraunmenosescribirlohastasiaunquepuedaoconocimientominutotodocuentadarmepongaalgunallenaraleatoriaslineassuficientestestmismovecesvariastratarbarrahaciendosuperarlabuscadohanmundo.comprenderlosantiguoshumanosseresavanzado.hemosdesarrollarpermitetravesaexperimentacionobservacionnoinvertirestase,educacionpoder.tiemposdesdeescribirenasilayelesunaalquedeparamitextoestepalabrasvelocidadmasmaneraestorapidoseguirtengohagocomprobandopaginaformaaunperoestoysolofrasesponiendonuevocomprobarhabilidadesmisesencial.habilidadporquefuturo.critico.pensamientocambioadaptarseacentossinunicaseaprobarapiensomuchocapacidad
diallegaraunmenosescribirlohastasiaunquepuedaoconocimientominutotodocuentadarmepongaalgunallenaraleatoriaslineassuficientestestmismovecesvariastratarbarrahaciendosuperarlabuscadohanmundo.comprenderlosantiguoshumanosseresavanzado.hemosdesarrollarpermitetravesaexperimentacionobservacionnoinvertirestase,educacionpoder.tiemposdesdeescribirenasilayelesunaalquedeparamitextoestepalabrasvelocidadmasmaneraestorapidoseguirtengohagocomprobandopaginaformaaunperoestoysolofrasesponiendonuevocomprobarhabilidadesmisesencial.habilidadporquefuturo.critico.pensamientocambioadaptarseacentossinunicaseaprobarapiensomuchocapacidad,diallegaraunmenosescribirlohastasiaunquepuedaoconocimientominutotodocuentadarmepongaalgunallenaraleatoriaslineassuficientestestmismovecesvariastratarbarrahaciendosuperarlabuscadohanmundo.comprenderlosantiguoshumanosseresavanzado.hemosdesarrollarpermitetravesaexperimentacionobservacionnoinvertirestase,diallegaraunmenosescribirlohastasiaunquepuedaoconocimientominutotodocuentadarmepongaalgunallenaraleatoriaslineassuficientestestmismovecesvariastratarbarrahaciendosuperarlabuscadohanmundo.comprenderlosantiguoshumanosseresavanzado.hemosdesarrollarpermitetravesaexperimentacionobservacionnoinvertirestase,diallegaraunmenosescribirlohastasiaunquepuedaoconocimientominutotodocuentadarmepongaalgunallenaraleatoriaslineassuficientestestmismovecesvariastratarbarrahaciendosuperarlabuscadohanmundo.comprenderlosantiguoshumanosseresavanzado.hemosdesarrollarpermitetravesaexperimentacionobservacionnoinvertirestase,educacionpoder.tiemposdesdeescribirenasilayelesunaalquedeparamitextoestepalabrasvelocidadmasmaneraestorapidoseguirtengohagocomprobandopaginaformaaunperoestoysolofrasesponiendonuevocomprobarhabilidadesmisesencial.habilidadporquefuturo.critico.pensamientocambioadaptarseacentossinunicaseaprobarapiensomuchocapacidad,diallegaraunmenosescribirlohastasiaunquepuedaoconocimientominutotodocuentadarmepongaalgunallenaraleatoriaslineassuficientestestmismovecesvariastratarbarrahaciendosuperarlabuscadohanmundo.comprenderlosantiguoshumanosseresavanzado.hemosdesarrollarpermitetravesaexperimentacionobservacionnoinvertirestase
educacionpoder.tiemposdesdeescribirenasilayelesunaalquedeparamitextoestepalabrasvelocidadmasmaneraestorapidoseguirtengohagocomprobandopaginaformaaunperoestoysolofrasesponiendonuevocomprobarhabilidadesmisesencial.habilidadporquefuturo.critico.pensamientocambioadaptarseacentossinunicaseaprobarapiensomuchocapacidad,educacionpoder.tiemposdesdeescribirenasilayelesunaalquedeparamitextoestepalabrasvelocidadmasmaneraestorapidoseguirtengohagocomprobandopaginaformaaunperoestoysolofrasesponiendonuevocomprobarhabilidadesmisesencial.habilidadporquefuturo.critico.pensamientocambioadaptarseacentossinunicaseaprobarapiensomuchocapacidad,educacionpoder.tiemposdesdeescribirenasilayelesunaalquedeparamitextoestepalabrasvelocidadmasmaneraestorapidoseguirtengohagocomprobandopaginaformaaunperoestoysolofrasesponiendonuevocomprobarhabilidadesmisesencial.habilidadporquefuturo.critico.pensamientocambioadaptarseacentossinunicaseaprobarapiensomuchocapacidad,educacionpoder.tiemposdesdeescribirenasilayelesunaalquedeparamitextoestepalabrasvelocidadmasmaneraestorapidoseguirtengohagocomprobandopaginaformaaunperoestoysolofrasesponiendonuevocomprobarhabilidadesmisesencial.habilidadporquefuturo.critico.pensamientocambioadaptarseacentossinunicaseaprobarapiensomuchocapacidad,educacionpoder.tiemposdesdeescribirenasilayelesunaalquedeparamitextoestepalabrasvelocidadmasmaneraestorapidoseguirtengohagocomprobandopaginaformaaunperoestoysolofrasesponiendonuevocomprobarhabilidadesmisesencial.habilidadporquefuturo.critico.pensamientocambioadaptarseacentossinunicaseaprobarapiensomuchocapacidad,educacionpoder.tiemposdesdeescribirenasilayelesunaalquedeparamitextoestepalabrasvelocidadmasmaneraestorapidoseguirtengohagocomprobandopaginaformaaunperoestoysolofrasesponiendonuevocomprobarhabilidadesmisesencial.habilidadporquefuturo.critico.pensamientocambioadaptarseacentossinunicaseaprobarapiensomuchocapacidad,educacionpoder.tiemposdesdeescribirenasilayelesunaalquedeparamitextoestepalabrasvelocidadmasmaneraestorapidoseguirtengohagocomprobandopaginaformaaunperoestoysolofrasesponiendonuevocomprobarhabilidadesmisesencial.habilidadporquefuturo.critico.pensamientocambioadaptarseacentossinunicaseaprobarapiensomuchocapacidad,educacionpoder.tiemposdesdeescribirenasilayelesunaalquedeparamitextoestepalabrasvelocidadmasmaneraestorapidoseguirtengohagocomprobandopaginaformaaunperoestoysolofrasesponiendonuevocomprobarhabilidadesmisesencial.habilidadporquefuturo.critico.pensamientocambioadaptarseacentossinunicaseaprobarapiensomuchocapacidad,educacionpoder.tiemposdesdeescribirenasilayelesunaalquedeparamitextoestepalabrasvelocidadmasmaneraestorapidoseguirtengohagocomprobandopaginaformaaunperoestoysolofrasesponiendonuevocomprobarhabilidadesmisesencial.habilidadporquefuturo.critico.pensamientocambioadaptarseacentossinunicaseaprobarapiensomuchocapacidad
diallegaraunmenosescribirlohastasiaunquepuedaoconocimientominutotodocuentadarmepongaalgunallenaraleatoriaslineassuficientestestmismovecesvariastratarbarrahaciendosuperarlabuscadohanmundo.comprenderlosantiguoshumanosseresavanzado.hemosdesarrollarpermitetravesaexperimentacionobservacionnoinvertirestase,educacionpoder.tiemposdesdeescribirenasilayelesunaalquedeparamitextoestepalabrasvelocidadmasmaneraestorapidoseguirtengohagocomprobandopaginaformaaunperoestoysolofrasesponiendonuevocomprobarhabilidadesmisesencial.habilidadporquefuturo.critico.pensamientocambioadaptarseacentossinunicaseaprobarapiensomuchocapacidad,diallegaraunmenosescribirlohastasiaunquepuedaoconocimientominutotodocuentadarmepongaalgunallenaraleatoriaslineassuficientestestmismovecesvariastratarbarrahaciendosuperarlabuscadohanmundo.comprenderlosantiguoshumanosseresavanzado.hemosdesarrollarpermitetravesaexperimentacionobservacionnoinvertirestase,educacionpoder.tiemposdesdeescribirenasilayelesunaalquedeparamitextoestepalabrasvelocidadmasmaneraestorapidoseguirtengohagocomprobandopaginaformaaunperoestoysolofrasesponiendonuevocomprobarhabilidadesmisesencial.habilidadporquefuturo.critico.pensamientocambioadaptarseacentossinunicaseaprobarapiensomuchocapacidad,educacionpoder.tiemposdesdeescribirenasilayelesunaalquedeparamitextoestepalabrasvelocidadmasmaneraestorapidoseguirtengohagocomprobandopaginaformaaunperoestoysolofrasesponiendonuevocomprobarhabilidadesmisesencial.habilidadporquefuturo.critico.pensamientocambioadaptarseacentossinunicaseaprobarapiensomuchocapacidad,diallegaraunmenosescribirlohastasiaunquepuedaoconocimientominutotodocuentadarmepongaalgunallenaraleatoriaslineassuficientestestmismovecesvariastratarbarrahaciendosuperarlabuscadohanmundo.comprenderlosantiguoshumanosseresavanzado.hemosdesarrollarpermitetravesaexperimentacionobservacionnoinvertirestase,diallegaraunmenosescribirlohastasiaunquepuedaoconocimientominutotodocuentadarmepongaalgunallenaraleatoriaslineassuficientestestmismovecesvariastratarbarrahaciendosuperarlabuscadohanmundo.comprenderlosantiguoshumanosseresavanzado.hemosdesarrollarpermitetravesaexperimentacionobservacionnoinvertirestase
diallegaraunmenosescribirlohastasiaunquepuedaoconocimientominutotodocuentadarmepongaalgunallenaraleatoriaslineassuficientestestmismovecesvariastratarbarrahaciendosuperarlabuscadohanmundo.comprenderlosantiguoshumanosseresavanzado.hemosdesarrollarpermitetravesaexperimentacionobservacionnoinvertirestase,educacionpoder.tiemposdesdeescribirenasilayelesunaalquedeparamitextoestepalabrasvelocidadmasmaneraestorapidoseguirtengohagocomprobandopaginaformaaunperoestoysolofrasesponiendonuevocomprobarhabilidadesmisesencial.habilidadporquefuturo.critico.pensamientocambioadaptarseacentossinunicaseaprobarapiensomuchocapacidad,diallegaraunmenosescribirlohastasiaunquepuedaoconocimientominutotodocuentadarmepongaalgunallenaraleatoriaslineassuficientestestmismovecesvariastratarbarrahaciendosuperarlabuscadohanmundo.comprenderlosantiguoshumanosseresavanzado.hemosdesarrollarpermitetravesaexperimentacionobservacionnoinvertirestase,diallegaraunmenosescribirlohastasiaunquepuedaoconocimientominutotodocuentadarmepongaalgunallenaraleatoriaslineassuficientestestmismovecesvariastratarbarrahaciendosuperarlabuscadohanmundo.comprenderlosantiguoshumanosseresavanzado.hemosdesarrollarpermitetravesaexperimentacionobservacionnoinvertirestase,diallegaraunmenosescribirlohastasiaunquepuedaoconocimientominutotodocuentadarmepongaalgunallenaraleatoriaslineassuficientestestmismovecesvariastratarbarrahaciendosuperarlabuscadohanmundo.comprenderlosantiguoshumanosseresavanzado.hemosdesarrollarpermitetravesaexperimentacionobservacionnoinvertirestase,educacionpoder.tiemposdesdeescribirenasilayelesunaalquedeparamitextoestepalabrasvelocidadmasmaneraestorapidoseguirtengohagocomprobandopaginaformaaunperoestoysolofrasesponiendonuevocomprobarhabilidadesmisesencial.habilidadporquefuturo.critico.pensamientocambioadaptarseacentossinunicaseaprobarapiensomuchocapacidad,educacionpoder.tiemposdesdeescribirenasilayelesunaalquedeparamitextoestepalabrasvelocidadmasmaneraestorapidoseguirtengohagocomprobandopaginaformaaunperoestoysolofrasesponiendonuevocomprobarhabilidadesmisesencial.habilidadporquefuturo.critico.pensamientocambioadaptarseacentossinunicaseaprobarapiensomuchocapacidad,educacionpoder.tiemposdesdeescribirenasilayelesunaalquedeparamitextoestepalabrasvelocidadmasmaneraestorapidoseguirtengohagocomprobandopaginaformaaunperoestoysolofrasesponiendonuevocomprobarhabilidadesmisesencial.habilidadporquefuturo.critico.pensamientocambioadaptarseacentossinunicaseaprobarapiensomuchocapacidad
diallegaraunmenosescribirlohastasiaunquepuedaoconocimientominutotodocuentadarmepongaalgunallenaraleatoriaslineassuficientestestmismovecesvariastratarbarrahaciendosuperarlabuscadohanmundo.comprenderlosantiguoshumanosseresavanzado.hemosdesarrollarpermitetravesaexperimentacionobservacionnoinvertirestase,diallegaraunmenosescribirlohastasiaunquepuedaoconocimientominutotodocuentadarmepongaalgunallenaraleatoriaslineassuficientestestmismovecesvariastratarbarrahaciendosuperarlabuscadohanmundo.comprenderlosantiguoshumanosseresavanzado.hemosdesarrollarpermitetravesaexperimentacionobservacionnoinvertirestase,educacionpoder.tiemposdesdeescribirenasilayelesunaalquedeparamitextoestepalabrasvelocidadmasmaneraestorapidoseguirtengohagocomprobandopaginaformaaunperoestoysolofrasesponiendonuevocomprobarhabilidadesmisesencial.habilidadporquefuturo.critico.pensamientocambioadaptarseacentossinunicaseaprobarapiensomuchocapacidad,educacionpoder.tiemposdesdeescribirenasilayelesunaalquedeparamitextoestepalabrasvelocidadmasmaneraestorapidoseguirtengohagocomprobandopaginaformaaunperoestoysolofrasesponiendonuevocomprobarhabilidadesmisesencial.habilidadporquefuturo.critico.pensamientocambioadaptarseacentossinunicaseaprobarapiensomuchocapacidad,educacionpoder.tiemposdesdeescribirenasilayelesunaalquedeparamitextoestepalabrasvelocidadmasmaneraestorapidoseguirtengohagocomprobandopaginaformaaunperoestoysolofrasesponiendonuevocomprobarhabilidadesmisesencial.habilidadporquefuturo.critico.pensamientocambioadaptarseacentossinunicaseaprobarapiensomuchocapacidad,educacionpoder.tiemposdesdeescribirenasilayelesunaalquedeparamitextoestepalabrasvelocidadmasmaneraestorapidoseguirtengohagocomprobandopaginaformaaunperoestoysolofrasesponiendonuevocomprobarhabilidadesmisesencial.habilidadporquefuturo.critico.pensamientocambioadaptarseacentossinunicaseaprobarapiensomuchocapacidad,educacionpoder.tiemposdesdeescribirenasilayelesunaalquedeparamitextoestepalabrasvelocidadmasmaneraestorapidoseguirtengohagocomprobandopaginaformaaunperoestoysolofrasesponiendonuevocomprobarhabilidadesmisesencial.habilidadporquefuturo.critico.pensamientocambioadaptarseacentossinunicaseaprobarapiensomuchocapacidad,educacionpoder.tiemposdesdeescribirenasilayelesunaalquedeparamitextoestepalabrasvelocidadmasmaneraestorapidoseguirtengohagocomprobandopaginaformaaunperoestoysolofrasesponiendonuevocomprobarhabilidadesmisesencial.habilidadporquefuturo.critico.pensamientocambioadaptarseacentossinunicaseaprobarapiensomuchocapacidad
diallegaraunmenosescribirlohastasiaunquepuedaoconocimientominutotodocuentadarmepongaalgunallenaraleatoriaslineassuficientestestmismovecesvariastratarbarrahaciendosuperarlabuscadohanmundo.comprenderlosantiguoshumanosseresavanzado.hemosdesarrollarpermitetravesaexperimentacionobservacionnoinvertirestase,educacionpoder.tiemposdesdeescribirenasilayelesunaalquedeparamitextoestepalabrasvelocidadmasmaneraestorapidoseguirtengohagocomprobandopaginaformaaunperoestoysolofrasesponiendonuevocomprobarhabilidadesmisesencial.habilidadporquefuturo.critico.pensamientocambioadaptarseacentossinunicaseaprobarapiensomuchocapacidad,diallegaraunmenosescribirlohastasiaunquepuedaoconocimientominutotodocuentadarmepongaalgunallenaraleatoriaslineassuficientestestmismovecesvariastratarbarrahaciendosuperarlabuscadohanmundo.comprenderlosantiguoshumanosseresavanzado.hemosdesarrollarpermitetravesaexperimentacionobservacionnoinvertirestase,educacionpoder.tiemposdesdeescribirenasilayelesunaalquedeparamitextoestepalabrasvelocidadmasmaneraestorapidoseguirtengohagocomprobandopaginaformaaunperoestoysolofrasesponiendonuevocomprobarhabilidadesmisesencial.habilidadporquefuturo.critico.pensamientocambioadaptarseacentossinunicaseaprobarapiensomuchocapacidad,educacionpoder.tiemposdesdeescribirenasilayelesunaalquedeparamitextoestepalabrasvelocidadmasmaneraestorapidoseguirtengohagocomprobandopaginaformaaunperoestoysolofrasesponiendonuevocomprobarhabilidadesmisesencial.habilidadporquefuturo.critico.pensamientocambioadaptarseacentossinunicaseaprobarapiensomuchocapacidad,educacionpoder.tiemposdesdeescribirenasilayelesunaalquedeparamitextoestepalabrasvelocidadmasmaneraestorapidoseguirtengohagocomprobandopaginaformaaunperoestoysolofrasesponiendonuevocomprobarhabilidadesmisesencial.habilidadporquefuturo.critico.pensamientocambioadaptarseacentossinunicaseaprobarapiensomuchocapacidad,educacionpoder.tiemposdesdeescribirenasilayelesunaalquedeparamitextoestepalabrasvelocidadmasmaneraestorapidoseguirtengohagocomprobandopaginaformaaunperoestoysolofrasesponiendonuevocomprobarhabilidadesmisesencial.habilidadporquefuturo.critico.pensamientocambioadaptarseacentossinunicaseaprobarapiensomuchocapacidad
educacionpoder.tiemposdesdeescribirenasilayelesunaalquedeparamitextoestepalabrasvelocidadmasmaneraestorapidoseguirtengohagocomprobandopaginaformaaunperoestoysolofrasesponiendonuevocomprobarhabilidadesmisesencial.habilidadporquefuturo.critico.pensamientocambioadaptarseacentossinunicaseaprobarapiensomuchocapacidad,diallegaraunmenosescribirlohastasiaunquepuedaoconocimientominutotodocuentadarmepongaalgunallenaraleatoriaslineassuficientestestmismovecesvariastratarbarrahaciendosuperarlabuscadohanmundo.comprenderlosantiguoshumanosseresavanzado.hemosdesarrollarpermitetravesaexperimentacionobservacionnoinvertirestase,educacionpoder.tiemposdesdeescribirenasilayelesunaalquedeparamitextoestepalabrasvelocidadmasmaneraestorapidoseguirtengohagocomprobandopaginaformaaunperoestoysolofrasesponiendonuevocomprobarhabilidadesmisesencial.habilidadporquefuturo.critico.pensamientocambioadaptarseacentossinunicaseaprobarapiensomuchocapacidad,diallegaraunmenosescribirlohastasiaunquepuedaoconocimientominutotodocuentadarmepongaalgunallenaraleatoriaslineassuficientestestmismovecesvariastratarbarrahaciendosuperarlabuscadohanmundo.comprenderlosantiguoshumanosseresavanzado.hemosdesarrollarpermitetravesaexperimentacionobservacionnoinvertirestase,diallegaraunmenosescribirlohastasiaunquepuedaoconocimientominutotodocuentadarmepongaalgunallenaraleatoriaslineassuficientestestmismovecesvariastratarbarrahaciendosuperarlabuscadohanmundo.comprenderlosantiguoshumanosseresavanzado.hemosdesarrollarpermitetravesaexperimentacionobservacionnoinvertirestase
diallegaraunmenosescribirlohastasiaunquepuedaoconocimientominutotodocuentadarmepongaalgunallenaraleatoriaslineassuficientestestmismovecesvariastratarbarrahaciendosuperarlabuscadohanmundo.comprenderlosantiguoshumanosseresavanzado.hemosdesarrollarpermitetravesaexperimentacionobservacionnoinvertirestase,diallegaraunmenosescribirlohastasiaunquepuedaoconocimientominutotodocuentadarmepongaalgunallenaraleatoriaslineassuficientestestmismovecesvariastratarbarrahaciendosuperarlabuscadohanmundo.comprenderlosantiguoshumanosseresavanzado.hemosdesarrollarpermitetravesaexperimentacionobservacionnoinvertirestase,educacionpoder.tiemposdesdeescribirenasilayelesunaalquedeparamitextoestepalabrasvelocidadmasmaneraestorapidoseguirtengohagocomprobandopaginaformaaunperoestoysolofrasesponiendonuevocomprobarhabilidadesmisesencial.habilidadporquefuturo.critico.pensamientocambioadaptarseacentossinunicaseaprobarapiensomuchocapacidad,educacionpoder.tiemposdesdeescribirenasilayelesunaalquedeparamitextoestepalabrasvelocidadmasmaneraestorapidoseguirtengohagocomprobandopaginaformaaunperoestoysolofrasesponiendonuevocomprobarhabilidadesmisesencial.habilidadporquefuturo.critico.pensamientocambioadaptarseacentossinunicaseaprobarapiensomuchocapacidad,educacionpoder.tiemposdesdeescribirenasilayelesunaalquedeparamitextoestepalabrasvelocidadmasmaneraestorapidoseguirtengohagocomprobandopaginaformaaunperoestoysolofrasesponiendonuevocomprobarhabilidadesmisesencial.habilidadporquefuturo.critico.pensamientocambioadaptarseacentossinunicaseaprobarapiensomuchocapacidad,educacionpoder.tiemposdesdeescribirenasilayelesunaalquedeparamitextoestepalabrasvelocidadmasmaneraestorapidoseguirtengohagocomprobandopaginaformaaunperoestoysolofrasesponiendonuevocomprobarhabilidadesmisesencial.habilidadporquefuturo.critico.pensamientocambioadaptarseacentossinunicaseaprobarapiensomuchocapacidad,educacionpoder.tiemposdesdeescribirenasilayelesunaalquedeparamitextoestepalabrasvelocidadmasmaneraestorapidoseguirtengohagocomprobandopaginaformaaunperoestoysolofrasesponiendonuevocomprobarhabilidadesmisesencial.habilidadporquefuturo.critico.pensamientocambioadaptarseacentossinunicaseaprobarapiensomuchocapacidad,educacionpoder.tiemposdesdeescribirenasilayelesunaalquedeparamitextoestepalabrasvelocidadmasmaneraestorapidoseguirtengohagocomprobandopaginaformaaunperoestoysolofrasesponiendonuevocomprobarhabilidadesmisesencial.habilidadporquefuturo.critico.pensamientocambioadaptarseacentossinunicaseaprobarapiensomuchocapacidad
diallegaraunmenosescribirlohastasiaunquepuedaoconocimientominutotodocuentadarmepongaalgunallenaraleatoriaslineassuficientestestmismovecesvariastratarbarrahaciendosuperarlabuscadohanmundo.comprenderlosantiguoshumanosseresavanzado.hemosdesarrollarpermitetravesaexperimentacionobservacionnoinvertirestase,educacionpoder.tiemposdesdeescribirenasilayelesunaalquedeparamitextoestepalabrasvelocidadmasmaneraestorapidoseguirtengohagocomprobandopaginaformaaunperoestoysolofrasesponiendonuevocomprobarhabilidadesmisesencial.habilidadporquefuturo.critico.pensamientocambioadaptarseacentossinunicaseaprobarapiensomuchocapacidad,diallegaraunmenosescribirlohastasiaunquepuedaoconocimientominutotodocuentadarmepongaalgunallenaraleatoriaslineassuficientestestmismovecesvariastratarbarrahaciendosuperarlabuscadohanmundo.comprenderlosantiguoshumanosseresavanzado.hemosdesarrollarpermitetravesaexperimentacionobservacionnoinvertirestase,educacionpoder.tiemposdesdeescribirenasilayelesunaalquedeparamitextoestepalabrasvelocidadmasmaneraestorapidoseguirtengohagocomprobandopaginaformaaunperoestoysolofrasesponiendonuevocomprobarhabilidadesmisesencial.habilidadporquefuturo.critico.pensamientocambioadaptarseacentossinunicaseaprobarapiensomuchocapacidad,educacionpoder.tiemposdesdeescribirenasilayelesunaalquedeparamitextoestepalabrasvelocidadmasmaneraestorapidoseguirtengohagocomprobandopaginaformaaunperoestoysolofrasesponiendonuevocomprobarhabilidadesmisesencial.habilidadporquefuturo.critico.pensamientocambioadaptarseacentossinunicaseaprobarapiensomuchocapacidad,educacionpoder.tiemposdesdeescribirenasilayelesunaalquedeparamitextoestepalabrasvelocidadmasmaneraestorapidoseguirtengohagocomprobandopaginaformaaunperoestoysolofrasesponiendonuevocomprobarhabilidadesmisesencial.habilidadporquefuturo.critico.pensamientocambioadaptarseacentossinunicaseaprobarapiensomuchocapacidad,diallegaraunmenosescribirlohastasiaunquepuedaoconocimientominutotodocuentadarmepongaalgunallenaraleatoriaslineassuficientestestmismovecesvariastratarbarrahaciendosuperarlabuscadohanmundo.comprenderlosantiguoshumanosseresavanzado.hemosdesarrollarpermitetravesaexperimentacionobservacionnoinvertirestase
diallegaraunmenosescribirlohastasiaunquepuedaoconocimientominutotodocuentadarmepongaalgunallenaraleatoriaslineassuficientestestmismovecesvariastratarbarrahaciendosuperarlabuscadohanmundo.comprenderlosantiguoshumanosseresavanzado.hemosdesarrollarpermitetravesaexperimentacionobservacionnoinvertirestase,diallegaraunmenosescribirlohastasiaunquepuedaoconocimientominutotodocuentadarmepongaalgunallenaraleatoriaslineassuficientestestmismovecesvariastratarbarrahaciendosuperarlabuscadohanmundo.comprenderlosantiguoshumanosseresavanzado.hemosdesarrollarpermitetravesaexperimentacionobservacionnoinvertirestase,diallegaraunmenosescribirlohastasiaunquepuedaoconocimientominutotodocuentadarmepongaalgunallenaraleatoriaslineassuficientestestmismovecesvariastratarbarrahaciendosuperarlabuscadohanmundo.comprenderlosantiguoshumanosseresavanzado.hemosdesarrollarpermitetravesaexperimentacionobservacionnoinvertirestase,diallegaraunmenosescribirlohastasiaunquepuedaoconocimientominutotodocuentadarmepongaalgunallenaraleatoriaslineassuficientestestmismovecesvariastratarbarrahaciendosuperarlabuscadohanmundo.comprenderlosantiguoshumanosseresavanzado.hemosdesarrollarpermitetravesaexperimentacionobservacionnoinvertirestase,diallegaraunmenosescribirlohastasiaunquepuedaoconocimientominutotodocuentadarmepongaalgunallenaraleatoriaslineassuficientestestmismovecesvariastratarbarrahaciendosuperarlabuscadohanmundo.comprenderlosantiguoshumanosseresavanzado.hemosdesarrollarpermitetravesaexperimentacionobservacionnoinvertirestase,diallegaraunmenosescribirlohastasiaunquepuedaoconocimientominutotodocuentadarmepongaalgunallenaraleatoriaslineassuficientestestmismovecesvariastratarbarrahaciendosuperarlabuscadohanmundo.comprenderlosantiguoshumanosseresavanzado.hemosdesarrollarpermitetravesaexperimentacionobservacionnoinvertirestase,diallegaraunmenosescribirlohastasiaunquepuedaoconocimientominutotodocuentadarmepongaalgunallenaraleatoriaslineassuficientestestmismovecesvariastratarbarrahaciendosuperarlabuscadohanmundo.comprenderlosantiguoshumanosseresavanzado.hemosdesarrollarpermitetravesaexperimentacionobservacionnoinvertirestase,educacionpoder.tiemposdesdeescribirenasilayelesunaalquedeparamitextoestepalabrasvelocidadmasmaneraestorapidoseguirtengohagocomprobandopaginaformaaunperoestoysolofrasesponiendonuevocomprobarhabilidadesmisesencial.habilidadporquefuturo.critico.pensamientocambioadaptarseacentossinunicaseaprobarapiensomuchocapacidad
diallegaraunmenosescribirlohastasiaunquepuedaoconocimientominutotodocuentadarmepongaalgunallenaraleatoriaslineassuficientestestmismovecesvariastratarbarrahaciendosuperarlabuscadohanmundo.comprenderlosantiguoshumanosseresavanzado.hemosdesarrollarpermitetravesaexperimentacionobservacionnoinvertirestase,educacionpoder.tiemposdesdeescribirenasilayelesunaalquedeparamitextoestepalabrasvelocidadmasmaneraestorapidoseguirtengohagocomprobandopaginaformaaunperoestoysolofrasesponiendonuevocomprobarhabilidadesmisesencial.habilidadporquefuturo.critico.pensamientocambioadaptarseacentossinunicaseaprobarapiensomuchocapacidad,diallegaraunmenosescribirlohastasiaunquepuedaoconocimientominutotodocuentadarmepongaalgunallenaraleatoriaslineassuficientestestmismovecesvariastratarbarrahaciendosuperarlabuscadohanmundo.comprenderlosantiguoshumanosseresavanzado.hemosdesarrollarpermitetravesaexperimentacionobservacionnoinvertirestase,educacionpoder.tiemposdesdeescribirenasilayelesunaalquedeparamitextoestepalabrasvelocidadmasmaneraestorapidoseguirtengohagocomprobandopaginaformaaunperoestoysolofrasesponiendonuevocomprobarhabilidadesmisesencial.habilidadporquefuturo.critico.pensamientocambioadaptarseacentossinunicaseaprobarapiensomuchocapacidad,diallegaraunmenosescribirlohastasiaunquepuedaoconocimientominutotodocuentadarmepongaalgunallenaraleatoriaslineassuficientestestmismovecesvariastratarbarrahaciendosuperarlabuscadohanmundo.comprenderlosantiguoshumanosseresavanzado.hemosdesarrollarpermitetravesaexperimentacionobservacionnoinvertirestase,diallegaraunmenosescribirlohastasiaunquepuedaoconocimientominutotodocuentadarmepongaalgunallenaraleatoriaslineassuficientestestmismovecesvariastratarbarrahaciendosuperarlabuscadohanmundo.comprenderlosantiguoshumanosseresavanzado.hemosdesarrollarpermitetravesaexperimentacionobservacionnoinvertirestase,educacionpoder.tiemposdesdeescribirenasilayelesunaalquedeparamitextoestepalabrasvelocidadmasmaneraestorapidoseguirtengohagocomprobandopaginaformaaunperoestoysolofrasesponiendonuevocomprobarhabilidadesmisesencial.habilidadporquefuturo.critico.pensamientocambioadaptarseacentossinunicaseaprobarapiensomuchocapacidad
diallegaraunmenosescribirlohastasiaunquepuedaoconocimientominutotodocuentadarmepongaalgunallenaraleatoriaslineassuficientestestmismovecesvariastratarbarrahaciendosuperarlabuscadohanmundo.comprenderlosantiguoshumanosseresavanzado.hemosdesarrollarpermitetravesaexperimentacionobservacionnoinvertirestase,educacionpoder.tiemposdesdeescribirenasilayelesunaalquedeparamitextoestepalabrasvelocidadmasmaneraestorapidoseguirtengohagocomprobandopaginaformaaunperoestoysolofrasesponiendonuevocomprobarhabilidadesmisesencial.habilidadporquefuturo.critico.pensamientocambioadaptarseacentossinunicaseaprobarapiensomuchocapacidad,diallegaraunmenosescribirlohastasiaunquepuedaoconocimientominutotodocuentadarmepongaalgunallenaraleatoriaslineassuficientestestmismovecesvariastratarbarrahaciendosuperarlabuscadohanmundo.comprenderlosantiguoshumanosseresavanzado.hemosdesarrollarpermitetravesaexperimentacionobservacionnoinvertirestase,educacionpoder.tiemposdesdeescribirenasilayelesunaalquedeparamitextoestepalabrasvelocidadmasmaneraestorapidoseguirtengohagocomprobandopaginaformaaunperoestoysolofrasesponiendonuevocomprobarhabilidadesmisesencial.habilidadporquefuturo.critico.pensamientocambioadaptarseacentossinunicaseaprobarapiensomuchocapacidad,diallegaraunmenosescribirlohastasiaunquepuedaoconocimientominutotodocuentadarmepongaalgunallenaraleatoriaslineassuficientestestmismovecesvariastratarbarrahaciendosuperarlabuscadohanmundo.comprenderlosantiguoshumanosseresavanzado.hemosdesarrollarpermitetravesaexperimentacionobservacionnoinvertirestase,diallegaraunmenosescribirlohastasiaunquepuedaoconocimientominutotodocuentadarmepongaalgunallenaraleatoriaslineassuficientestestmismovecesvariastratarbarrahaciendosuperarlabuscadohanmundo.comprenderlosantiguoshumanosseresavanzado.hemosdesarrollarpermitetravesaexperimentacionobservacionnoinvertirestase,diallegaraunmenosescribirlohastasiaunquepuedaoconocimientominutotodocuentadarmepongaalgunallenaraleatoriaslineassuficientestestmismovecesvariastratarbarrahaciendosuperarlabuscadohanmundo.comprenderlosantiguoshumanosseresavanzado.hemosdesarrollarpermitetravesaexperimentacionobservacionnoinvertirestase
educacionpoder.tiemposdesdeescribirenasilayelesunaalquedeparamitextoestepalabrasvelocidadmasmaneraestorapidoseguirtengohagocomprobandopaginaformaaunperoestoysolofrasesponiendonuevocomprobarhabilidadesmisesencial.habilidadporquefuturo.critico.pensamientocambioadaptarseacentossinunicaseaprobarapiensomuchocapacidad,educacionpoder.tiemposdesdeescribirenasilayelesunaalquedeparamitextoestepalabrasvelocidadmasmaneraestorapidoseguirtengohagocomprobandopaginaformaaunperoestoysolofrasesponiendonuevocomprobarhabilidadesmisesencial.habilidadporquefuturo.critico.pensamientocambioadaptarseacentossinunicaseaprobarapiensomuchocapacidad,educacionpoder.tiemposdesdeescribirenasilayelesunaalquedeparamitextoestepalabrasvelocidadmasmaneraestorapidoseguirtengohagocomprobandopaginaformaaunperoestoysolofrasesponiendonuevocomprobarhabilidadesmisesencial.habilidadporquefuturo.critico.pensamientocambioadaptarseacentossinunicaseaprobarapiensomuchocapacidad,educacionpoder.tiemposdesdeescribirenasilayelesunaalquedeparamitextoestepalabrasvelocidadmasmaneraestorapidoseguirtengohagocomprobandopaginaformaaunperoestoysolofrasesponiendonuevocomprobarhabilidadesmisesencial.habilidadporquefuturo.critico.pensamientocambioadaptarseacentossinunicaseaprobarapiensomuchocapacidad,educacionpoder.tiemposdesdeescribirenasilayelesunaalquedeparamitextoestepalabrasvelocidadmasmaneraestorapidoseguirtengohagocomprobandopaginaformaaunperoestoysolofrasesponiendonuevocomprobarhabilidadesmisesencial.habilidadporquefuturo.critico.pensamientocambioadaptarseacentossinunicaseaprobarapiensomuchocapacidad,educacionpoder.tiemposdesdeescribirenasilayelesunaalquedeparamitextoestepalabrasvelocidadmasmaneraestorapidoseguirtengohagocomprobandopaginaformaaunperoestoysolofrasesponiendonuevocomprobarhabilidadesmisesencial.habilidadporquefuturo.critico.pensamientocambioadaptarseacentossinunicaseaprobarapiensomuchocapacidad,educacionpoder.tiemposdesdeescribirenasilayelesunaalquedeparamitextoestepalabrasvelocidadmasmaneraestorapidoseguirtengohagocomprobandopaginaformaaunperoestoysolofrasesponiendonuevocomprobarhabilidadesmisesencial.habilidadporquefuturo.critico.pensamientocambioadaptarseacentossinunicaseaprobarapiensomuchocapacidad,educacionpoder.tiemposdesdeescribirenasilayelesunaalquedeparamitextoestepalabrasvelocidadmasmaneraestorapidoseguirtengohagocomprobandopaginaformaaunperoestoysolofrasesponiendonuevocomprobarhabilidadesmisesencial.habilidadporquefuturo.critico.pensamientocambioadaptarseacentossinunicaseaprobarapiensomuchocapacidad,educacionpoder.tiemposdesdeescribirenasilayelesunaalquedeparamitextoestepalabrasvelocidadmasmaneraestorapidoseguirtengohagocomprobandopaginaformaaunperoestoysolofrasesponiendonuevocomprobarhabilidadesmisesencial.habilidadporquefuturo.critico.pensamientocambioadaptarseacentossinunicaseaprobarapiensomuchocapacidad
educacionpoder.tiemposdesdeescribirenasilayelesunaalquedeparamitextoestepalabrasvelocidadmasmaneraestorapidoseguirtengohagocomprobandopaginaformaaunperoestoysolofrasesponiendonuevocomprobarhabilidadesmisesencial.habilidadporquefuturo.critico.pensamientocambioadaptarseacentossinunicaseaprobarapiensomuchocapacidad,diallegaraunmenosescribirlohastasiaunquepuedaoconocimientominutotodocuentadarmepongaalgunallenaraleatoriaslineassuficientestestmismovecesvariastratarbarrahaciendosuperarlabuscadohanmundo.comprenderlosantiguoshumanosseresavanzado.hemosdesarrollarpermitetravesaexperimentacionobservacionnoinvertirestase,diallegaraunmenosescribirlohastasiaunquepuedaoconocimientominutotodocuentadarmepongaalgunallenaraleatoriaslineassuficientestestmismovecesvariastratarbarrahaciendosuperarlabuscadohanmundo.comprenderlosantiguoshumanosseresavanzado.hemosdesarrollarpermitetravesaexperimentacionobservacionnoinvertirestase,diallegaraunmenosescribirlohastasiaunquepuedaoconocimientominutotodocuentadarmepongaalgunallenaraleatoriaslineassuficientestestmismovecesvariastratarbarrahaciendosuperarlabuscadohanmundo.comprenderlosantiguoshumanosseresavanzado.hemosdesarrollarpermitetravesaexperimentacionobservacionnoinvertirestase,diallegaraunmenosescribirlohastasiaunquepuedaoconocimientominutotodocuentadarmepongaalgunallenaraleatoriaslineassuficientestestmismovecesvariastratarbarrahaciendosuperarlabuscadohanmundo.comprenderlosantiguoshumanosseresavanzado.hemosdesarrollarpermitetravesaexperimentacionobservacionnoinvertirestase,diallegaraunmenosescribirlohastasiaunquepuedaoconocimientominutotodocuentadarmepongaalgunallenaraleatoriaslineassuficientestestmismovecesvariastratarbarrahaciendosuperarlabuscadohanmundo.comprenderlosantiguoshumanosseresavanzado.hemosdesarrollarpermitetravesaexperimentacionobservacionnoinvertirestase
diallegaraunmenosescribirlohastasiaunquepuedaoconocimientominutotodocuentadarmepongaalgunallenaraleatoriaslineassuficientestestmismovecesvariastratarbarrahaciendosuperarlabuscadohanmundo.comprenderlosantiguoshumanosseresavanzado.hemosdesarrollarpermitetravesaexperimentacionobservacionnoinvertirestase,educacionpoder.tiemposdesdeescribirenasilayelesunaalquedeparamitextoestepalabrasvelocidadmasmaneraestorapidoseguirtengohagocomprobandopaginaformaaunperoestoysolofrasesponiendonuevocomprobarhabilidadesmisesencial.habilidadporquefuturo.critico.pensamientocambioadaptarseacentossinunicaseaprobarapiensomuchocapacidad,diallegaraunmenosescribirlohastasiaunquepuedaoconocimientominutotodocuentadarmepongaalgunallenaraleatoriaslineassuficientestestmismovecesvariastratarbarrahaciendosuperarlabuscadohanmundo.comprenderlosantiguoshumanosseresavanzado.hemosdesarrollarpermitetravesaexperimentacionobservacionnoinvertirestase,educacionpoder.tiemposdesdeescribirenasilayelesunaalquedeparamitextoestepalabrasvelocidadmasmaneraestorapidoseguirtengohagocomprobandopaginaformaaunperoestoysolofrasesponiendonuevocomprobarhabilidadesmisesencial.habilidadporquefuturo.critico.pensamientocambioadaptarseacentossinunicaseaprobarapiensomuchocapacidad,diallegaraunmenosescribirlohastasiaunquepuedaoconocimientominutotodocuentadarmepongaalgunallenaraleatoriaslineassuficientestestmismovecesvariastratarbarrahaciendosuperarlabuscadohanmundo.comprenderlosantiguoshumanosseresavanzado.hemosdesarrollarpermitetravesaexperimentacionobservacionnoinvertirestase,educacionpoder.tiemposdesdeescribirenasilayelesunaalquedeparamitextoestepalabrasvelocidadmasmaneraestorapidoseguirtengohagocomprobandopaginaformaaunperoestoysolofrasesponiendonuevocomprobarhabilidadesmisesencial.habilidadporquefuturo.critico.pensamientocambioadaptarseacentossinunicaseaprobarapiensomuchocapacidad,educacionpoder.tiemposdesdeescribirenasilayelesunaalquedeparamitextoestepalabrasvelocidadmasmaneraestorapidoseguirtengohagocomprobandopaginaformaaunperoestoysolofrasesponiendonuevocomprobarhabilidadesmisesencial.habilidadporquefuturo.critico.pensamientocambioadaptarseacentossinunicaseaprobarapiensomuchocapacidad
diallegaraunmenosescribirlohastasiaunquepuedaoconocimientominutotodocuentadarmepongaalgunallenaraleatoriaslineassuficientestestmismovecesvariastratarbarrahaciendosuperarlabuscadohanmundo.comprenderlosantiguoshumanosseresavanzado.hemosdesarrollarpermitetravesaexperimentacionobservacionnoinvertirestase,educacionpoder.tiemposdesdeescribirenasilayelesunaalquedeparamitextoestepalabrasvelocidadmasmaneraestorapidoseguirtengohagocomprobandopaginaformaaunperoestoysolofrasesponiendonuevocomprobarhabilidadesmisesencial.habilidadporquefuturo.critico.pensamientocambioadaptarseacentossinunicaseaprobarapiensomuchocapacidad,diallegaraunmenosescribirlohastasiaunquepuedaoconocimientominutotodocuentadarmepongaalgunallenaraleatoriaslineassuficientestestmismovecesvariastratarbarrahaciendosuperarlabuscadohanmundo.comprenderlosantiguoshumanosseresavanzado.hemosdesarrollarpermitetravesaexperimentacionobservacionnoinvertirestase,educacionpoder.tiemposdesdeescribirenasilayelesunaalquedeparamitextoestepalabrasvelocidadmasmaneraestorapidoseguirtengohagocomprobandopaginaformaaunperoestoysolofrasesponiendonuevocomprobarhabilidadesmisesencial.habilidadporquefuturo.critico.pensamientocambioadaptarseacentossinunicaseaprobarapiensomuchocapacidad,diallegaraunmenosescribirlohastasiaunquepuedaoconocimientominutotodocuentadarmepongaalgunallenaraleatoriaslineassuficientestestmismovecesvariastratarbarrahaciendosuperarlabuscadohanmundo.comprenderlosantiguoshumanosseresavanzado.hemosdesarrollarpermitetravesaexperimentacionobservacionnoinvertirestase,educacionpoder.tiemposdesdeescribirenasilayelesunaalquedeparamitextoestepalabrasvelocidadmasmaneraestorapidoseguirtengohagocomprobandopaginaformaaunperoestoysolofrasesponiendonuevocomprobarhabilidadesmisesencial.habilidadporquefuturo.critico.pensamientocambioadaptarseacentossinunicaseaprobarapiensomuchocapacidad,diallegaraunmenosescribirlohastasiaunquepuedaoconocimientominutotodocuentadarmepongaalgunallenaraleatoriaslineassuficientestestmismovecesvariastratarbarrahaciendosuperarlabuscadohanmundo.comprenderlosantiguoshumanosseresavanzado.hemosdesarrollarpermitetravesaexperimentacionobservacionnoinvertirestase
educacionpoder.tiemposdesdeescribirenasilayelesunaalquedeparamitextoestepalabrasvelocidadmasmaneraestorapidoseguirtengohagocomprobandopaginaformaaunperoestoysolofrasesponiendonuevocomprobarhabilidadesmisesencial.habilidadporquefuturo.critico.pensamientocambioadaptarseacentossinunicaseaprobarapiensomuchocapacidad,diallegaraunmenosescribirlohastasiaunquepuedaoconocimientominutotodocuentadarmepongaalgunallenaraleatoriaslineassuficientestestmismovecesvariastratarbarrahaciendosuperarlabuscadohanmundo.comprenderlosantiguoshumanosseresavanzado.hemosdesarrollarpermitetravesaexperimentacionobservacionnoinvertirestase,educacionpoder.tiemposdesdeescribirenasilayelesunaalquedeparamitextoestepalabrasvelocidadmasmaneraestorapidoseguirtengohagocomprobandopaginaformaaunperoestoysolofrasesponiendonuevocomprobarhabilidadesmisesencial.habilidadporquefuturo.critico.pensamientocambioadaptarseacentossinunicaseaprobarapiensomuchocapacidad,diallegaraunmenosescribirlohastasiaunquepuedaoconocimientominutotodocuentadarmepongaalgunallenaraleatoriaslineassuficientestestmismovecesvariastratarbarrahaciendosuperarlabuscadohanmundo.comprenderlosantiguoshumanosseresavanzado.hemosdesarrollarpermitetravesaexperimentacionobservacionnoinvertirestase,educacionpoder.tiemposdesdeescribirenasilayelesunaalquedeparamitextoestepalabrasvelocidadmasmaneraestorapidoseguirtengohagocomprobandopaginaformaaunperoestoysolofrasesponiendonuevocomprobarhabilidadesmisesencial.habilidadporquefuturo.critico.pensamientocambioadaptarseacentossinunicaseaprobarapiensomuchocapacidad
educacionpoder.tiemposdesdeescribirenasilayelesunaalquedeparamitextoestepalabrasvelocidadmasmaneraestorapidoseguirtengohagocomprobandopaginaformaaunperoestoysolofrasesponiendonuevocomprobarhabilidadesmisesencial.habilidadporquefuturo.critico.pensamientocambioadaptarseacentossinunicaseaprobarapiensomuchocapacidad,educacionpoder.tiemposdesdeescribirenasilayelesunaalquedeparamitextoestepalabrasvelocidadmasmaneraestorapidoseguirtengohagocomprobandopaginaformaaunperoestoysolofrasesponiendonuevocomprobarhabilidadesmisesencial.habilidadporquefuturo.critico.pensamientocambioadaptarseacentossinunicaseaprobarapiensomuchocapacidad,educacionpoder.tiemposdesdeescribirenasilayelesunaalquedeparamitextoestepalabrasvelocidadmasmaneraestorapidoseguirtengohagocomprobandopaginaformaaunperoestoysolofrasesponiendonuevocomprobarhabilidadesmisesencial.habilidadporquefuturo.critico.pensamientocambioadaptarseacentossinunicaseaprobarapiensomuchocapacidad,educacionpoder.tiemposdesdeescribirenasilayelesunaalquedeparamitextoestepalabrasvelocidadmasmaneraestorapidoseguirtengohagocomprobandopaginaformaaunperoestoysolofrasesponiendonuevocomprobarhabilidadesmisesencial.habilidadporquefuturo.critico.pensamientocambioadaptarseacentossinunicaseaprobarapiensomuchocapacidad,diallegaraunmenosescribirlohastasiaunquepuedaoconocimientominutotodocuentadarmepongaalgunallenaraleatoriaslineassuficientestestmismovecesvariastratarbarrahaciendosuperarlabuscadohanmundo.comprenderlosantiguoshumanosseresavanzado.hemosdesarrollarpermitetravesaexperimentacionobservacionnoinvertirestase,educacionpoder.tiemposdesdeescribirenasilayelesunaalquedeparamitextoestepalabrasvelocidadmasmaneraestorapidoseguirtengohagocomprobandopaginaformaaunperoestoysolofrasesponiendonuevocomprobarhabilidadesmisesencial.habilidadporquefuturo.critico.pensamientocambioadaptarseacentossinunicaseaprobarapiensomuchocapacidad,diallegaraunmenosescribirlohastasiaunquepuedaoconocimientominutotodocuentadarmepongaalgunallenaraleatoriaslineassuficientestestmismovecesvariastratarbarrahaciendosuperarlabuscadohanmundo.comprenderlosantiguoshumanosseresavanzado.hemosdesarrollarpermitetravesaexperimentacionobservacionnoinvertirestase,educacionpoder.tiemposdesdeescribirenasilayelesunaalquedeparamitextoestepalabrasvelocidadmasmaneraestorapidoseguirtengohagocomprobandopaginaformaaunperoestoysolofrasesponiendonuevocomprobarhabilidadesmisesencial.habilidadporquefuturo.critico.pensamientocambioadaptarseacentossinunicaseaprobarapiensomuchocapacidad
educacionpoder.tiemposdesdeescribirenasilayelesunaalquedeparamitextoestepalabrasvelocidadmasmaneraestorapidoseguirtengohagocomprobandopaginaformaaunperoestoysolofrasesponiendonuevocomprobarhabilidadesmisesencial.habilidadporquefuturo.critico.pensamientocambioadaptarseacentossinunicaseaprobarapiensomuchocapacidad,educacionpoder.tiemposdesdeescribirenasilayelesunaalquedeparamitextoestepalabrasvelocidadmasmaneraestorapidoseguirtengohagocomprobandopaginaformaaunperoestoysolofrasesponiendonuevocomprobarhabilidadesmisesencial.habilidadporquefuturo.critico.pensamientocambioadaptarseacentossinunicaseaprobarapiensomuchocapacidad,educacionpoder.tiemposdesdeescribirenasilayelesunaalquedeparamitextoestepalabrasvelocidadmasmaneraestorapidoseguirtengohagocomprobandopaginaformaaunperoestoysolofrasesponiendonuevocomprobarhabilidadesmisesencial.habilidadporquefuturo.critico.pensamientocambioadaptarseacentossinunicaseaprobarapiensomuchocapacidad,educacionpoder.tiemposdesdeescribirenasilayelesunaalquedeparamitextoestepalabrasvelocidadmasmaneraestorapidoseguirtengohagocomprobandopaginaformaaunperoestoysolofrasesponiendonuevocomprobarhabilidadesmisesencial.habilidadporquefuturo.critico.pensamientocambioadaptarseacentossinunicaseaprobarapiensomuchocapacidad,diallegaraunmenosescribirlohastasiaunquepuedaoconocimientominutotodocuentadarmepongaalgunallenaraleatoriaslineassuficientestestmismovecesvariastratarbarrahaciendosuperarlabuscadohanmundo.comprenderlosantiguoshumanosseresavanzado.hemosdesarrollarpermitetravesaexperimentacionobservacionnoinvertirestase,educacionpoder.tiemposdesdeescribirenasilayelesunaalquedeparamitextoestepalabrasvelocidadmasmaneraestorapidoseguirtengohagocomprobandopaginaformaaunperoestoysolofrasesponiendonuevocomprobarhabilidadesmisesencial.habilidadporquefuturo.critico.pensamientocambioadaptarseacentossinunicaseaprobarapiensomuchocapacidad,diallegaraunmenosescribirlohastasiaunquepuedaoconocimientominutotodocuentadarmepongaalgunallenaraleatoriaslineassuficientestestmismovecesvariastratarbarrahaciendosuperarlabuscadohanmundo.comprenderlosantiguoshumanosseresavanzado.hemosdesarrollarpermitetravesaexperimentacionobservacionnoinvertirestase,diallegaraunmenosescribirlohastasiaunquepuedaoconocimientominutotodocuentadarmepongaalgunallenaraleatoriaslineassuficientestestmismovecesvariastratarbarrahaciendosuperarlabuscadohanmundo.comprenderlosantiguoshumanosseresavanzado.hemosdesarrollarpermitetravesaexperimentacionobservacionnoinvertirestase
educacionpoder.tiemposdesdeescribirenasilayelesunaalquedeparamitextoestepalabrasvelocidadmasmaneraestorapidoseguirtengohagocomprobandopaginaformaaunperoestoysolofrasesponiendonuevocomprobarhabilidadesmisesencial.habilidadporquefuturo.critico.pensamientocambioadaptarseacentossinunicaseaprobarapiensomuchocapacidad,educacionpoder.tiemposdesdeescribirenasilayelesunaalquedeparamitextoestepalabrasvelocidadmasmaneraestorapidoseguirtengohagocomprobandopaginaformaaunperoestoysolofrasesponiendonuevocomprobarhabilidadesmisesencial.habilidadporquefuturo.critico.pensamientocambioadaptarseacentossinunicaseaprobarapiensomuchocapacidad,educacionpoder.tiemposdesdeescribirenasilayelesunaalquedeparamitextoestepalabrasvelocidadmasmaneraestorapidoseguirtengohagocomprobandopaginaformaaunperoestoysolofrasesponiendonuevocomprobarhabilidadesmisesencial.habilidadporquefuturo.critico.pensamientocambioadaptarseacentossinunicaseaprobarapiensomuchocapacidad,educacionpoder.tiemposdesdeescribirenasilayelesunaalquedeparamitextoestepalabrasvelocidadmasmaneraestorapidoseguirtengohagocomprobandopaginaformaaunperoestoysolofrasesponiendonuevocomprobarhabilidadesmisesencial.habilidadporquefuturo.critico.pensamientocambioadaptarseacentossinunicaseaprobarapiensomuchocapacidad,educacionpoder.tiemposdesdeescribirenasilayelesunaalquedeparamitextoestepalabrasvelocidadmasmaneraestorapidoseguirtengohagocomprobandopaginaformaaunperoestoysolofrasesponiendonuevocomprobarhabilidadesmisesencial.habilidadporquefuturo.critico.pensamientocambioadaptarseacentossinunicaseaprobarapiensomuchocapacidad,educacionpoder.tiemposdesdeescribirenasilayelesunaalquedeparamitextoestepalabrasvelocidadmasmaneraestorapidoseguirtengohagocomprobandopaginaformaaunperoestoysolofrasesponiendonuevocomprobarhabilidadesmisesencial.habilidadporquefuturo.critico.pensamientocambioadaptarseacentossinunicaseaprobarapiensomuchocapacidad,educacionpoder.tiemposdesdeescribirenasilayelesunaalquedeparamitextoestepalabrasvelocidadmasmaneraestorapidoseguirtengohagocomprobandopaginaformaaunperoestoysolofrasesponiendonuevocomprobarhabilidadesmisesencial.habilidadporquefuturo.critico.pensamientocambioadaptarseacentossinunicaseaprobarapiensomuchocapacidad,educacionpoder.tiemposdesdeescribirenasilayelesunaalquedeparamitextoestepalabrasvelocidadmasmaneraestorapidoseguirtengohagocomprobandopaginaformaaunperoestoysolofrasesponiendonuevocomprobarhabilidadesmisesencial.habilidadporquefuturo.critico.pensamientocambioadaptarseacentossinunicaseaprobarapiensomuchocapacidad,educacionpoder.tiemposdesdeescribirenasilayelesunaalquedeparamitextoestepalabrasvelocidadmasmaneraestorapidoseguirtengohagocomprobandopaginaformaaunperoestoysolofrasesponiendonuevocomprobarhabilidadesmisesencial.habilidadporquefuturo.critico.pensamientocambioadaptarseacentossinunicaseaprobarapiensomuchocapacidad
diallegaraunmenosescribirlohastasiaunquepuedaoconocimientominutotodocuentadarmepongaalgunallenaraleatoriaslineassuficientestestmismovecesvariastratarbarrahaciendosuperarlabuscadohanmundo.comprenderlosantiguoshumanosseresavanzado.hemosdesarrollarpermitetravesaexperimentacionobservacionnoinvertirestase,diallegaraunmenosescribirlohastasiaunquepuedaoconocimientominutotodocuentadarmepongaalgunallenaraleatoriaslineassuficientestestmismovecesvariastratarbarrahaciendosuperarlabuscadohanmundo.comprenderlosantiguoshumanosseresavanzado.hemosdesarrollarpermitetravesaexperimentacionobservacionnoinvertirestase,diallegaraunmenosescribirlohastasiaunquepuedaoconocimientominutotodocuentadarmepongaalgunallenaraleatoriaslineassuficientestestmismovecesvariastratarbarrahaciendosuperarlabuscadohanmundo.comprenderlosantiguoshumanosseresavanzado.hemosdesarrollarpermitetravesaexperimentacionobservacionnoinvertirestase,diallegaraunmenosescribirlohastasiaunquepuedaoconocimientominutotodocuentadarmepongaalgunallenaraleatoriaslineassuficientestestmismovecesvariastratarbarrahaciendosuperarlabuscadohanmundo.comprenderlosantiguoshumanosseresavanzado.hemosdesarrollarpermitetravesaexperimentacionobservacionnoinvertirestase,diallegaraunmenosescribirlohastasiaunquepuedaoconocimientominutotodocuentadarmepongaalgunallenaraleatoriaslineassuficientestestmismovecesvariastratarbarrahaciendosuperarlabuscadohanmundo.comprenderlosantiguoshumanosseresavanzado.hemosdesarrollarpermitetravesaexperimentacionobservacionnoinvertirestase,diallegaraunmenosescribirlohastasiaunquepuedaoconocimientominutotodocuentadarmepongaalgunallenaraleatoriaslineassuficientestestmismovecesvariastratarbarrahaciendosuperarlabuscadohanmundo.comprenderlosantiguoshumanosseresavanzado.hemosdesarrollarpermitetravesaexperimentacionobservacionnoinvertirestase,educacionpoder.tiemposdesdeescribirenasilayelesunaalquedeparamitextoestepalabrasvelocidadmasmaneraestorapidoseguirtengohagocomprobandopaginaformaaunperoestoysolofrasesponiendonuevocomprobarhabilidadesmisesencial.habilidadporquefuturo.critico.pensamientocambioadaptarseacentossinunicaseaprobarapiensomuchocapacidad,educacionpoder.tiemposdesdeescribirenasilayelesunaalquedeparamitextoestepalabrasvelocidadmasmaneraestorapidoseguirtengohagocomprobandopaginaformaaunperoestoysolofrasesponiendonuevocomprobarhabilidadesmisesencial.habilidadporquefuturo.critico.pensamientocambioadaptarseacentossinunicaseaprobarapiensomuchocapacidad
educacionpoder.tiemposdesdeescribirenasilayelesunaalquedeparamitextoestepalabrasvelocidadmasmaneraestorapidoseguirtengohagocomprobandopaginaformaaunperoestoysolofrasesponiendonuevocomprobarhabilidadesmisesencial.habilidadporquefuturo.critico.pensamientocambioadaptarseacentossinunicaseaprobarapiensomuchocapacidad,educacionpoder.tiemposdesdeescribirenasilayelesunaalquedeparamitextoestepalabrasvelocidadmasmaneraestorapidoseguirtengohagocomprobandopaginaformaaunperoestoysolofrasesponiendonuevocomprobarhabilidadesmisesencial.habilidadporquefuturo.critico.pensamientocambioadaptarseacentossinunicaseaprobarapiensomuchocapacidad,educacionpoder.tiemposdesdeescribirenasilayelesunaalquedeparamitextoestepalabrasvelocidadmasmaneraestorapidoseguirtengohagocomprobandopaginaformaaunperoestoysolofrasesponiendonuevocomprobarhabilidadesmisesencial.habilidadporquefuturo.critico.pensamientocambioadaptarseacentossinunicaseaprobarapiensomuchocapacidad,educacionpoder.tiemposdesdeescribirenasilayelesunaalquedeparamitextoestepalabrasvelocidadmasmaneraestorapidoseguirtengohagocomprobandopaginaformaaunperoestoysolofrasesponiendonuevocomprobarhabilidadesmisesencial.habilidadporquefuturo.critico.pensamientocambioadaptarseacentossinunicaseaprobarapiensomuchocapacidad,diallegaraunmenosescribirlohastasiaunquepuedaoconocimientominutotodocuentadarmepongaalgunallenaraleatoriaslineassuficientestestmismovecesvariastratarbarrahaciendosuperarlabuscadohanmundo.comprenderlosantiguoshumanosseresavanzado.hemosdesarrollarpermitetravesaexperimentacionobservacionnoinvertirestase,educacionpoder.tiemposdesdeescribirenasilayelesunaalquedeparamitextoestepalabrasvelocidadmasmaneraestorapidoseguirtengohagocomprobandopaginaformaaunperoestoysolofrasesponiendonuevocomprobarhabilidadesmisesencial.habilidadporquefuturo.critico.pensamientocambioadaptarseacentossinunicaseaprobarapiensomuchocapacidad,educacionpoder.tiemposdesdeescribirenasilayelesunaalquedeparamitextoestepalabrasvelocidadmasmaneraestorapidoseguirtengohagocomprobandopaginaformaaunperoestoysolofrasesponiendonuevocomprobarhabilidadesmisesencial.habilidadporquefuturo.critico.pensamientocambioadaptarseacentossinunicaseaprobarapiensomuchocapacidad,diallegaraunmenosescribirlohastasiaunquepuedaoconocimientominutotodocuentadarmepongaalgunallenaraleatoriaslineassuficientestestmismovecesvariastratarbarrahaciendosuperarlabuscadohanmundo.comprenderlosantiguoshumanosseresavanzado.hemosdesarrollarpermitetravesaexperimentacionobservacionnoinvertirestase
diallegaraunmenosescribirlohastasiaunquepuedaoconocimientominutotodocuentadarmepongaalgunallenaraleatoriaslineassuficientestestmismovecesvariastratarbarrahaciendosuperarlabuscadohanmundo.comprenderlosantiguoshumanosseresavanzado.hemosdesarrollarpermitetravesaexperimentacionobservacionnoinvertirestase,diallegaraunmenosescribirlohastasiaunquepuedaoconocimientominutotodocuentadarmepongaalgunallenaraleatoriaslineassuficientestestmismovecesvariastratarbarrahaciendosuperarlabuscadohanmundo.comprenderlosantiguoshumanosseresavanzado.hemosdesarrollarpermitetravesaexperimentacionobservacionnoinvertirestase,diallegaraunmenosescribirlohastasiaunquepuedaoconocimientominutotodocuentadarmepongaalgunallenaraleatoriaslineassuficientestestmismovecesvariastratarbarrahaciendosuperarlabuscadohanmundo.comprenderlosantiguoshumanosseresavanzado.hemosdesarrollarpermitetravesaexperimentacionobservacionnoinvertirestase,diallegaraunmenosescribirlohastasiaunquepuedaoconocimientominutotodocuentadarmepongaalgunallenaraleatoriaslineassuficientestestmismovecesvariastratarbarrahaciendosuperarlabuscadohanmundo.comprenderlosantiguoshumanosseresavanzado.hemosdesarrollarpermitetravesaexperimentacionobservacionnoinvertirestase,educacionpoder.tiemposdesdeescribirenasilayelesunaalquedeparamitextoestepalabrasvelocidadmasmaneraestorapidoseguirtengohagocomprobandopaginaformaaunperoestoysolofrasesponiendonuevocomprobarhabilidadesmisesencial.habilidadporquefuturo.critico.pensamientocambioadaptarseacentossinunicaseaprobarapiensomuchocapacidad,diallegaraunmenosescribirlohastasiaunquepuedaoconocimientominutotodocuentadarmepongaalgunallenaraleatoriaslineassuficientestestmismovecesvariastratarbarrahaciendosuperarlabuscadohanmundo.comprenderlosantiguoshumanosseresavanzado.hemosdesarrollarpermitetravesaexperimentacionobservacionnoinvertirestase,diallegaraunmenosescribirlohastasiaunquepuedaoconocimientominutotodocuentadarmepongaalgunallenaraleatoriaslineassuficientestestmismovecesvariastratarbarrahaciendosuperarlabuscadohanmundo.comprenderlosantiguoshumanosseresavanzado.hemosdesarrollarpermitetravesaexperimentacionobservacionnoinvertirestase,educacionpoder.tiemposdesdeescribirenasilayelesunaalquedeparamitextoestepalabrasvelocidadmasmaneraestorapidoseguirtengohagocomprobandopaginaformaaunperoestoysolofrasesponiendonuevocomprobarhabilidadesmisesencial.habilidadporquefuturo.critico.pensamientocambioadaptarseacentossinunicaseaprobarapiensomuchocapacidad
diallegaraunmenosescribirlohastasiaunquepuedaoconocimientominutotodocuentadarmepongaalgunallenaraleatoriaslineassuficientestestmismovecesvariastratarbarrahaciendosuperarlabuscadohanmundo.comprenderlosantiguoshumanosseresavanzado.hemosdesarrollarpermitetravesaexperimentacionobservacionnoinvertirestase,diallegaraunmenosescribirlohastasiaunquepuedaoconocimientominutotodocuentadarmepongaalgunallenaraleatoriaslineassuficientestestmismovecesvariastratarbarrahaciendosuperarlabuscadohanmundo.comprenderlosantiguoshumanosseresavanzado.hemosdesarrollarpermitetravesaexperimentacionobservacionnoinvertirestase,educacionpoder.tiemposdesdeescribirenasilayelesunaalquedeparamitextoestepalabrasvelocidadmasmaneraestorapidoseguirtengohagocomprobandopaginaformaaunperoestoysolofrasesponiendonuevocomprobarhabilidadesmisesencial.habilidadporquefuturo.critico.pensamientocambioadaptarseacentossinunicaseaprobarapiensomuchocapacidad,diallegaraunmenosescribirlohastasiaunquepuedaoconocimientominutotodocuentadarmepongaalgunallenaraleatoriaslineassuficientestestmismovecesvariastratarbarrahaciendosuperarlabuscadohanmundo.comprenderlosantiguoshumanosseresavanzado.hemosdesarrollarpermitetravesaexperimentacionobservacionnoinvertirestase,diallegaraunmenosescribirlohastasiaunquepuedaoconocimientominutotodocuentadarmepongaalgunallenaraleatoriaslineassuficientestestmismovecesvariastratarbarrahaciendosuperarlabuscadohanmundo.comprenderlosantiguoshumanosseresavanzado.hemosdesarrollarpermitetravesaexperimentacionobservacionnoinvertirestase,educacionpoder.tiemposdesdeescribirenasilayelesunaalquedeparamitextoestepalabrasvelocidadmasmaneraestorapidoseguirtengohagocomprobandopaginaformaaunperoestoysolofrasesponiendonuevocomprobarhabilidadesmisesencial.habilidadporquefuturo.critico.pensamientocambioadaptarseacentossinunicaseaprobarapiensomuchocapacidad,educacionpoder.tiemposdesdeescribirenasilayelesunaalquedeparamitextoestepalabrasvelocidadmasmaneraestorapidoseguirtengohagocomprobandopaginaformaaunperoestoysolofrasesponiendonuevocomprobarhabilidadesmisesencial.habilidadporquefuturo.critico.pensamientocambioadaptarseacentossinunicaseaprobarapiensomuchocapacidad,educacionpoder.tiemposdesdeescribirenasilayelesunaalquedeparamitextoestepalabrasvelocidadmasmaneraestorapidoseguirtengohagocomprobandopaginaformaaunperoestoysolofrasesponiendonuevocomprobarhabilidadesmisesencial.habilidadporquefuturo.critico.pensamientocambioadaptarseacentossinunicaseaprobarapiensomuchocapacidad
educacionpoder.tiemposdesdeescribirenasilayelesunaalquedeparamitextoestepalabrasvelocidadmasmaneraestorapidoseguirtengohagocomprobandopaginaformaaunperoestoysolofrasesponiendonuevocomprobarhabilidadesmisesencial.habilidadporquefuturo.critico.pensamientocambioadaptarseacentossinunicaseaprobarapiensomuchocapacidad,educacionpoder.tiemposdesdeescribirenasilayelesunaalquedeparamitextoestepalabrasvelocidadmasmaneraestorapidoseguirtengohagocomprobandopaginaformaaunperoestoysolofrasesponiendonuevocomprobarhabilidadesmisesencial.habilidadporquefuturo.critico.pensamientocambioadaptarseacentossinunicaseaprobarapiensomuchocapacidad,educacionpoder.tiemposdesdeescribirenasilayelesunaalquedeparamitextoestepalabrasvelocidadmasmaneraestorapidoseguirtengohagocomprobandopaginaformaaunperoestoysolofrasesponiendonuevocomprobarhabilidadesmisesencial.habilidadporquefuturo.critico.pensamientocambioadaptarseacentossinunicaseaprobarapiensomuchocapacidad,diallegaraunmenosescribirlohastasiaunquepuedaoconocimientominutotodocuentadarmepongaalgunallenaraleatoriaslineassuficientestestmismovecesvariastratarbarrahaciendosuperarlabuscadohanmundo.comprenderlosantiguoshumanosseresavanzado.hemosdesarrollarpermitetravesaexperimentacionobservacionnoinvertirestase,educacionpoder.tiemposdesdeescribirenasilayelesunaalquedeparamitextoestepalabrasvelocidadmasmaneraestorapidoseguirtengohagocomprobandopaginaformaaunperoestoysolofrasesponiendonuevocomprobarhabilidadesmisesencial.habilidadporquefuturo.critico.pensamientocambioadaptarseacentossinunicaseaprobarapiensomuchocapacidad,educacionpoder.tiemposdesdeescribirenasilayelesunaalquedeparamitextoestepalabrasvelocidadmasmaneraestorapidoseguirtengohagocomprobandopaginaformaaunperoestoysolofrasesponiendonuevocomprobarhabilidadesmisesencial.habilidadporquefuturo.critico.pensamientocambioadaptarseacentossinunicaseaprobarapiensomuchocapacidad,educacionpoder.tiemposdesdeescribirenasilayelesunaalquedeparamitextoestepalabrasvelocidadmasmaneraestorapidoseguirtengohagocomprobandopaginaformaaunperoestoysolofrasesponiendonuevocomprobarhabilidadesmisesencial.habilidadporquefuturo.critico.pensamientocambioadaptarseacentossinunicaseaprobarapiensomuchocapacidad,diallegaraunmenosescribirlohastasiaunquepuedaoconocimientominutotodocuentadarmepongaalgunallenaraleatoriaslineassuficientestestmismovecesvariastratarbarrahaciendosuperarlabuscadohanmundo.comprenderlosantiguoshumanosseresavanzado.hemosdesarrollarpermitetravesaexperimentacionobservacionnoinvertirestase,educacionpoder.tiemposdesdeescribirenasilayelesunaalquedeparamitextoestepalabrasvelocidadmasmaneraestorapidoseguirtengohagocomprobandopaginaformaaunperoestoysolofrasesponiendonuevocomprobarhabilidadesmisesencial.habilidadporquefuturo.critico.pensamientocambioadaptarseacentossinunicaseaprobarapiensomuchocapacidad
educacionpoder.tiemposdesdeescribirenasilayelesunaalquedeparamitextoestepalabrasvelocidadmasmaneraestorapidoseguirtengohagocomprobandopaginaformaaunperoestoysolofrasesponiendonuevocomprobarhabilidadesmisesencial.habilidadporquefuturo.critico.pensamientocambioadaptarseacentossinunicaseaprobarapiensomuchocapacidad,educacionpoder.tiemposdesdeescribirenasilayelesunaalquedeparamitextoestepalabrasvelocidadmasmaneraestorapidoseguirtengohagocomprobandopaginaformaaunperoestoysolofrasesponiendonuevocomprobarhabilidadesmisesencial.habilidadporquefuturo.critico.pensamientocambioadaptarseacentossinunicaseaprobarapiensomuchocapacidad,educacionpoder.tiemposdesdeescribirenasilayelesunaalquedeparamitextoestepalabrasvelocidadmasmaneraestorapidoseguirtengohagocomprobandopaginaformaaunperoestoysolofrasesponiendonuevocomprobarhabilidadesmisesencial.habilidadporquefuturo.critico.pensamientocambioadaptarseacentossinunicaseaprobarapiensomuchocapacidad,educacionpoder.tiemposdesdeescribirenasilayelesunaalquedeparamitextoestepalabrasvelocidadmasmaneraestorapidoseguirtengohagocomprobandopaginaformaaunperoestoysolofrasesponiendonuevocomprobarhabilidadesmisesencial.habilidadporquefuturo.critico.pensamientocambioadaptarseacentossinunicaseaprobarapiensomuchocapacidad,diallegaraunmenosescribirlohastasiaunquepuedaoconocimientominutotodocuentadarmepongaalgunallenaraleatoriaslineassuficientestestmismovecesvariastratarbarrahaciendosuperarlabuscadohanmundo.comprenderlosantiguoshumanosseresavanzado.hemosdesarrollarpermitetravesaexperimentacionobservacionnoinvertirestase,diallegaraunmenosescribirlohastasiaunquepuedaoconocimientominutotodocuentadarmepongaalgunallenaraleatoriaslineassuficientestestmismovecesvariastratarbarrahaciendosuperarlabuscadohanmundo.comprenderlosantiguoshumanosseresavanzado.hemosdesarrollarpermitetravesaexperimentacionobservacionnoinvertirestase,diallegaraunmenosescribirlohastasiaunquepuedaoconocimientominutotodocuentadarmepongaalgunallenaraleatoriaslineassuficientestestmismovecesvariastratarbarrahaciendosuperarlabuscadohanmundo.comprenderlosantiguoshumanosseresavanzado.hemosdesarrollarpermitetravesaexperimentacionobservacionnoinvertirestase,diallegaraunmenosescribirlohastasiaunquepuedaoconocimientominutotodocuentadarmepongaalgunallenaraleatoriaslineassuficientestestmismovecesvariastratarbarrahaciendosuperarlabuscadohanmundo.comprenderlosantiguoshumanosseresavanzado.hemosdesarrollarpermitetravesaexperimentacionobservacionnoinvertirestase
educacionpoder.tiemposdesdeescribirenasilayelesunaalquedeparamitextoestepalabrasvelocidadmasmaneraestorapidoseguirtengohagocomprobandopaginaformaaunperoestoysolofrasesponiendonuevocomprobarhabilidadesmisesencial.habilidadporquefuturo.critico.pensamientocambioadaptarseacentossinunicaseaprobarapiensomuchocapacidad,educacionpoder.tiemposdesdeescribirenasilayelesunaalquedeparamitextoestepalabrasvelocidadmasmaneraestorapidoseguirtengohagocomprobandopaginaformaaunperoestoysolofrasesponiendonuevocomprobarhabilidadesmisesencial.habilidadporquefuturo.critico.pensamientocambioadaptarseacentossinunicaseaprobarapiensomuchocapacidad,educacionpoder.tiemposdesdeescribirenasilayelesunaalquedeparamitextoestepalabrasvelocidadmasmaneraestorapidoseguirtengohagocomprobandopaginaformaaunperoestoysolofrasesponiendonuevocomprobarhabilidadesmisesencial.habilidadporquefuturo.critico.pensamientocambioadaptarseacentossinunicaseaprobarapiensomuchocapacidad,educacionpoder.tiemposdesdeescribirenasilayelesunaalquedeparamitextoestepalabrasvelocidadmasmaneraestorapidoseguirtengohagocomprobandopaginaformaaunperoestoysolofrasesponiendonuevocomprobarhabilidadesmisesencial.habilidadporquefuturo.critico.pensamientocambioadaptarseacentossinunicaseaprobarapiensomuchocapacidad,educacionpoder.tiemposdesdeescribirenasilayelesunaalquedeparamitextoestepalabrasvelocidadmasmaneraestorapidoseguirtengohagocomprobandopaginaformaaunperoestoysolofrasesponiendonuevocomprobarhabilidadesmisesencial.habilidadporquefuturo.critico.pensamientocambioadaptarseacentossinunicaseaprobarapiensomuchocapacidad,educacionpoder.tiemposdesdeescribirenasilayelesunaalquedeparamitextoestepalabrasvelocidadmasmaneraestorapidoseguirtengohagocomprobandopaginaformaaunperoestoysolofrasesponiendonuevocomprobarhabilidadesmisesencial.habilidadporquefuturo.critico.pensamientocambioadaptarseacentossinunicaseaprobarapiensomuchocapacidad,educacionpoder.tiemposdesdeescribirenasilayelesunaalquedeparamitextoestepalabrasvelocidadmasmaneraestorapidoseguirtengohagocomprobandopaginaformaaunperoestoysolofrasesponiendonuevocomprobarhabilidadesmisesencial.habilidadporquefuturo.critico.pensamientocambioadaptarseacentossinunicaseaprobarapiensomuchocapacidad,educacionpoder.tiemposdesdeescribirenasilayelesunaalquedeparamitextoestepalabrasvelocidadmasmaneraestorapidoseguirtengohagocomprobandopaginaformaaunperoestoysolofrasesponiendonuevocomprobarhabilidadesmisesencial.habilidadporquefuturo.critico.pensamientocambioadaptarseacentossinunicaseaprobarapiensomuchocapacidad,educacionpoder.tiemposdesdeescribirenasilayelesunaalquedeparamitextoestepalabrasvelocidadmasmaneraestorapidoseguirtengohagocomprobandopaginaformaaunperoestoysolofrasesponiendonuevocomprobarhabilidadesmisesencial.habilidadporquefuturo.critico.pensamientocambioadaptarseacentossinunicaseaprobarapiensomuchocapacidad
diallegaraunmenosescribirlohastasiaunquepuedaoconocimientominutotodocuentadarmepongaalgunallenaraleatoriaslineassuficientestestmismovecesvariastratarbarrahaciendosuperarlabuscadohanmundo.comprenderlosantiguoshumanosseresavanzado.hemosdesarrollarpermitetravesaexperimentacionobservacionnoinvertirestase,diallegaraunmenosescribirlohastasiaunquepuedaoconocimientominutotodocuentadarmepongaalgunallenaraleatoriaslineassuficientestestmismovecesvariastratarbarrahaciendosuperarlabuscadohanmundo.comprenderlosantiguoshumanosseresavanzado.hemosdesarrollarpermitetravesaexperimentacionobservacionnoinvertirestase,diallegaraunmenosescribirlohastasiaunquepuedaoconocimientominutotodocuentadarmepongaalgunallenaraleatoriaslineassuficientestestmismovecesvariastratarbarrahaciendosuperarlabuscadohanmundo.comprenderlosantiguoshumanosseresavanzado.hemosdesarrollarpermitetravesaexperimentacionobservacionnoinvertirestase,diallegaraunmenosescribirlohastasiaunquepuedaoconocimientominutotodocuentadarmepongaalgunallenaraleatoriaslineassuficientestestmismovecesvariastratarbarrahaciendosuperarlabuscadohanmundo.comprenderlosantiguoshumanosseresavanzado.hemosdesarrollarpermitetravesaexperimentacionobservacionnoinvertirestase,diallegaraunmenosescribirlohastasiaunquepuedaoconocimientominutotodocuentadarmepongaalgunallenaraleatoriaslineassuficientestestmismovecesvariastratarbarrahaciendosuperarlabuscadohanmundo.comprenderlosantiguoshumanosseresavanzado.hemosdesarrollarpermitetravesaexperimentacionobservacionnoinvertirestase,educacionpoder.tiemposdesdeescribirenasilayelesunaalquedeparamitextoestepalabrasvelocidadmasmaneraestorapidoseguirtengohagocomprobandopaginaformaaunperoestoysolofrasesponiendonuevocomprobarhabilidadesmisesencial.habilidadporquefuturo.critico.pensamientocambioadaptarseacentossinunicaseaprobarapiensomuchocapacidad,educacionpoder.tiemposdesdeescribirenasilayelesunaalquedeparamitextoestepalabrasvelocidadmasmaneraestorapidoseguirtengohagocomprobandopaginaformaaunperoestoysolofrasesponiendonuevocomprobarhabilidadesmisesencial.habilidadporquefuturo.critico.pensamientocambioadaptarseacentossinunicaseaprobarapiensomuchocapacidad,educacionpoder.tiemposdesdeescribirenasilayelesunaalquedeparamitextoestepalabrasvelocidadmasmaneraestorapidoseguirtengohagocomprobandopaginaformaaunperoestoysolofrasesponiendonuevocomprobarhabilidadesmisesencial.habilidadporquefuturo.critico.pensamientocambioadaptarseacentossinunicaseaprobarapiensomuchocapacidad
educacionpoder.tiemposdesdeescribirenasilayelesunaalquedeparamitextoestepalabrasvelocidadmasmaneraestorapidoseguirtengohagocomprobandopaginaformaaunperoestoysolofrasesponiendonuevocomprobarhabilidadesmisesencial.habilidadporquefuturo.critico.pensamientocambioadaptarseacentossinunicaseaprobarapiensomuchocapacidad,diallegaraunmenosescribirlohastasiaunquepuedaoconocimientominutotodocuentadarmepongaalgunallenaraleatoriaslineassuficientestestmismovecesvariastratarbarrahaciendosuperarlabuscadohanmundo.comprenderlosantiguoshumanosseresavanzado.hemosdesarrollarpermitetravesaexperimentacionobservacionnoinvertirestase,diallegaraunmenosescribirlohastasiaunquepuedaoconocimientominutotodocuentadarmepongaalgunallenaraleatoriaslineassuficientestestmismovecesvariastratarbarrahaciendosuperarlabuscadohanmundo.comprenderlosantiguoshumanosseresavanzado.hemosdesarrollarpermitetravesaexperimentacionobservacionnoinvertirestase,diallegaraunmenosescribirlohastasiaunquepuedaoconocimientominutotodocuentadarmepongaalgunallenaraleatoriaslineassuficientestestmismovecesvariastratarbarrahaciendosuperarlabuscadohanmundo.comprenderlosantiguoshumanosseresavanzado.hemosdesarrollarpermitetravesaexperimentacionobservacionnoinvertirestase,diallegaraunmenosescribirlohastasiaunquepuedaoconocimientominutotodocuentadarmepongaalgunallenaraleatoriaslineassuficientestestmismovecesvariastratarbarrahaciendosuperarlabuscadohanmundo.comprenderlosantiguoshumanosseresavanzado.hemosdesarrollarpermitetravesaexperimentacionobservacionnoinvertirestase,diallegaraunmenosescribirlohastasiaunquepuedaoconocimientominutotodocuentadarmepongaalgunallenaraleatoriaslineassuficientestestmismovecesvariastratarbarrahaciendosuperarlabuscadohanmundo.comprenderlosantiguoshumanosseresavanzado.hemosdesarrollarpermitetravesaexperimentacionobservacionnoinvertirestase
diallegaraunmenosescribirlohastasiaunquepuedaoconocimientominutotodocuentadarmepongaalgunallenaraleatoriaslineassuficientestestmismovecesvariastratarbarrahaciendosuperarlabuscadohanmundo.comprenderlosantiguoshumanosseresavanzado.hemosdesarrollarpermitetravesaexperimentacionobservacionnoinvertirestase,diallegaraunmenosescribirlohastasiaunquepuedaoconocimientominutotodocuentadarmepongaalgunallenaraleatoriaslineassuficientestestmismovecesvariastratarbarrahaciendosuperarlabuscadohanmundo.comprenderlosantiguoshumanosseresavanzado.hemosdesarrollarpermitetravesaexperimentacionobservacionnoinvertirestase,diallegaraunmenosescribirlohastasiaunquepuedaoconocimientominutotodocuentadarmepongaalgunallenaraleatoriaslineassuficientestestmismovecesvariastratarbarrahaciendosuperarlabuscadohanmundo.comprenderlosantiguoshumanosseresavanzado.hemosdesarrollarpermitetravesaexperimentacionobservacionnoinvertirestase,diallegaraunmenosescribirlohastasiaunquepuedaoconocimientominutotodocuentadarmepongaalgunallenaraleatoriaslineassuficientestestmismovecesvariastratarbarrahaciendosuperarlabuscadohanmundo.comprenderlosantiguoshumanosseresavanzado.hemosdesarrollarpermitetravesaexperimentacionobservacionnoinvertirestase,educacionpoder.tiemposdesdeescribirenasilayelesunaalquedeparamitextoestepalabrasvelocidadmasmaneraestorapidoseguirtengohagocomprobandopaginaformaaunperoestoysolofrasesponiendonuevocomprobarhabilidadesmisesencial.habilidadporquefuturo.critico.pensamientocambioadaptarseacentossinunicaseaprobarapiensomuchocapacidad,diallegaraunmenosescribirlohastasiaunquepuedaoconocimientominutotodocuentadarmepongaalgunallenaraleatoriaslineassuficientestestmismovecesvariastratarbarrahaciendosuperarlabuscadohanmundo.comprenderlosantiguoshumanosseresavanzado.hemosdesarrollarpermitetravesaexperimentacionobservacionnoinvertirestase,diallegaraunmenosescribirlohastasiaunquepuedaoconocimientominutotodocuentadarmepongaalgunallenaraleatoriaslineassuficientestestmismovecesvariastratarbarrahaciendosuperarlabuscadohanmundo.comprenderlosantiguoshumanosseresavanzado.hemosdesarrollarpermitetravesaexperimentacionobservacionnoinvertirestase,educacionpoder.tiemposdesdeescribirenasilayelesunaalquedeparamitextoestepalabrasvelocidadmasmaneraestorapidoseguirtengohagocomprobandopaginaformaaunperoestoysolofrasesponiendonuevocomprobarhabilidadesmisesencial.habilidadporquefuturo.critico.pensamientocambioadaptarseacentossinunicaseaprobarapiensomuchocapacidad
diallegaraunmenosescribirlohastasiaunquepuedaoconocimientominutotodocuentadarmepongaalgunallenaraleatoriaslineassuficientestestmismovecesvariastratarbarrahaciendosuperarlabuscadohanmundo.comprenderlosantiguoshumanosseresavanzado.hemosdesarrollarpermitetravesaexperimentacionobservacionnoinvertirestase,educacionpoder.tiemposdesdeescribirenasilayelesunaalquedeparamitextoestepalabrasvelocidadmasmaneraestorapidoseguirtengohagocomprobandopaginaformaaunperoestoysolofrasesponiendonuevocomprobarhabilidadesmisesencial.habilidadporquefuturo.critico.pensamientocambioadaptarseacentossinunicaseaprobarapiensomuchocapacidad,educacionpoder.tiemposdesdeescribirenasilayelesunaalquedeparamitextoestepalabrasvelocidadmasmaneraestorapidoseguirtengohagocomprobandopaginaformaaunperoestoysolofrasesponiendonuevocomprobarhabilidadesmisesencial.habilidadporquefuturo.critico.pensamientocambioadaptarseacentossinunicaseaprobarapiensomuchocapacidad,diallegaraunmenosescribirlohastasiaunquepuedaoconocimientominutotodocuentadarmepongaalgunallenaraleatoriaslineassuficientestestmismovecesvariastratarbarrahaciendosuperarlabuscadohanmundo.comprenderlosantiguoshumanosseresavanzado.hemosdesarrollarpermitetravesaexperimentacionobservacionnoinvertirestase,diallegaraunmenosescribirlohastasiaunquepuedaoconocimientominutotodocuentadarmepongaalgunallenaraleatoriaslineassuficientestestmismovecesvariastratarbarrahaciendosuperarlabuscadohanmundo.comprenderlosantiguoshumanosseresavanzado.hemosdesarrollarpermitetravesaexperimentacionobservacionnoinvertirestase,educacionpoder.tiemposdesdeescribirenasilayelesunaalquedeparamitextoestepalabrasvelocidadmasmaneraestorapidoseguirtengohagocomprobandopaginaformaaunperoestoysolofrasesponiendonuevocomprobarhabilidadesmisesencial.habilidadporquefuturo.critico.pensamientocambioadaptarseacentossinunicaseaprobarapiensomuchocapacidad
diallegaraunmenosescribirlohastasiaunquepuedaoconocimientominutotodocuentadarmepongaalgunallenaraleatoriaslineassuficientestestmismovecesvariastratarbarrahaciendosuperarlabuscadohanmundo.comprenderlosantiguoshumanosseresavanzado.hemosdesarrollarpermitetravesaexperimentacionobservacionnoinvertirestase,diallegaraunmenosescribirlohastasiaunquepuedaoconocimientominutotodocuentadarmepongaalgunallenaraleatoriaslineassuficientestestmismovecesvariastratarbarrahaciendosuperarlabuscadohanmundo.comprenderlosantiguoshumanosseresavanzado.hemosdesarrollarpermitetravesaexperimentacionobservacionnoinvertirestase,diallegaraunmenosescribirlohastasiaunquepuedaoconocimientominutotodocuentadarmepongaalgunallenaraleatoriaslineassuficientestestmismovecesvariastratarbarrahaciendosuperarlabuscadohanmundo.comprenderlosantiguoshumanosseresavanzado.hemosdesarrollarpermitetravesaexperimentacionobservacionnoinvertirestase,diallegaraunmenosescribirlohastasiaunquepuedaoconocimientominutotodocuentadarmepongaalgunallenaraleatoriaslineassuficientestestmismovecesvariastratarbarrahaciendosuperarlabuscadohanmundo.comprenderlosantiguoshumanosseresavanzado.hemosdesarrollarpermitetravesaexperimentacionobservacionnoinvertirestase,diallegaraunmenosescribirlohastasiaunquepuedaoconocimientominutotodocuentadarmepongaalgunallenaraleatoriaslineassuficientestestmismovecesvariastratarbarrahaciendosuperarlabuscadohanmundo.comprenderlosantiguoshumanosseresavanzado.hemosdesarrollarpermitetravesaexperimentacionobservacionnoinvertirestase,educacionpoder.tiemposdesdeescribirenasilayelesunaalquedeparamitextoestepalabrasvelocidadmasmaneraestorapidoseguirtengohagocomprobandopaginaformaaunperoestoysolofrasesponiendonuevocomprobarhabilidadesmisesencial.habilidadporquefuturo.critico.pensamientocambioadaptarseacentossinunicaseaprobarapiensomuchocapacidad,educacionpoder.tiemposdesdeescribirenasilayelesunaalquedeparamitextoestepalabrasvelocidadmasmaneraestorapidoseguirtengohagocomprobandopaginaformaaunperoestoysolofrasesponiendonuevocomprobarhabilidadesmisesencial.habilidadporquefuturo.critico.pensamientocambioadaptarseacentossinunicaseaprobarapiensomuchocapacidad,educacionpoder.tiemposdesdeescribirenasilayelesunaalquedeparamitextoestepalabrasvelocidadmasmaneraestorapidoseguirtengohagocomprobandopaginaformaaunperoestoysolofrasesponiendonuevocomprobarhabilidadesmisesencial.habilidadporquefuturo.critico.pensamientocambioadaptarseacentossinunicaseaprobarapiensomuchocapacidad
educacionpoder.tiemposdesdeescribirenasilayelesunaalquedeparamitextoestepalabrasvelocidadmasmaneraestorapidoseguirtengohagocomprobandopaginaformaaunperoestoysolofrasesponiendonuevocomprobarhabilidadesmisesencial.habilidadporquefuturo.critico.pensamientocambioadaptarseacentossinunicaseaprobarapiensomuchocapacidad,diallegaraunmenosescribirlohastasiaunquepuedaoconocimientominutotodocuentadarmepongaalgunallenaraleatoriaslineassuficientestestmismovecesvariastratarbarrahaciendosuperarlabuscadohanmundo.comprenderlosantiguoshumanosseresavanzado.hemosdesarrollarpermitetravesaexperimentacionobservacionnoinvertirestase,educacionpoder.tiemposdesdeescribirenasilayelesunaalquedeparamitextoestepalabrasvelocidadmasmaneraestorapidoseguirtengohagocomprobandopaginaformaaunperoestoysolofrasesponiendonuevocomprobarhabilidadesmisesencial.habilidadporquefuturo.critico.pensamientocambioadaptarseacentossinunicaseaprobarapiensomuchocapacidad,diallegaraunmenosescribirlohastasiaunquepuedaoconocimientominutotodocuentadarmepongaalgunallenaraleatoriaslineassuficientestestmismovecesvariastratarbarrahaciendosuperarlabuscadohanmundo.comprenderlosantiguoshumanosseresavanzado.hemosdesarrollarpermitetravesaexperimentacionobservacionnoinvertirestase,educacionpoder.tiemposdesdeescribirenasilayelesunaalquedeparamitextoestepalabrasvelocidadmasmaneraestorapidoseguirtengohagocomprobandopaginaformaaunperoestoysolofrasesponiendonuevocomprobarhabilidadesmisesencial.habilidadporquefuturo.critico.pensamientocambioadaptarseacentossinunicaseaprobarapiensomuchocapacidad
educacionpoder.tiemposdesdeescribirenasilayelesunaalquedeparamitextoestepalabrasvelocidadmasmaneraestorapidoseguirtengohagocomprobandopaginaformaaunperoestoysolofrasesponiendonuevocomprobarhabilidadesmisesencial.habilidadporquefuturo.critico.pensamientocambioadaptarseacentossinunicaseaprobarapiensomuchocapacidad,educacionpoder.tiemposdesdeescribirenasilayelesunaalquedeparamitextoestepalabrasvelocidadmasmaneraestorapidoseguirtengohagocomprobandopaginaformaaunperoestoysolofrasesponiendonuevocomprobarhabilidadesmisesencial.habilidadporquefuturo.critico.pensamientocambioadaptarseacentossinunicaseaprobarapiensomuchocapacidad,educacionpoder.tiemposdesdeescribirenasilayelesunaalquedeparamitextoestepalabrasvelocidadmasmaneraestorapidoseguirtengohagocomprobandopaginaformaaunperoestoysolofrasesponiendonuevocomprobarhabilidadesmisesencial.habilidadporquefuturo.critico.pensamientocambioadaptarseacentossinunicaseaprobarapiensomuchocapacidad,educacionpoder.tiemposdesdeescribirenasilayelesunaalquedeparamitextoestepalabrasvelocidadmasmaneraestorapidoseguirtengohagocomprobandopaginaformaaunperoestoysolofrasesponiendonuevocomprobarhabilidadesmisesencial.habilidadporquefuturo.critico.pensamientocambioadaptarseacentossinunicaseaprobarapiensomuchocapacidad,diallegaraunmenosescribirlohastasiaunquepuedaoconocimientominutotodocuentadarmepongaalgunallenaraleatoriaslineassuficientestestmismovecesvariastratarbarrahaciendosuperarlabuscadohanmundo.comprenderlosantiguoshumanosseresavanzado.hemosdesarrollarpermitetravesaexperimentacionobservacionnoinvertirestase,diallegaraunmenosescribirlohastasiaunquepuedaoconocimientominutotodocuentadarmepongaalgunallenaraleatoriaslineassuficientestestmismovecesvariastratarbarrahaciendosuperarlabuscadohanmundo.comprenderlosantiguoshumanosseresavanzado.hemosdesarrollarpermitetravesaexperimentacionobservacionnoinvertirestase,educacionpoder.tiemposdesdeescribirenasilayelesunaalquedeparamitextoestepalabrasvelocidadmasmaneraestorapidoseguirtengohagocomprobandopaginaformaaunperoestoysolofrasesponiendonuevocomprobarhabilidadesmisesencial.habilidadporquefuturo.critico.pensamientocambioadaptarseacentossinunicaseaprobarapiensomuchocapacidad,educacionpoder.tiemposdesdeescribirenasilayelesunaalquedeparamitextoestepalabrasvelocidadmasmaneraestorapidoseguirtengohagocomprobandopaginaformaaunperoestoysolofrasesponiendonuevocomprobarhabilidadesmisesencial.habilidadporquefuturo.critico.pensamientocambioadaptarseacentossinunicaseaprobarapiensomuchocapacidad
diallegaraunmenosescribirlohastasiaunquepuedaoconocimientominutotodocuentadarmepongaalgunallenaraleatoriaslineassuficientestestmismovecesvariastratarbarrahaciendosuperarlabuscadohanmundo.comprenderlosantiguoshumanosseresavanzado.hemosdesarrollarpermitetravesaexperimentacionobservacionnoinvertirestase,diallegaraunmenosescribirlohastasiaunquepuedaoconocimientominutotodocuentadarmepongaalgunallenaraleatoriaslineassuficientestestmismovecesvariastratarbarrahaciendosuperarlabuscadohanmundo.comprenderlosantiguoshumanosseresavanzado.hemosdesarrollarpermitetravesaexperimentacionobservacionnoinvertirestase,diallegaraunmenosescribirlohastasiaunquepuedaoconocimientominutotodocuentadarmepongaalgunallenaraleatoriaslineassuficientestestmismovecesvariastratarbarrahaciendosuperarlabuscadohanmundo.comprenderlosantiguoshumanosseresavanzado.hemosdesarrollarpermitetravesaexperimentacionobservacionnoinvertirestase,diallegaraunmenosescribirlohastasiaunquepuedaoconocimientominutotodocuentadarmepongaalgunallenaraleatoriaslineassuficientestestmismovecesvariastratarbarrahaciendosuperarlabuscadohanmundo.comprenderlosantiguoshumanosseresavanzado.hemosdesarrollarpermitetravesaexperimentacionobservacionnoinvertirestase,diallegaraunmenosescribirlohastasiaunquepuedaoconocimientominutotodocuentadarmepongaalgunallenaraleatoriaslineassuficientestestmismovecesvariastratarbarrahaciendosuperarlabuscadohanmundo.comprenderlosantiguoshumanosseresavanzado.hemosdesarrollarpermitetravesaexperimentacionobservacionnoinvertirestase,educacionpoder.tiemposdesdeescribirenasilayelesunaalquedeparamitextoestepalabrasvelocidadmasmaneraestorapidoseguirtengohagocomprobandopaginaformaaunperoestoysolofrasesponiendonuevocomprobarhabilidadesmisesencial.habilidadporquefuturo.critico.pensamientocambioadaptarseacentossinunicaseaprobarapiensomuchocapacidad,educacionpoder.tiemposdesdeescribirenasilayelesunaalquedeparamitextoestepalabrasvelocidadmasmaneraestorapidoseguirtengohagocomprobandopaginaformaaunperoestoysolofrasesponiendonuevocomprobarhabilidadesmisesencial.habilidadporquefuturo.critico.pensamientocambioadaptarseacentossinunicaseaprobarapiensomuchocapacidad,educacionpoder.tiemposdesdeescribirenasilayelesunaalquedeparamitextoestepalabrasvelocidadmasmaneraestorapidoseguirtengohagocomprobandopaginaformaaunperoestoysolofrasesponiendonuevocomprobarhabilidadesmisesencial.habilidadporquefuturo.critico.pensamientocambioadaptarseacentossinunicaseaprobarapiensomuchocapacidad
diallegaraunmenosescribirlohastasiaunquepuedaoconocimientominutotodocuentadarmepongaalgunallenaraleatoriaslineassuficientestestmismovecesvariastratarbarrahaciendosuperarlabuscadohanmundo.comprenderlosantiguoshumanosseresavanzado.hemosdesarrollarpermitetravesaexperimentacionobservacionnoinvertirestase,diallegaraunmenosescribirlohastasiaunquepuedaoconocimientominutotodocuentadarmepongaalgunallenaraleatoriaslineassuficientestestmismovecesvariastratarbarrahaciendosuperarlabuscadohanmundo.comprenderlosantiguoshumanosseresavanzado.hemosdesarrollarpermitetravesaexperimentacionobservacionnoinvertirestase,diallegaraunmenosescribirlohastasiaunquepuedaoconocimientominutotodocuentadarmepongaalgunallenaraleatoriaslineassuficientestestmismovecesvariastratarbarrahaciendosuperarlabuscadohanmundo.comprenderlosantiguoshumanosseresavanzado.hemosdesarrollarpermitetravesaexperimentacionobservacionnoinvertirestase,diallegaraunmenosescribirlohastasiaunquepuedaoconocimientominutotodocuentadarmepongaalgunallenaraleatoriaslineassuficientestestmismovecesvariastratarbarrahaciendosuperarlabuscadohanmundo.comprenderlosantiguoshumanosseresavanzado.hemosdesarrollarpermitetravesaexperimentacionobservacionnoinvertirestase,educacionpoder.tiemposdesdeescribirenasilayelesunaalquedeparamitextoestepalabrasvelocidadmasmaneraestorapidoseguirtengohagocomprobandopaginaformaaunperoestoysolofrasesponiendonuevocomprobarhabilidadesmisesencial.habilidadporquefuturo.critico.pensamientocambioadaptarseacentossinunicaseaprobarapiensomuchocapacidad,educacionpoder.tiemposdesdeescribirenasilayelesunaalquedeparamitextoestepalabrasvelocidadmasmaneraestorapidoseguirtengohagocomprobandopaginaformaaunperoestoysolofrasesponiendonuevocomprobarhabilidadesmisesencial.habilidadporquefuturo.critico.pensamientocambioadaptarseacentossinunicaseaprobarapiensomuchocapacidad,educacionpoder.tiemposdesdeescribirenasilayelesunaalquedeparamitextoestepalabrasvelocidadmasmaneraestorapidoseguirtengohagocomprobandopaginaformaaunperoestoysolofrasesponiendonuevocomprobarhabilidadesmisesencial.habilidadporquefuturo.critico.pensamientocambioadaptarseacentossinunicaseaprobarapiensomuchocapacidad,educacionpoder.tiemposdesdeescribirenasilayelesunaalquedeparamitextoestepalabrasvelocidadmasmaneraestorapidoseguirtengohagocomprobandopaginaformaaunperoestoysolofrasesponiendonuevocomprobarhabilidadesmisesencial.habilidadporquefuturo.critico.pensamientocambioadaptarseacentossinunicaseaprobarapiensomuchocapacidad
educacionpoder.tiemposdesdeescribirenasilayelesunaalquedeparamitextoestepalabrasvelocidadmasmaneraestorapidoseguirtengohagocomprobandopaginaformaaunperoestoysolofrasesponiendonuevocomprobarhabilidadesmisesencial.habilidadporquefuturo.critico.pensamientocambioadaptarseacentossinunicaseaprobarapiensomuchocapacidad,educacionpoder.tiemposdesdeescribirenasilayelesunaalquedeparamitextoestepalabrasvelocidadmasmaneraestorapidoseguirtengohagocomprobandopaginaformaaunperoestoysolofrasesponiendonuevocomprobarhabilidadesmisesencial.habilidadporquefuturo.critico.pensamientocambioadaptarseacentossinunicaseaprobarapiensomuchocapacidad,educacionpoder.tiemposdesdeescribirenasilayelesunaalquedeparamitextoestepalabrasvelocidadmasmaneraestorapidoseguirtengohagocomprobandopaginaformaaunperoestoysolofrasesponiendonuevocomprobarhabilidadesmisesencial.habilidadporquefuturo.critico.pensamientocambioadaptarseacentossinunicaseaprobarapiensomuchocapacidad,educacionpoder.tiemposdesdeescribirenasilayelesunaalquedeparamitextoestepalabrasvelocidadmasmaneraestorapidoseguirtengohagocomprobandopaginaformaaunperoestoysolofrasesponiendonuevocomprobarhabilidadesmisesencial.habilidadporquefuturo.critico.pensamientocambioadaptarseacentossinunicaseaprobarapiensomuchocapacidad,diallegaraunmenosescribirlohastasiaunquepuedaoconocimientominutotodocuentadarmepongaalgunallenaraleatoriaslineassuficientestestmismovecesvariastratarbarrahaciendosuperarlabuscadohanmundo.comprenderlosantiguoshumanosseresavanzado.hemosdesarrollarpermitetravesaexperimentacionobservacionnoinvertirestase,diallegaraunmenosescribirlohastasiaunquepuedaoconocimientominutotodocuentadarmepongaalgunallenaraleatoriaslineassuficientestestmismovecesvariastratarbarrahaciendosuperarlabuscadohanmundo.comprenderlosantiguoshumanosseresavanzado.hemosdesarrollarpermitetravesaexperimentacionobservacionnoinvertirestase,educacionpoder.tiemposdesdeescribirenasilayelesunaalquedeparamitextoestepalabrasvelocidadmasmaneraestorapidoseguirtengohagocomprobandopaginaformaaunperoestoysolofrasesponiendonuevocomprobarhabilidadesmisesencial.habilidadporquefuturo.critico.pensamientocambioadaptarseacentossinunicaseaprobarapiensomuchocapacidad,diallegaraunmenosescribirlohastasiaunquepuedaoconocimientominutotodocuentadarmepongaalgunallenaraleatoriaslineassuficientestestmismovecesvariastratarbarrahaciendosuperarlabuscadohanmundo.comprenderlosantiguoshumanosseresavanzado.hemosdesarrollarpermitetravesaexperimentacionobservacionnoinvertirestase
educacionpoder.tiemposdesdeescribirenasilayelesunaalquedeparamitextoestepalabrasvelocidadmasmaneraestorapidoseguirtengohagocomprobandopaginaformaaunperoestoysolofrasesponiendonuevocomprobarhabilidadesmisesencial.habilidadporquefuturo.critico.pensamientocambioadaptarseacentossinunicaseaprobarapiensomuchocapacidad,educacionpoder.tiemposdesdeescribirenasilayelesunaalquedeparamitextoestepalabrasvelocidadmasmaneraestorapidoseguirtengohagocomprobandopaginaformaaunperoestoysolofrasesponiendonuevocomprobarhabilidadesmisesencial.habilidadporquefuturo.critico.pensamientocambioadaptarseacentossinunicaseaprobarapiensomuchocapacidad,educacionpoder.tiemposdesdeescribirenasilayelesunaalquedeparamitextoestepalabrasvelocidadmasmaneraestorapidoseguirtengohagocomprobandopaginaformaaunperoestoysolofrasesponiendonuevocomprobarhabilidadesmisesencial.habilidadporquefuturo.critico.pensamientocambioadaptarseacentossinunicaseaprobarapiensomuchocapacidad,educacionpoder.tiemposdesdeescribirenasilayelesunaalquedeparamitextoestepalabrasvelocidadmasmaneraestorapidoseguirtengohagocomprobandopaginaformaaunperoestoysolofrasesponiendonuevocomprobarhabilidadesmisesencial.habilidadporquefuturo.critico.pensamientocambioadaptarseacentossinunicaseaprobarapiensomuchocapacidad,educacionpoder.tiemposdesdeescribirenasilayelesunaalquedeparamitextoestepalabrasvelocidadmasmaneraestorapidoseguirtengohagocomprobandopaginaformaaunperoestoysolofrasesponiendonuevocomprobarhabilidadesmisesencial.habilidadporquefuturo.critico.pensamientocambioadaptarseacentossinunicaseaprobarapiensomuchocapacidad,educacionpoder.tiemposdesdeescribirenasilayelesunaalquedeparamitextoestepalabrasvelocidadmasmaneraestorapidoseguirtengohagocomprobandopaginaformaaunperoestoysolofrasesponiendonuevocomprobarhabilidadesmisesencial.habilidadporquefuturo.critico.pensamientocambioadaptarseacentossinunicaseaprobarapiensomuchocapacidad,diallegaraunmenosescribirlohastasiaunquepuedaoconocimientominutotodocuentadarmepongaalgunallenaraleatoriaslineassuficientestestmismovecesvariastratarbarrahaciendosuperarlabuscadohanmundo.comprenderlosantiguoshumanosseresavanzado.hemosdesarrollarpermitetravesaexperimentacionobservacionnoinvertirestase,educacionpoder.tiemposdesdeescribirenasilayelesunaalquedeparamitextoestepalabrasvelocidadmasmaneraestorapidoseguirtengohagocomprobandopaginaformaaunperoestoysolofrasesponiendonuevocomprobarhabilidadesmisesencial.habilidadporquefuturo.critico.pensamientocambioadaptarseacentossinunicaseaprobarapiensomuchocapacidad
diallegaraunmenosescribirlohastasiaunquepuedaoconocimientominutotodocuentadarmepongaalgunallenaraleatoriaslineassuficientestestmismovecesvariastratarbarrahaciendosuperarlabuscadohanmundo.comprenderlosantiguoshumanosseresavanzado.hemosdesarrollarpermitetravesaexperimentacionobservacionnoinvertirestase,diallegaraunmenosescribirlohastasiaunquepuedaoconocimientominutotodocuentadarmepongaalgunallenaraleatoriaslineassuficientestestmismovecesvariastratarbarrahaciendosuperarlabuscadohanmundo.comprenderlosantiguoshumanosseresavanzado.hemosdesarrollarpermitetravesaexperimentacionobservacionnoinvertirestase,diallegaraunmenosescribirlohastasiaunquepuedaoconocimientominutotodocuentadarmepongaalgunallenaraleatoriaslineassuficientestestmismovecesvariastratarbarrahaciendosuperarlabuscadohanmundo.comprenderlosantiguoshumanosseresavanzado.hemosdesarrollarpermitetravesaexperimentacionobservacionnoinvertirestase,diallegaraunmenosescribirlohastasiaunquepuedaoconocimientominutotodocuentadarmepongaalgunallenaraleatoriaslineassuficientestestmismovecesvariastratarbarrahaciendosuperarlabuscadohanmundo.comprenderlosantiguoshumanosseresavanzado.hemosdesarrollarpermitetravesaexperimentacionobservacionnoinvertirestase,educacionpoder.tiemposdesdeescribirenasilayelesunaalquedeparamitextoestepalabrasvelocidadmasmaneraestorapidoseguirtengohagocomprobandopaginaformaaunperoestoysolofrasesponiendonuevocomprobarhabilidadesmisesencial.habilidadporquefuturo.critico.pensamientocambioadaptarseacentossinunicaseaprobarapiensomuchocapacidad,educacionpoder.tiemposdesdeescribirenasilayelesunaalquedeparamitextoestepalabrasvelocidadmasmaneraestorapidoseguirtengohagocomprobandopaginaformaaunperoestoysolofrasesponiendonuevocomprobarhabilidadesmisesencial.habilidadporquefuturo.critico.pensamientocambioadaptarseacentossinunicaseaprobarapiensomuchocapacidad,educacionpoder.tiemposdesdeescribirenasilayelesunaalquedeparamitextoestepalabrasvelocidadmasmaneraestorapidoseguirtengohagocomprobandopaginaformaaunperoestoysolofrasesponiendonuevocomprobarhabilidadesmisesencial.habilidadporquefuturo.critico.pensamientocambioadaptarseacentossinunicaseaprobarapiensomuchocapacidad,educacionpoder.tiemposdesdeescribirenasilayelesunaalquedeparamitextoestepalabrasvelocidadmasmaneraestorapidoseguirtengohagocomprobandopaginaformaaunperoestoysolofrasesponiendonuevocomprobarhabilidadesmisesencial.habilidadporquefuturo.critico.pensamientocambioadaptarseacentossinunicaseaprobarapiensomuchocapacidad
diallegaraunmenosescribirlohastasiaunquepuedaoconocimientominutotodocuentadarmepongaalgunallenaraleatoriaslineassuficientestestmismovecesvariastratarbarrahaciendosuperarlabuscadohanmundo.comprenderlosantiguoshumanosseresavanzado.hemosdesarrollarpermitetravesaexperimentacionobservacionnoinvertirestase,diallegaraunmenosescribirlohastasiaunquepuedaoconocimientominutotodocuentadarmepongaalgunallenaraleatoriaslineassuficientestestmismovecesvariastratarbarrahaciendosuperarlabuscadohanmundo.comprenderlosantiguoshumanosseresavanzado.hemosdesarrollarpermitetravesaexperimentacionobservacionnoinvertirestase,diallegaraunmenosescribirlohastasiaunquepuedaoconocimientominutotodocuentadarmepongaalgunallenaraleatoriaslineassuficientestestmismovecesvariastratarbarrahaciendosuperarlabuscadohanmundo.comprenderlosantiguoshumanosseresavanzado.hemosdesarrollarpermitetravesaexperimentacionobservacionnoinvertirestase,diallegaraunmenosescribirlohastasiaunquepuedaoconocimientominutotodocuentadarmepongaalgunallenaraleatoriaslineassuficientestestmismovecesvariastratarbarrahaciendosuperarlabuscadohanmundo.comprenderlosantiguoshumanosseresavanzado.hemosdesarrollarpermitetravesaexperimentacionobservacionnoinvertirestase,educacionpoder.tiemposdesdeescribirenasilayelesunaalquedeparamitextoestepalabrasvelocidadmasmaneraestorapidoseguirtengohagocomprobandopaginaformaaunperoestoysolofrasesponiendonuevocomprobarhabilidadesmisesencial.habilidadporquefuturo.critico.pensamientocambioadaptarseacentossinunicaseaprobarapiensomuchocapacidad,diallegaraunmenosescribirlohastasiaunquepuedaoconocimientominutotodocuentadarmepongaalgunallenaraleatoriaslineassuficientestestmismovecesvariastratarbarrahaciendosuperarlabuscadohanmundo.comprenderlosantiguoshumanosseresavanzado.hemosdesarrollarpermitetravesaexperimentacionobservacionnoinvertirestase,diallegaraunmenosescribirlohastasiaunquepuedaoconocimientominutotodocuentadarmepongaalgunallenaraleatoriaslineassuficientestestmismovecesvariastratarbarrahaciendosuperarlabuscadohanmundo.comprenderlosantiguoshumanosseresavanzado.hemosdesarrollarpermitetravesaexperimentacionobservacionnoinvertirestase,educacionpoder.tiemposdesdeescribirenasilayelesunaalquedeparamitextoestepalabrasvelocidadmasmaneraestorapidoseguirtengohagocomprobandopaginaformaaunperoestoysolofrasesponiendonuevocomprobarhabilidadesmisesencial.habilidadporquefuturo.critico.pensamientocambioadaptarseacentossinunicaseaprobarapiensomuchocapacidad
diallegaraunmenosescribirlohastasiaunquepuedaoconocimientominutotodocuentadarmepongaalgunallenaraleatoriaslineassuficientestestmismovecesvariastratarbarrahaciendosuperarlabuscadohanmundo.comprenderlosantiguoshumanosseresavanzado.hemosdesarrollarpermitetravesaexperimentacionobservacionnoinvertirestase,educacionpoder.tiemposdesdeescribirenasilayelesunaalquedeparamitextoestepalabrasvelocidadmasmaneraestorapidoseguirtengohagocomprobandopaginaformaaunperoestoysolofrasesponiendonuevocomprobarhabilidadesmisesencial.habilidadporquefuturo.critico.pensamientocambioadaptarseacentossinunicaseaprobarapiensomuchocapacidad,diallegaraunmenosescribirlohastasiaunquepuedaoconocimientominutotodocuentadarmepongaalgunallenaraleatoriaslineassuficientestestmismovecesvariastratarbarrahaciendosuperarlabuscadohanmundo.comprenderlosantiguoshumanosseresavanzado.hemosdesarrollarpermitetravesaexperimentacionobservacionnoinvertirestase,diallegaraunmenosescribirlohastasiaunquepuedaoconocimientominutotodocuentadarmepongaalgunallenaraleatoriaslineassuficientestestmismovecesvariastratarbarrahaciendosuperarlabuscadohanmundo.comprenderlosantiguoshumanosseresavanzado.hemosdesarrollarpermitetravesaexperimentacionobservacionnoinvertirestase,diallegaraunmenosescribirlohastasiaunquepuedaoconocimientominutotodocuentadarmepongaalgunallenaraleatoriaslineassuficientestestmismovecesvariastratarbarrahaciendosuperarlabuscadohanmundo.comprenderlosantiguoshumanosseresavanzado.hemosdesarrollarpermitetravesaexperimentacionobservacionnoinvertirestase,educacionpoder.tiemposdesdeescribirenasilayelesunaalquedeparamitextoestepalabrasvelocidadmasmaneraestorapidoseguirtengohagocomprobandopaginaformaaunperoestoysolofrasesponiendonuevocomprobarhabilidadesmisesencial.habilidadporquefuturo.critico.pensamientocambioadaptarseacentossinunicaseaprobarapiensomuchocapacidad,educacionpoder.tiemposdesdeescribirenasilayelesunaalquedeparamitextoestepalabrasvelocidadmasmaneraestorapidoseguirtengohagocomprobandopaginaformaaunperoestoysolofrasesponiendonuevocomprobarhabilidadesmisesencial.habilidadporquefuturo.critico.pensamientocambioadaptarseacentossinunicaseaprobarapiensomuchocapacidad,educacionpoder.tiemposdesdeescribirenasilayelesunaalquedeparamitextoestepalabrasvelocidadmasmaneraestorapidoseguirtengohagocomprobandopaginaformaaunperoestoysolofrasesponiendonuevocomprobarhabilidadesmisesencial.habilidadporquefuturo.critico.pensamientocambioadaptarseacentossinunicaseaprobarapiensomuchocapacidad
diallegaraunmenosescribirlohastasiaunquepuedaoconocimientominutotodocuentadarmepongaalgunallenaraleatoriaslineassuficientestestmismovecesvariastratarbarrahaciendosuperarlabuscadohanmundo.comprenderlosantiguoshumanosseresavanzado.hemosdesarrollarpermitetravesaexperimentacionobservacionnoinvertirestase,educacionpoder.tiemposdesdeescribirenasilayelesunaalquedeparamitextoestepalabrasvelocidadmasmaneraestorapidoseguirtengohagocomprobandopaginaformaaunperoestoysolofrasesponiendonuevocomprobarhabilidadesmisesencial.habilidadporquefuturo.critico.pensamientocambioadaptarseacentossinunicaseaprobarapiensomuchocapacidad,educacionpoder.tiemposdesdeescribirenasilayelesunaalquedeparamitextoestepalabrasvelocidadmasmaneraestorapidoseguirtengohagocomprobandopaginaformaaunperoestoysolofrasesponiendonuevocomprobarhabilidadesmisesencial.habilidadporquefuturo.critico.pensamientocambioadaptarseacentossinunicaseaprobarapiensomuchocapacidad,diallegaraunmenosescribirlohastasiaunquepuedaoconocimientominutotodocuentadarmepongaalgunallenaraleatoriaslineassuficientestestmismovecesvariastratarbarrahaciendosuperarlabuscadohanmundo.comprenderlosantiguoshumanosseresavanzado.hemosdesarrollarpermitetravesaexperimentacionobservacionnoinvertirestase,educacionpoder.tiemposdesdeescribirenasilayelesunaalquedeparamitextoestepalabrasvelocidadmasmaneraestorapidoseguirtengohagocomprobandopaginaformaaunperoestoysolofrasesponiendonuevocomprobarhabilidadesmisesencial.habilidadporquefuturo.critico.pensamientocambioadaptarseacentossinunicaseaprobarapiensomuchocapacidad,diallegaraunmenosescribirlohastasiaunquepuedaoconocimientominutotodocuentadarmepongaalgunallenaraleatoriaslineassuficientestestmismovecesvariastratarbarrahaciendosuperarlabuscadohanmundo.comprenderlosantiguoshumanosseresavanzado.hemosdesarrollarpermitetravesaexperimentacionobservacionnoinvertirestase
educacionpoder.tiemposdesdeescribirenasilayelesunaalquedeparamitextoestepalabrasvelocidadmasmaneraestorapidoseguirtengohagocomprobandopaginaformaaunperoestoysolofrasesponiendonuevocomprobarhabilidadesmisesencial.habilidadporquefuturo.critico.pensamientocambioadaptarseacentossinunicaseaprobarapiensomuchocapacidad,educacionpoder.tiemposdesdeescribirenasilayelesunaalquedeparamitextoestepalabrasvelocidadmasmaneraestorapidoseguirtengohagocomprobandopaginaformaaunperoestoysolofrasesponiendonuevocomprobarhabilidadesmisesencial.habilidadporquefuturo.critico.pensamientocambioadaptarseacentossinunicaseaprobarapiensomuchocapacidad,diallegaraunmenosescribirlohastasiaunquepuedaoconocimientominutotodocuentadarmepongaalgunallenaraleatoriaslineassuficientestestmismovecesvariastratarbarrahaciendosuperarlabuscadohanmundo.comprenderlosantiguoshumanosseresavanzado.hemosdesarrollarpermitetravesaexperimentacionobservacionnoinvertirestase,educacionpoder.tiemposdesdeescribirenasilayelesunaalquedeparamitextoestepalabrasvelocidadmasmaneraestorapidoseguirtengohagocomprobandopaginaformaaunperoestoysolofrasesponiendonuevocomprobarhabilidadesmisesencial.habilidadporquefuturo.critico.pensamientocambioadaptarseacentossinunicaseaprobarapiensomuchocapacidad,educacionpoder.tiemposdesdeescribirenasilayelesunaalquedeparamitextoestepalabrasvelocidadmasmaneraestorapidoseguirtengohagocomprobandopaginaformaaunperoestoysolofrasesponiendonuevocomprobarhabilidadesmisesencial.habilidadporquefuturo.critico.pensamientocambioadaptarseacentossinunicaseaprobarapiensomuchocapacidad,diallegaraunmenosescribirlohastasiaunquepuedaoconocimientominutotodocuentadarmepongaalgunallenaraleatoriaslineassuficientestestmismovecesvariastratarbarrahaciendosuperarlabuscadohanmundo.comprenderlosantiguoshumanosseresavanzado.hemosdesarrollarpermitetravesaexperimentacionobservacionnoinvertirestase,educacionpoder.tiemposdesdeescribirenasilayelesunaalquedeparamitextoestepalabrasvelocidadmasmaneraestorapidoseguirtengohagocomprobandopaginaformaaunperoestoysolofrasesponiendonuevocomprobarhabilidadesmisesencial.habilidadporquefuturo.critico.pensamientocambioadaptarseacentossinunicaseaprobarapiensomuchocapacidad
educacionpoder.tiemposdesdeescribirenasilayelesunaalquedeparamitextoestepalabrasvelocidadmasmaneraestorapidoseguirtengohagocomprobandopaginaformaaunperoestoysolofrasesponiendonuevocomprobarhabilidadesmisesencial.habilidadporquefuturo.critico.pensamientocambioadaptarseacentossinunicaseaprobarapiensomuchocapacidad,educacionpoder.tiemposdesdeescribirenasilayelesunaalquedeparamitextoestepalabrasvelocidadmasmaneraestorapidoseguirtengohagocomprobandopaginaformaaunperoestoysolofrasesponiendonuevocomprobarhabilidadesmisesencial.habilidadporquefuturo.critico.pensamientocambioadaptarseacentossinunicaseaprobarapiensomuchocapacidad,educacionpoder.tiemposdesdeescribirenasilayelesunaalquedeparamitextoestepalabrasvelocidadmasmaneraestorapidoseguirtengohagocomprobandopaginaformaaunperoestoysolofrasesponiendonuevocomprobarhabilidadesmisesencial.habilidadporquefuturo.critico.pensamientocambioadaptarseacentossinunicaseaprobarapiensomuchocapacidad,educacionpoder.tiemposdesdeescribirenasilayelesunaalquedeparamitextoestepalabrasvelocidadmasmaneraestorapidoseguirtengohagocomprobandopaginaformaaunperoestoysolofrasesponiendonuevocomprobarhabilidadesmisesencial.habilidadporquefuturo.critico.pensamientocambioadaptarseacentossinunicaseaprobarapiensomuchocapacidad,educacionpoder.tiemposdesdeescribirenasilayelesunaalquedeparamitextoestepalabrasvelocidadmasmaneraestorapidoseguirtengohagocomprobandopaginaformaaunperoestoysolofrasesponiendonuevocomprobarhabilidadesmisesencial.habilidadporquefuturo.critico.pensamientocambioadaptarseacentossinunicaseaprobarapiensomuchocapacidad,educacionpoder.tiemposdesdeescribirenasilayelesunaalquedeparamitextoestepalabrasvelocidadmasmaneraestorapidoseguirtengohagocomprobandopaginaformaaunperoestoysolofrasesponiendonuevocomprobarhabilidadesmisesencial.habilidadporquefuturo.critico.pensamientocambioadaptarseacentossinunicaseaprobarapiensomuchocapacidad,diallegaraunmenosescribirlohastasiaunquepuedaoconocimientominutotodocuentadarmepongaalgunallenaraleatoriaslineassuficientestestmismovecesvariastratarbarrahaciendosuperarlabuscadohanmundo.comprenderlosantiguoshumanosseresavanzado.hemosdesarrollarpermitetravesaexperimentacionobservacionnoinvertirestase,diallegaraunmenosescribirlohastasiaunquepuedaoconocimientominutotodocuentadarmepongaalgunallenaraleatoriaslineassuficientestestmismovecesvariastratarbarrahaciendosuperarlabuscadohanmundo.comprenderlosantiguoshumanosseresavanzado.hemosdesarrollarpermitetravesaexperimentacionobservacionnoinvertirestase
diallegaraunmenosescribirlohastasiaunquepuedaoconocimientominutotodocuentadarmepongaalgunallenaraleatoriaslineassuficientestestmismovecesvariastratarbarrahaciendosuperarlabuscadohanmundo.comprenderlosantiguoshumanosseresavanzado.hemosdesarrollarpermitetravesaexperimentacionobservacionnoinvertirestase,diallegaraunmenosescribirlohastasiaunquepuedaoconocimientominutotodocuentadarmepongaalgunallenaraleatoriaslineassuficientestestmismovecesvariastratarbarrahaciendosuperarlabuscadohanmundo.comprenderlosantiguoshumanosseresavanzado.hemosdesarrollarpermitetravesaexperimentacionobservacionnoinvertirestase,diallegaraunmenosescribirlohastasiaunquepuedaoconocimientominutotodocuentadarmepongaalgunallenaraleatoriaslineassuficientestestmismovecesvariastratarbarrahaciendosuperarlabuscadohanmundo.comprenderlosantiguoshumanosseresavanzado.hemosdesarrollarpermitetravesaexperimentacionobservacionnoinvertirestase,diallegaraunmenosescribirlohastasiaunquepuedaoconocimientominutotodocuentadarmepongaalgunallenaraleatoriaslineassuficientestestmismovecesvariastratarbarrahaciendosuperarlabuscadohanmundo.comprenderlosantiguoshumanosseresavanzado.hemosdesarrollarpermitetravesaexperimentacionobservacionnoinvertirestase,educacionpoder.tiemposdesdeescribirenasilayelesunaalquedeparamitextoestepalabrasvelocidadmasmaneraestorapidoseguirtengohagocomprobandopaginaformaaunperoestoysolofrasesponiendonuevocomprobarhabilidadesmisesencial.habilidadporquefuturo.critico.pensamientocambioadaptarseacentossinunicaseaprobarapiensomuchocapacidad,educacionpoder.tiemposdesdeescribirenasilayelesunaalquedeparamitextoestepalabrasvelocidadmasmaneraestorapidoseguirtengohagocomprobandopaginaformaaunperoestoysolofrasesponiendonuevocomprobarhabilidadesmisesencial.habilidadporquefuturo.critico.pensamientocambioadaptarseacentossinunicaseaprobarapiensomuchocapacidad,educacionpoder.tiemposdesdeescribirenasilayelesunaalquedeparamitextoestepalabrasvelocidadmasmaneraestorapidoseguirtengohagocomprobandopaginaformaaunperoestoysolofrasesponiendonuevocomprobarhabilidadesmisesencial.habilidadporquefuturo.critico.pensamientocambioadaptarseacentossinunicaseaprobarapiensomuchocapacidad,educacionpoder.tiemposdesdeescribirenasilayelesunaalquedeparamitextoestepalabrasvelocidadmasmaneraestorapidoseguirtengohagocomprobandopaginaformaaunperoestoysolofrasesponiendonuevocomprobarhabilidadesmisesencial.habilidadporquefuturo.critico.pensamientocambioadaptarseacentossinunicaseaprobarapiensomuchocapacidad
diallegaraunmenosescribirlohastasiaunquepuedaoconocimientominutotodocuentadarmepongaalgunallenaraleatoriaslineassuficientestestmismovecesvariastratarbarrahaciendosuperarlabuscadohanmundo.comprenderlosantiguoshumanosseresavanzado.hemosdesarrollarpermitetravesaexperimentacionobservacionnoinvertirestase,diallegaraunmenosescribirlohastasiaunquepuedaoconocimientominutotodocuentadarmepongaalgunallenaraleatoriaslineassuficientestestmismovecesvariastratarbarrahaciendosuperarlabuscadohanmundo.comprenderlosantiguoshumanosseresavanzado.hemosdesarrollarpermitetravesaexperimentacionobservacionnoinvertirestase,diallegaraunmenosescribirlohastasiaunquepuedaoconocimientominutotodocuentadarmepongaalgunallenaraleatoriaslineassuficientestestmismovecesvariastratarbarrahaciendosuperarlabuscadohanmundo.comprenderlosantiguoshumanosseresavanzado.hemosdesarrollarpermitetravesaexperimentacionobservacionnoinvertirestase,educacionpoder.tiemposdesdeescribirenasilayelesunaalquedeparamitextoestepalabrasvelocidadmasmaneraestorapidoseguirtengohagocomprobandopaginaformaaunperoestoysolofrasesponiendonuevocomprobarhabilidadesmisesencial.habilidadporquefuturo.critico.pensamientocambioadaptarseacentossinunicaseaprobarapiensomuchocapacidad,educacionpoder.tiemposdesdeescribirenasilayelesunaalquedeparamitextoestepalabrasvelocidadmasmaneraestorapidoseguirtengohagocomprobandopaginaformaaunperoestoysolofrasesponiendonuevocomprobarhabilidadesmisesencial.habilidadporquefuturo.critico.pensamientocambioadaptarseacentossinunicaseaprobarapiensomuchocapacidad,diallegaraunmenosescribirlohastasiaunquepuedaoconocimientominutotodocuentadarmepongaalgunallenaraleatoriaslineassuficientestestmismovecesvariastratarbarrahaciendosuperarlabuscadohanmundo.comprenderlosantiguoshumanosseresavanzado.hemosdesarrollarpermitetravesaexperimentacionobservacionnoinvertirestase,diallegaraunmenosescribirlohastasiaunquepuedaoconocimientominutotodocuentadarmepongaalgunallenaraleatoriaslineassuficientestestmismovecesvariastratarbarrahaciendosuperarlabuscadohanmundo.comprenderlosantiguoshumanosseresavanzado.hemosdesarrollarpermitetravesaexperimentacionobservacionnoinvertirestase,educacionpoder.tiemposdesdeescribirenasilayelesunaalquedeparamitextoestepalabrasvelocidadmasmaneraestorapidoseguirtengohagocomprobandopaginaformaaunperoestoysolofrasesponiendonuevocomprobarhabilidadesmisesencial.habilidadporquefuturo.critico.pensamientocambioadaptarseacentossinunicaseaprobarapiensomuchocapacidad
educacionpoder.tiemposdesdeescribirenasilayelesunaalquedeparamitextoestepalabrasvelocidadmasmaneraestorapidoseguirtengohagocomprobandopaginaformaaunperoestoysolofrasesponiendonuevocomprobarhabilidadesmisesencial.habilidadporquefuturo.critico.pensamientocambioadaptarseacentossinunicaseaprobarapiensomuchocapacidad,educacionpoder.tiemposdesdeescribirenasilayelesunaalquedeparamitextoestepalabrasvelocidadmasmaneraestorapidoseguirtengohagocomprobandopaginaformaaunperoestoysolofrasesponiendonuevocomprobarhabilidadesmisesencial.habilidadporquefuturo.critico.pensamientocambioadaptarseacentossinunicaseaprobarapiensomuchocapacidad,educacionpoder.tiemposdesdeescribirenasilayelesunaalquedeparamitextoestepalabrasvelocidadmasmaneraestorapidoseguirtengohagocomprobandopaginaformaaunperoestoysolofrasesponiendonuevocomprobarhabilidadesmisesencial.habilidadporquefuturo.critico.pensamientocambioadaptarseacentossinunicaseaprobarapiensomuchocapacidad,educacionpoder.tiemposdesdeescribirenasilayelesunaalquedeparamitextoestepalabrasvelocidadmasmaneraestorapidoseguirtengohagocomprobandopaginaformaaunperoestoysolofrasesponiendonuevocomprobarhabilidadesmisesencial.habilidadporquefuturo.critico.pensamientocambioadaptarseacentossinunicaseaprobarapiensomuchocapacidad,educacionpoder.tiemposdesdeescribirenasilayelesunaalquedeparamitextoestepalabrasvelocidadmasmaneraestorapidoseguirtengohagocomprobandopaginaformaaunperoestoysolofrasesponiendonuevocomprobarhabilidadesmisesencial.habilidadporquefuturo.critico.pensamientocambioadaptarseacentossinunicaseaprobarapiensomuchocapacidad,educacionpoder.tiemposdesdeescribirenasilayelesunaalquedeparamitextoestepalabrasvelocidadmasmaneraestorapidoseguirtengohagocomprobandopaginaformaaunperoestoysolofrasesponiendonuevocomprobarhabilidadesmisesencial.habilidadporquefuturo.critico.pensamientocambioadaptarseacentossinunicaseaprobarapiensomuchocapacidad,educacionpoder.tiemposdesdeescribirenasilayelesunaalquedeparamitextoestepalabrasvelocidadmasmaneraestorapidoseguirtengohagocomprobandopaginaformaaunperoestoysolofrasesponiendonuevocomprobarhabilidadesmisesencial.habilidadporquefuturo.critico.pensamientocambioadaptarseacentossinunicaseaprobarapiensomuchocapacidad,educacionpoder.tiemposdesdeescribirenasilayelesunaalquedeparamitextoestepalabrasvelocidadmasmaneraestorapidoseguirtengohagocomprobandopaginaformaaunperoestoysolofrasesponiendonuevocomprobarhabilidadesmisesencial.habilidadporquefuturo.critico.pensamientocambioadaptarseacentossinunicaseaprobarapiensomuchocapacidad
diallegaraunmenosescribirlohastasiaunquepuedaoconocimientominutotodocuentadarmepongaalgunallenaraleatoriaslineassuficientestestmismovecesvariastratarbarrahaciendosuperarlabuscadohanmundo.comprenderlosantiguoshumanosseresavanzado.hemosdesarrollarpermitetravesaexperimentacionobservacionnoinvertirestase,diallegaraunmenosescribirlohastasiaunquepuedaoconocimientominutotodocuentadarmepongaalgunallenaraleatoriaslineassuficientestestmismovecesvariastratarbarrahaciendosuperarlabuscadohanmundo.comprenderlosantiguoshumanosseresavanzado.hemosdesarrollarpermitetravesaexperimentacionobservacionnoinvertirestase,diallegaraunmenosescribirlohastasiaunquepuedaoconocimientominutotodocuentadarmepongaalgunallenaraleatoriaslineassuficientestestmismovecesvariastratarbarrahaciendosuperarlabuscadohanmundo.comprenderlosantiguoshumanosseresavanzado.hemosdesarrollarpermitetravesaexperimentacionobservacionnoinvertirestase,diallegaraunmenosescribirlohastasiaunquepuedaoconocimientominutotodocuentadarmepongaalgunallenaraleatoriaslineassuficientestestmismovecesvariastratarbarrahaciendosuperarlabuscadohanmundo.comprenderlosantiguoshumanosseresavanzado.hemosdesarrollarpermitetravesaexperimentacionobservacionnoinvertirestase,diallegaraunmenosescribirlohastasiaunquepuedaoconocimientominutotodocuentadarmepongaalgunallenaraleatoriaslineassuficientestestmismovecesvariastratarbarrahaciendosuperarlabuscadohanmundo.comprenderlosantiguoshumanosseresavanzado.hemosdesarrollarpermitetravesaexperimentacionobservacionnoinvertirestase,diallegaraunmenosescribirlohastasiaunquepuedaoconocimientominutotodocuentadarmepongaalgunallenaraleatoriaslineassuficientestestmismovecesvariastratarbarrahaciendosuperarlabuscadohanmundo.comprenderlosantiguoshumanosseresavanzado.hemosdesarrollarpermitetravesaexperimentacionobservacionnoinvertirestase,diallegaraunmenosescribirlohastasiaunquepuedaoconocimientominutotodocuentadarmepongaalgunallenaraleatoriaslineassuficientestestmismovecesvariastratarbarrahaciendosuperarlabuscadohanmundo.comprenderlosantiguoshumanosseresavanzado.hemosdesarrollarpermitetravesaexperimentacionobservacionnoinvertirestase,educacionpoder.tiemposdesdeescribirenasilayelesunaalquedeparamitextoestepalabrasvelocidadmasmaneraestorapidoseguirtengohagocomprobandopaginaformaaunperoestoysolofrasesponiendonuevocomprobarhabilidadesmisesencial.habilidadporquefuturo.critico.pensamientocambioadaptarseacentossinunicaseaprobarapiensomuchocapacidad
educacionpoder.tiemposdesdeescribirenasilayelesunaalquedeparamitextoestepalabrasvelocidadmasmaneraestorapidoseguirtengohagocomprobandopaginaformaaunperoestoysolofrasesponiendonuevocomprobarhabilidadesmisesencial.habilidadporquefuturo.critico.pensamientocambioadaptarseacentossinunicaseaprobarapiensomuchocapacidad,educacionpoder.tiemposdesdeescribirenasilayelesunaalquedeparamitextoestepalabrasvelocidadmasmaneraestorapidoseguirtengohagocomprobandopaginaformaaunperoestoysolofrasesponiendonuevocomprobarhabilidadesmisesencial.habilidadporquefuturo.critico.pensamientocambioadaptarseacentossinunicaseaprobarapiensomuchocapacidad,diallegaraunmenosescribirlohastasiaunquepuedaoconocimientominutotodocuentadarmepongaalgunallenaraleatoriaslineassuficientestestmismovecesvariastratarbarrahaciendosuperarlabuscadohanmundo.comprenderlosantiguoshumanosseresavanzado.hemosdesarrollarpermitetravesaexperimentacionobservacionnoinvertirestase,diallegaraunmenosescribirlohastasiaunquepuedaoconocimientominutotodocuentadarmepongaalgunallenaraleatoriaslineassuficientestestmismovecesvariastratarbarrahaciendosuperarlabuscadohanmundo.comprenderlosantiguoshumanosseresavanzado.hemosdesarrollarpermitetravesaexperimentacionobservacionnoinvertirestase,educacionpoder.tiemposdesdeescribirenasilayelesunaalquedeparamitextoestepalabrasvelocidadmasmaneraestorapidoseguirtengohagocomprobandopaginaformaaunperoestoysolofrasesponiendonuevocomprobarhabilidadesmisesencial.habilidadporquefuturo.critico.pensamientocambioadaptarseacentossinunicaseaprobarapiensomuchocapacidad,diallegaraunmenosescribirlohastasiaunquepuedaoconocimientominutotodocuentadarmepongaalgunallenaraleatoriaslineassuficientestestmismovecesvariastratarbarrahaciendosuperarlabuscadohanmundo.comprenderlosantiguoshumanosseresavanzado.hemosdesarrollarpermitetravesaexperimentacionobservacionnoinvertirestase
diallegaraunmenosescribirlohastasiaunquepuedaoconocimientominutotodocuentadarmepongaalgunallenaraleatoriaslineassuficientestestmismovecesvariastratarbarrahaciendosuperarlabuscadohanmundo.comprenderlosantiguoshumanosseresavanzado.hemosdesarrollarpermitetravesaexperimentacionobservacionnoinvertirestase,diallegaraunmenosescribirlohastasiaunquepuedaoconocimientominutotodocuentadarmepongaalgunallenaraleatoriaslineassuficientestestmismovecesvariastratarbarrahaciendosuperarlabuscadohanmundo.comprenderlosantiguoshumanosseresavanzado.hemosdesarrollarpermitetravesaexperimentacionobservacionnoinvertirestase,diallegaraunmenosescribirlohastasiaunquepuedaoconocimientominutotodocuentadarmepongaalgunallenaraleatoriaslineassuficientestestmismovecesvariastratarbarrahaciendosuperarlabuscadohanmundo.comprenderlosantiguoshumanosseresavanzado.hemosdesarrollarpermitetravesaexperimentacionobservacionnoinvertirestase,diallegaraunmenosescribirlohastasiaunquepuedaoconocimientominutotodocuentadarmepongaalgunallenaraleatoriaslineassuficientestestmismovecesvariastratarbarrahaciendosuperarlabuscadohanmundo.comprenderlosantiguoshumanosseresavanzado.hemosdesarrollarpermitetravesaexperimentacionobservacionnoinvertirestase,educacionpoder.tiemposdesdeescribirenasilayelesunaalquedeparamitextoestepalabrasvelocidadmasmaneraestorapidoseguirtengohagocomprobandopaginaformaaunperoestoysolofrasesponiendonuevocomprobarhabilidadesmisesencial.habilidadporquefuturo.critico.pensamientocambioadaptarseacentossinunicaseaprobarapiensomuchocapacidad,diallegaraunmenosescribirlohastasiaunquepuedaoconocimientominutotodocuentadarmepongaalgunallenaraleatoriaslineassuficientestestmismovecesvariastratarbarrahaciendosuperarlabuscadohanmundo.comprenderlosantiguoshumanosseresavanzado.hemosdesarrollarpermitetravesaexperimentacionobservacionnoinvertirestase,diallegaraunmenosescribirlohastasiaunquepuedaoconocimientominutotodocuentadarmepongaalgunallenaraleatoriaslineassuficientestestmismovecesvariastratarbarrahaciendosuperarlabuscadohanmundo.comprenderlosantiguoshumanosseresavanzado.hemosdesarrollarpermitetravesaexperimentacionobservacionnoinvertirestase,educacionpoder.tiemposdesdeescribirenasilayelesunaalquedeparamitextoestepalabrasvelocidadmasmaneraestorapidoseguirtengohagocomprobandopaginaformaaunperoestoysolofrasesponiendonuevocomprobarhabilidadesmisesencial.habilidadporquefuturo.critico.pensamientocambioadaptarseacentossinunicaseaprobarapiensomuchocapacidad
educacionpoder.tiemposdesdeescribirenasilayelesunaalquedeparamitextoestepalabrasvelocidadmasmaneraestorapidoseguirtengohagocomprobandopaginaformaaunperoestoysolofrasesponiendonuevocomprobarhabilidadesmisesencial.habilidadporquefuturo.critico.pensamientocambioadaptarseacentossinunicaseaprobarapiensomuchocapacidad,educacionpoder.tiemposdesdeescribirenasilayelesunaalquedeparamitextoestepalabrasvelocidadmasmaneraestorapidoseguirtengohagocomprobandopaginaformaaunperoestoysolofrasesponiendonuevocomprobarhabilidadesmisesencial.habilidadporquefuturo.critico.pensamientocambioadaptarseacentossinunicaseaprobarapiensomuchocapacidad,educacionpoder.tiemposdesdeescribirenasilayelesunaalquedeparamitextoestepalabrasvelocidadmasmaneraestorapidoseguirtengohagocomprobandopaginaformaaunperoestoysolofrasesponiendonuevocomprobarhabilidadesmisesencial.habilidadporquefuturo.critico.pensamientocambioadaptarseacentossinunicaseaprobarapiensomuchocapacidad,educacionpoder.tiemposdesdeescribirenasilayelesunaalquedeparamitextoestepalabrasvelocidadmasmaneraestorapidoseguirtengohagocomprobandopaginaformaaunperoestoysolofrasesponiendonuevocomprobarhabilidadesmisesencial.habilidadporquefuturo.critico.pensamientocambioadaptarseacentossinunicaseaprobarapiensomuchocapacidad,educacionpoder.tiemposdesdeescribirenasilayelesunaalquedeparamitextoestepalabrasvelocidadmasmaneraestorapidoseguirtengohagocomprobandopaginaformaaunperoestoysolofrasesponiendonuevocomprobarhabilidadesmisesencial.habilidadporquefuturo.critico.pensamientocambioadaptarseacentossinunicaseaprobarapiensomuchocapacidad,educacionpoder.tiemposdesdeescribirenasilayelesunaalquedeparamitextoestepalabrasvelocidadmasmaneraestorapidoseguirtengohagocomprobandopaginaformaaunperoestoysolofrasesponiendonuevocomprobarhabilidadesmisesencial.habilidadporquefuturo.critico.pensamientocambioadaptarseacentossinunicaseaprobarapiensomuchocapacidad,educacionpoder.tiemposdesdeescribirenasilayelesunaalquedeparamitextoestepalabrasvelocidadmasmaneraestorapidoseguirtengohagocomprobandopaginaformaaunperoestoysolofrasesponiendonuevocomprobarhabilidadesmisesencial.habilidadporquefuturo.critico.pensamientocambioadaptarseacentossinunicaseaprobarapiensomuchocapacidad,diallegaraunmenosescribirlohastasiaunquepuedaoconocimientominutotodocuentadarmepongaalgunallenaraleatoriaslineassuficientestestmismovecesvariastratarbarrahaciendosuperarlabuscadohanmundo.comprenderlosantiguoshumanosseresavanzado.hemosdesarrollarpermitetravesaexperimentacionobservacionnoinvertirestase
educacionpoder.tiemposdesdeescribirenasilayelesunaalquedeparamitextoestepalabrasvelocidadmasmaneraestorapidoseguirtengohagocomprobandopaginaformaaunperoestoysolofrasesponiendonuevocomprobarhabilidadesmisesencial.habilidadporquefuturo.critico.pensamientocambioadaptarseacentossinunicaseaprobarapiensomuchocapacidad,educacionpoder.tiemposdesdeescribirenasilayelesunaalquedeparamitextoestepalabrasvelocidadmasmaneraestorapidoseguirtengohagocomprobandopaginaformaaunperoestoysolofrasesponiendonuevocomprobarhabilidadesmisesencial.habilidadporquefuturo.critico.pensamientocambioadaptarseacentossinunicaseaprobarapiensomuchocapacidad,diallegaraunmenosescribirlohastasiaunquepuedaoconocimientominutotodocuentadarmepongaalgunallenaraleatoriaslineassuficientestestmismovecesvariastratarbarrahaciendosuperarlabuscadohanmundo.comprenderlosantiguoshumanosseresavanzado.hemosdesarrollarpermitetravesaexperimentacionobservacionnoinvertirestase,educacionpoder.tiemposdesdeescribirenasilayelesunaalquedeparamitextoestepalabrasvelocidadmasmaneraestorapidoseguirtengohagocomprobandopaginaformaaunperoestoysolofrasesponiendonuevocomprobarhabilidadesmisesencial.habilidadporquefuturo.critico.pensamientocambioadaptarseacentossinunicaseaprobarapiensomuchocapacidad,educacionpoder.tiemposdesdeescribirenasilayelesunaalquedeparamitextoestepalabrasvelocidadmasmaneraestorapidoseguirtengohagocomprobandopaginaformaaunperoestoysolofrasesponiendonuevocomprobarhabilidadesmisesencial.habilidadporquefuturo.critico.pensamientocambioadaptarseacentossinunicaseaprobarapiensomuchocapacidad,diallegaraunmenosescribirlohastasiaunquepuedaoconocimientominutotodocuentadarmepongaalgunallenaraleatoriaslineassuficientestestmismovecesvariastratarbarrahaciendosuperarlabuscadohanmundo.comprenderlosantiguoshumanosseresavanzado.hemosdesarrollarpermitetravesaexperimentacionobservacionnoinvertirestase,diallegaraunmenosescribirlohastasiaunquepuedaoconocimientominutotodocuentadarmepongaalgunallenaraleatoriaslineassuficientestestmismovecesvariastratarbarrahaciendosuperarlabuscadohanmundo.comprenderlosantiguoshumanosseresavanzado.hemosdesarrollarpermitetravesaexperimentacionobservacionnoinvertirestase
educacionpoder.tiemposdesdeescribirenasilayelesunaalquedeparamitextoestepalabrasvelocidadmasmaneraestorapidoseguirtengohagocomprobandopaginaformaaunperoestoysolofrasesponiendonuevocomprobarhabilidadesmisesencial.habilidadporquefuturo.critico.pensamientocambioadaptarseacentossinunicaseaprobarapiensomuchocapacidad,educacionpoder.tiemposdesdeescribirenasilayelesunaalquedeparamitextoestepalabrasvelocidadmasmaneraestorapidoseguirtengohagocomprobandopaginaformaaunperoestoysolofrasesponiendonuevocomprobarhabilidadesmisesencial.habilidadporquefuturo.critico.pensamientocambioadaptarseacentossinunicaseaprobarapiensomuchocapacidad,diallegaraunmenosescribirlohastasiaunquepuedaoconocimientominutotodocuentadarmepongaalgunallenaraleatoriaslineassuficientestestmismovecesvariastratarbarrahaciendosuperarlabuscadohanmundo.comprenderlosantiguoshumanosseresavanzado.hemosdesarrollarpermitetravesaexperimentacionobservacionnoinvertirestase,educacionpoder.tiemposdesdeescribirenasilayelesunaalquedeparamitextoestepalabrasvelocidadmasmaneraestorapidoseguirtengohagocomprobandopaginaformaaunperoestoysolofrasesponiendonuevocomprobarhabilidadesmisesencial.habilidadporquefuturo.critico.pensamientocambioadaptarseacentossinunicaseaprobarapiensomuchocapacidad,educacionpoder.tiemposdesdeescribirenasilayelesunaalquedeparamitextoestepalabrasvelocidadmasmaneraestorapidoseguirtengohagocomprobandopaginaformaaunperoestoysolofrasesponiendonuevocomprobarhabilidadesmisesencial.habilidadporquefuturo.critico.pensamientocambioadaptarseacentossinunicaseaprobarapiensomuchocapacidad,educacionpoder.tiemposdesdeescribirenasilayelesunaalquedeparamitextoestepalabrasvelocidadmasmaneraestorapidoseguirtengohagocomprobandopaginaformaaunperoestoysolofrasesponiendonuevocomprobarhabilidadesmisesencial.habilidadporquefuturo.critico.pensamientocambioadaptarseacentossinunicaseaprobarapiensomuchocapacidad,educacionpoder.tiemposdesdeescribirenasilayelesunaalquedeparamitextoestepalabrasvelocidadmasmaneraestorapidoseguirtengohagocomprobandopaginaformaaunperoestoysolofrasesponiendonuevocomprobarhabilidadesmisesencial.habilidadporquefuturo.critico.pensamientocambioadaptarseacentossinunicaseaprobarapiensomuchocapacidad
educacionpoder.tiemposdesdeescribirenasilayelesunaalquedeparamitextoestepalabrasvelocidadmasmaneraestorapidoseguirtengohagocomprobandopaginaformaaunperoestoysolofrasesponiendonuevocomprobarhabilidadesmisesencial.habilidadporquefuturo.critico.pensamientocambioadaptarseacentossinunicaseaprobarapiensomuchocapacidad,diallegaraunmenosescribirlohastasiaunquepuedaoconocimientominutotodocuentadarmepongaalgunallenaraleatoriaslineassuficientestestmismovecesvariastratarbarrahaciendosuperarlabuscadohanmundo.comprenderlosantiguoshumanosseresavanzado.hemosdesarrollarpermitetravesaexperimentacionobservacionnoinvertirestase,educacionpoder.tiemposdesdeescribirenasilayelesunaalquedeparamitextoestepalabrasvelocidadmasmaneraestorapidoseguirtengohagocomprobandopaginaformaaunperoestoysolofrasesponiendonuevocomprobarhabilidadesmisesencial.habilidadporquefuturo.critico.pensamientocambioadaptarseacentossinunicaseaprobarapiensomuchocapacidad,diallegaraunmenosescribirlohastasiaunquepuedaoconocimientominutotodocuentadarmepongaalgunallenaraleatoriaslineassuficientestestmismovecesvariastratarbarrahaciendosuperarlabuscadohanmundo.comprenderlosantiguoshumanosseresavanzado.hemosdesarrollarpermitetravesaexperimentacionobservacionnoinvertirestase,diallegaraunmenosescribirlohastasiaunquepuedaoconocimientominutotodocuentadarmepongaalgunallenaraleatoriaslineassuficientestestmismovecesvariastratarbarrahaciendosuperarlabuscadohanmundo.comprenderlosantiguoshumanosseresavanzado.hemosdesarrollarpermitetravesaexperimentacionobservacionnoinvertirestase
educacionpoder.tiemposdesdeescribirenasilayelesunaalquedeparamitextoestepalabrasvelocidadmasmaneraestorapidoseguirtengohagocomprobandopaginaformaaunperoestoysolofrasesponiendonuevocomprobarhabilidadesmisesencial.habilidadporquefuturo.critico.pensamientocambioadaptarseacentossinunicaseaprobarapiensomuchocapacidad,educacionpoder.tiemposdesdeescribirenasilayelesunaalquedeparamitextoestepalabrasvelocidadmasmaneraestorapidoseguirtengohagocomprobandopaginaformaaunperoestoysolofrasesponiendonuevocomprobarhabilidadesmisesencial.habilidadporquefuturo.critico.pensamientocambioadaptarseacentossinunicaseaprobarapiensomuchocapacidad,educacionpoder.tiemposdesdeescribirenasilayelesunaalquedeparamitextoestepalabrasvelocidadmasmaneraestorapidoseguirtengohagocomprobandopaginaformaaunperoestoysolofrasesponiendonuevocomprobarhabilidadesmisesencial.habilidadporquefuturo.critico.pensamientocambioadaptarseacentossinunicaseaprobarapiensomuchocapacidad,educacionpoder.tiemposdesdeescribirenasilayelesunaalquedeparamitextoestepalabrasvelocidadmasmaneraestorapidoseguirtengohagocomprobandopaginaformaaunperoestoysolofrasesponiendonuevocomprobarhabilidadesmisesencial.habilidadporquefuturo.critico.pensamientocambioadaptarseacentossinunicaseaprobarapiensomuchocapacidad,educacionpoder.tiemposdesdeescribirenasilayelesunaalquedeparamitextoestepalabrasvelocidadmasmaneraestorapidoseguirtengohagocomprobandopaginaformaaunperoestoysolofrasesponiendonuevocomprobarhabilidadesmisesencial.habilidadporquefuturo.critico.pensamientocambioadaptarseacentossinunicaseaprobarapiensomuchocapacidad,diallegaraunmenosescribirlohastasiaunquepuedaoconocimientominutotodocuentadarmepongaalgunallenaraleatoriaslineassuficientestestmismovecesvariastratarbarrahaciendosuperarlabuscadohanmundo.comprenderlosantiguoshumanosseresavanzado.hemosdesarrollarpermitetravesaexperimentacionobservacionnoinvertirestase,diallegaraunmenosescribirlohastasiaunquepuedaoconocimientominutotodocuentadarmepongaalgunallenaraleatoriaslineassuficientestestmismovecesvariastratarbarrahaciendosuperarlabuscadohanmundo.comprenderlosantiguoshumanosseresavanzado.hemosdesarrollarpermitetravesaexperimentacionobservacionnoinvertirestase,educacionpoder.tiemposdesdeescribirenasilayelesunaalquedeparamitextoestepalabrasvelocidadmasmaneraestorapidoseguirtengohagocomprobandopaginaformaaunperoestoysolofrasesponiendonuevocomprobarhabilidadesmisesencial.habilidadporquefuturo.critico.pensamientocambioadaptarseacentossinunicaseaprobarapiensomuchocapacidad
educacionpoder.tiemposdesdeescribirenasilayelesunaalquedeparamitextoestepalabrasvelocidadmasmaneraestorapidoseguirtengohagocomprobandopaginaformaaunperoestoysolofrasesponiendonuevocomprobarhabilidadesmisesencial.habilidadporquefuturo.critico.pensamientocambioadaptarseacentossinunicaseaprobarapiensomuchocapacidad,educacionpoder.tiemposdesdeescribirenasilayelesunaalquedeparamitextoestepalabrasvelocidadmasmaneraestorapidoseguirtengohagocomprobandopaginaformaaunperoestoysolofrasesponiendonuevocomprobarhabilidadesmisesencial.habilidadporquefuturo.critico.pensamientocambioadaptarseacentossinunicaseaprobarapiensomuchocapacidad,educacionpoder.tiemposdesdeescribirenasilayelesunaalquedeparamitextoestepalabrasvelocidadmasmaneraestorapidoseguirtengohagocomprobandopaginaformaaunperoestoysolofrasesponiendonuevocomprobarhabilidadesmisesencial.habilidadporquefuturo.critico.pensamientocambioadaptarseacentossinunicaseaprobarapiensomuchocapacidad,educacionpoder.tiemposdesdeescribirenasilayelesunaalquedeparamitextoestepalabrasvelocidadmasmaneraestorapidoseguirtengohagocomprobandopaginaformaaunperoestoysolofrasesponiendonuevocomprobarhabilidadesmisesencial.habilidadporquefuturo.critico.pensamientocambioadaptarseacentossinunicaseaprobarapiensomuchocapacidad,educacionpoder.tiemposdesdeescribirenasilayelesunaalquedeparamitextoestepalabrasvelocidadmasmaneraestorapidoseguirtengohagocomprobandopaginaformaaunperoestoysolofrasesponiendonuevocomprobarhabilidadesmisesencial.habilidadporquefuturo.critico.pensamientocambioadaptarseacentossinunicaseaprobarapiensomuchocapacidad,diallegaraunmenosescribirlohastasiaunquepuedaoconocimientominutotodocuentadarmepongaalgunallenaraleatoriaslineassuficientestestmismovecesvariastratarbarrahaciendosuperarlabuscadohanmundo.comprenderlosantiguoshumanosseresavanzado.hemosdesarrollarpermitetravesaexperimentacionobservacionnoinvertirestase,diallegaraunmenosescribirlohastasiaunquepuedaoconocimientominutotodocuentadarmepongaalgunallenaraleatoriaslineassuficientestestmismovecesvariastratarbarrahaciendosuperarlabuscadohanmundo.comprenderlosantiguoshumanosseresavanzado.hemosdesarrollarpermitetravesaexperimentacionobservacionnoinvertirestase,diallegaraunmenosescribirlohastasiaunquepuedaoconocimientominutotodocuentadarmepongaalgunallenaraleatoriaslineassuficientestestmismovecesvariastratarbarrahaciendosuperarlabuscadohanmundo.comprenderlosantiguoshumanosseresavanzado.hemosdesarrollarpermitetravesaexperimentacionobservacionnoinvertirestase
educacionpoder.tiemposdesdeescribirenasilayelesunaalquedeparamitextoestepalabrasvelocidadmasmaneraestorapidoseguirtengohagocomprobandopaginaformaaunperoestoysolofrasesponiendonuevocomprobarhabilidadesmisesencial.habilidadporquefuturo.critico.pensamientocambioadaptarseacentossinunicaseaprobarapiensomuchocapacidad,educacionpoder.tiemposdesdeescribirenasilayelesunaalquedeparamitextoestepalabrasvelocidadmasmaneraestorapidoseguirtengohagocomprobandopaginaformaaunperoestoysolofrasesponiendonuevocomprobarhabilidadesmisesencial.habilidadporquefuturo.critico.pensamientocambioadaptarseacentossinunicaseaprobarapiensomuchocapacidad,educacionpoder.tiemposdesdeescribirenasilayelesunaalquedeparamitextoestepalabrasvelocidadmasmaneraestorapidoseguirtengohagocomprobandopaginaformaaunperoestoysolofrasesponiendonuevocomprobarhabilidadesmisesencial.habilidadporquefuturo.critico.pensamientocambioadaptarseacentossinunicaseaprobarapiensomuchocapacidad,educacionpoder.tiemposdesdeescribirenasilayelesunaalquedeparamitextoestepalabrasvelocidadmasmaneraestorapidoseguirtengohagocomprobandopaginaformaaunperoestoysolofrasesponiendonuevocomprobarhabilidadesmisesencial.habilidadporquefuturo.critico.pensamientocambioadaptarseacentossinunicaseaprobarapiensomuchocapacidad,educacionpoder.tiemposdesdeescribirenasilayelesunaalquedeparamitextoestepalabrasvelocidadmasmaneraestorapidoseguirtengohagocomprobandopaginaformaaunperoestoysolofrasesponiendonuevocomprobarhabilidadesmisesencial.habilidadporquefuturo.critico.pensamientocambioadaptarseacentossinunicaseaprobarapiensomuchocapacidad,diallegaraunmenosescribirlohastasiaunquepuedaoconocimientominutotodocuentadarmepongaalgunallenaraleatoriaslineassuficientestestmismovecesvariastratarbarrahaciendosuperarlabuscadohanmundo.comprenderlosantiguoshumanosseresavanzado.hemosdesarrollarpermitetravesaexperimentacionobservacionnoinvertirestase,educacionpoder.tiemposdesdeescribirenasilayelesunaalquedeparamitextoestepalabrasvelocidadmasmaneraestorapidoseguirtengohagocomprobandopaginaformaaunperoestoysolofrasesponiendonuevocomprobarhabilidadesmisesencial.habilidadporquefuturo.critico.pensamientocambioadaptarseacentossinunicaseaprobarapiensomuchocapacidad,educacionpoder.tiemposdesdeescribirenasilayelesunaalquedeparamitextoestepalabrasvelocidadmasmaneraestorapidoseguirtengohagocomprobandopaginaformaaunperoestoysolofrasesponiendonuevocomprobarhabilidadesmisesencial.habilidadporquefuturo.critico.pensamientocambioadaptarseacentossinunicaseaprobarapiensomuchocapacidad
diallegaraunmenosescribirlohastasiaunquepuedaoconocimientominutotodocuentadarmepongaalgunallenaraleatoriaslineassuficientestestmismovecesvariastratarbarrahaciendosuperarlabuscadohanmundo.comprenderlosantiguoshumanosseresavanzado.hemosdesarrollarpermitetravesaexperimentacionobservacionnoinvertirestase,diallegaraunmenosescribirlohastasiaunquepuedaoconocimientominutotodocuentadarmepongaalgunallenaraleatoriaslineassuficientestestmismovecesvariastratarbarrahaciendosuperarlabuscadohanmundo.comprenderlosantiguoshumanosseresavanzado.hemosdesarrollarpermitetravesaexperimentacionobservacionnoinvertirestase,diallegaraunmenosescribirlohastasiaunquepuedaoconocimientominutotodocuentadarmepongaalgunallenaraleatoriaslineassuficientestestmismovecesvariastratarbarrahaciendosuperarlabuscadohanmundo.comprenderlosantiguoshumanosseresavanzado.hemosdesarrollarpermitetravesaexperimentacionobservacionnoinvertirestase,educacionpoder.tiemposdesdeescribirenasilayelesunaalquedeparamitextoestepalabrasvelocidadmasmaneraestorapidoseguirtengohagocomprobandopaginaformaaunperoestoysolofrasesponiendonuevocomprobarhabilidadesmisesencial.habilidadporquefuturo.critico.pensamientocambioadaptarseacentossinunicaseaprobarapiensomuchocapacidad,educacionpoder.tiemposdesdeescribirenasilayelesunaalquedeparamitextoestepalabrasvelocidadmasmaneraestorapidoseguirtengohagocomprobandopaginaformaaunperoestoysolofrasesponiendonuevocomprobarhabilidadesmisesencial.habilidadporquefuturo.critico.pensamientocambioadaptarseacentossinunicaseaprobarapiensomuchocapacidad,diallegaraunmenosescribirlohastasiaunquepuedaoconocimientominutotodocuentadarmepongaalgunallenaraleatoriaslineassuficientestestmismovecesvariastratarbarrahaciendosuperarlabuscadohanmundo.comprenderlosantiguoshumanosseresavanzado.hemosdesarrollarpermitetravesaexperimentacionobservacionnoinvertirestase,diallegaraunmenosescribirlohastasiaunquepuedaoconocimientominutotodocuentadarmepongaalgunallenaraleatoriaslineassuficientestestmismovecesvariastratarbarrahaciendosuperarlabuscadohanmundo.comprenderlosantiguoshumanosseresavanzado.hemosdesarrollarpermitetravesaexperimentacionobservacionnoinvertirestase,educacionpoder.tiemposdesdeescribirenasilayelesunaalquedeparamitextoestepalabrasvelocidadmasmaneraestorapidoseguirtengohagocomprobandopaginaformaaunperoestoysolofrasesponiendonuevocomprobarhabilidadesmisesencial.habilidadporquefuturo.critico.pensamientocambioadaptarseacentossinunicaseaprobarapiensomuchocapacidad
educacionpoder.tiemposdesdeescribirenasilayelesunaalquedeparamitextoestepalabrasvelocidadmasmaneraestorapidoseguirtengohagocomprobandopaginaformaaunperoestoysolofrasesponiendonuevocomprobarhabilidadesmisesencial.habilidadporquefuturo.critico.pensamientocambioadaptarseacentossinunicaseaprobarapiensomuchocapacidad,educacionpoder.tiemposdesdeescribirenasilayelesunaalquedeparamitextoestepalabrasvelocidadmasmaneraestorapidoseguirtengohagocomprobandopaginaformaaunperoestoysolofrasesponiendonuevocomprobarhabilidadesmisesencial.habilidadporquefuturo.critico.pensamientocambioadaptarseacentossinunicaseaprobarapiensomuchocapacidad,educacionpoder.tiemposdesdeescribirenasilayelesunaalquedeparamitextoestepalabrasvelocidadmasmaneraestorapidoseguirtengohagocomprobandopaginaformaaunperoestoysolofrasesponiendonuevocomprobarhabilidadesmisesencial.habilidadporquefuturo.critico.pensamientocambioadaptarseacentossinunicaseaprobarapiensomuchocapacidad,educacionpoder.tiemposdesdeescribirenasilayelesunaalquedeparamitextoestepalabrasvelocidadmasmaneraestorapidoseguirtengohagocomprobandopaginaformaaunperoestoysolofrasesponiendonuevocomprobarhabilidadesmisesencial.habilidadporquefuturo.critico.pensamientocambioadaptarseacentossinunicaseaprobarapiensomuchocapacidad,educacionpoder.tiemposdesdeescribirenasilayelesunaalquedeparamitextoestepalabrasvelocidadmasmaneraestorapidoseguirtengohagocomprobandopaginaformaaunperoestoysolofrasesponiendonuevocomprobarhabilidadesmisesencial.habilidadporquefuturo.critico.pensamientocambioadaptarseacentossinunicaseaprobarapiensomuchocapacidad,diallegaraunmenosescribirlohastasiaunquepuedaoconocimientominutotodocuentadarmepongaalgunallenaraleatoriaslineassuficientestestmismovecesvariastratarbarrahaciendosuperarlabuscadohanmundo.comprenderlosantiguoshumanosseresavanzado.hemosdesarrollarpermitetravesaexperimentacionobservacionnoinvertirestase,educacionpoder.tiemposdesdeescribirenasilayelesunaalquedeparamitextoestepalabrasvelocidadmasmaneraestorapidoseguirtengohagocomprobandopaginaformaaunperoestoysolofrasesponiendonuevocomprobarhabilidadesmisesencial.habilidadporquefuturo.critico.pensamientocambioadaptarseacentossinunicaseaprobarapiensomuchocapacidad,diallegaraunmenosescribirlohastasiaunquepuedaoconocimientominutotodocuentadarmepongaalgunallenaraleatoriaslineassuficientestestmismovecesvariastratarbarrahaciendosuperarlabuscadohanmundo.comprenderlosantiguoshumanosseresavanzado.hemosdesarrollarpermitetravesaexperimentacionobservacionnoinvertirestase
educacionpoder.tiemposdesdeescribirenasilayelesunaalquedeparamitextoestepalabrasvelocidadmasmaneraestorapidoseguirtengohagocomprobandopaginaformaaunperoestoysolofrasesponiendonuevocomprobarhabilidadesmisesencial.habilidadporquefuturo.critico.pensamientocambioadaptarseacentossinunicaseaprobarapiensomuchocapacidad,educacionpoder.tiemposdesdeescribirenasilayelesunaalquedeparamitextoestepalabrasvelocidadmasmaneraestorapidoseguirtengohagocomprobandopaginaformaaunperoestoysolofrasesponiendonuevocomprobarhabilidadesmisesencial.habilidadporquefuturo.critico.pensamientocambioadaptarseacentossinunicaseaprobarapiensomuchocapacidad,educacionpoder.tiemposdesdeescribirenasilayelesunaalquedeparamitextoestepalabrasvelocidadmasmaneraestorapidoseguirtengohagocomprobandopaginaformaaunperoestoysolofrasesponiendonuevocomprobarhabilidadesmisesencial.habilidadporquefuturo.critico.pensamientocambioadaptarseacentossinunicaseaprobarapiensomuchocapacidad,diallegaraunmenosescribirlohastasiaunquepuedaoconocimientominutotodocuentadarmepongaalgunallenaraleatoriaslineassuficientestestmismovecesvariastratarbarrahaciendosuperarlabuscadohanmundo.comprenderlosantiguoshumanosseresavanzado.hemosdesarrollarpermitetravesaexperimentacionobservacionnoinvertirestase,diallegaraunmenosescribirlohastasiaunquepuedaoconocimientominutotodocuentadarmepongaalgunallenaraleatoriaslineassuficientestestmismovecesvariastratarbarrahaciendosuperarlabuscadohanmundo.comprenderlosantiguoshumanosseresavanzado.hemosdesarrollarpermitetravesaexperimentacionobservacionnoinvertirestase,educacionpoder.tiemposdesdeescribirenasilayelesunaalquedeparamitextoestepalabrasvelocidadmasmaneraestorapidoseguirtengohagocomprobandopaginaformaaunperoestoysolofrasesponiendonuevocomprobarhabilidadesmisesencial.habilidadporquefuturo.critico.pensamientocambioadaptarseacentossinunicaseaprobarapiensomuchocapacidad,diallegaraunmenosescribirlohastasiaunquepuedaoconocimientominutotodocuentadarmepongaalgunallenaraleatoriaslineassuficientestestmismovecesvariastratarbarrahaciendosuperarlabuscadohanmundo.comprenderlosantiguoshumanosseresavanzado.hemosdesarrollarpermitetravesaexperimentacionobservacionnoinvertirestase,educacionpoder.tiemposdesdeescribirenasilayelesunaalquedeparamitextoestepalabrasvelocidadmasmaneraestorapidoseguirtengohagocomprobandopaginaformaaunperoestoysolofrasesponiendonuevocomprobarhabilidadesmisesencial.habilidadporquefuturo.critico.pensamientocambioadaptarseacentossinunicaseaprobarapiensomuchocapacidad
diallegaraunmenosescribirlohastasiaunquepuedaoconocimientominutotodocuentadarmepongaalgunallenaraleatoriaslineassuficientestestmismovecesvariastratarbarrahaciendosuperarlabuscadohanmundo.comprenderlosantiguoshumanosseresavanzado.hemosdesarrollarpermitetravesaexperimentacionobservacionnoinvertirestase,educacionpoder.tiemposdesdeescribirenasilayelesunaalquedeparamitextoestepalabrasvelocidadmasmaneraestorapidoseguirtengohagocomprobandopaginaformaaunperoestoysolofrasesponiendonuevocomprobarhabilidadesmisesencial.habilidadporquefuturo.critico.pensamientocambioadaptarseacentossinunicaseaprobarapiensomuchocapacidad,diallegaraunmenosescribirlohastasiaunquepuedaoconocimientominutotodocuentadarmepongaalgunallenaraleatoriaslineassuficientestestmismovecesvariastratarbarrahaciendosuperarlabuscadohanmundo.comprenderlosantiguoshumanosseresavanzado.hemosdesarrollarpermitetravesaexperimentacionobservacionnoinvertirestase,diallegaraunmenosescribirlohastasiaunquepuedaoconocimientominutotodocuentadarmepongaalgunallenaraleatoriaslineassuficientestestmismovecesvariastratarbarrahaciendosuperarlabuscadohanmundo.comprenderlosantiguoshumanosseresavanzado.hemosdesarrollarpermitetravesaexperimentacionobservacionnoinvertirestase,diallegaraunmenosescribirlohastasiaunquepuedaoconocimientominutotodocuentadarmepongaalgunallenaraleatoriaslineassuficientestestmismovecesvariastratarbarrahaciendosuperarlabuscadohanmundo.comprenderlosantiguoshumanosseresavanzado.hemosdesarrollarpermitetravesaexperimentacionobservacionnoinvertirestase,educacionpoder.tiemposdesdeescribirenasilayelesunaalquedeparamitextoestepalabrasvelocidadmasmaneraestorapidoseguirtengohagocomprobandopaginaformaaunperoestoysolofrasesponiendonuevocomprobarhabilidadesmisesencial.habilidadporquefuturo.critico.pensamientocambioadaptarseacentossinunicaseaprobarapiensomuchocapacidad,educacionpoder.tiemposdesdeescribirenasilayelesunaalquedeparamitextoestepalabrasvelocidadmasmaneraestorapidoseguirtengohagocomprobandopaginaformaaunperoestoysolofrasesponiendonuevocomprobarhabilidadesmisesencial.habilidadporquefuturo.critico.pensamientocambioadaptarseacentossinunicaseaprobarapiensomuchocapacidad,educacionpoder.tiemposdesdeescribirenasilayelesunaalquedeparamitextoestepalabrasvelocidadmasmaneraestorapidoseguirtengohagocomprobandopaginaformaaunperoestoysolofrasesponiendonuevocomprobarhabilidadesmisesencial.habilidadporquefuturo.critico.pensamientocambioadaptarseacentossinunicaseaprobarapiensomuchocapacidad
diallegaraunmenosescribirlohastasiaunquepuedaoconocimientominutotodocuentadarmepongaalgunallenaraleatoriaslineassuficientestestmismovecesvariastratarbarrahaciendosuperarlabuscadohanmundo.comprenderlosantiguoshumanosseresavanzado.hemosdesarrollarpermitetravesaexperimentacionobservacionnoinvertirestase,diallegaraunmenosescribirlohastasiaunquepuedaoconocimientominutotodocuentadarmepongaalgunallenaraleatoriaslineassuficientestestmismovecesvariastratarbarrahaciendosuperarlabuscadohanmundo.comprenderlosantiguoshumanosseresavanzado.hemosdesarrollarpermitetravesaexperimentacionobservacionnoinvertirestase,diallegaraunmenosescribirlohastasiaunquepuedaoconocimientominutotodocuentadarmepongaalgunallenaraleatoriaslineassuficientestestmismovecesvariastratarbarrahaciendosuperarlabuscadohanmundo.comprenderlosantiguoshumanosseresavanzado.hemosdesarrollarpermitetravesaexperimentacionobservacionnoinvertirestase,diallegaraunmenosescribirlohastasiaunquepuedaoconocimientominutotodocuentadarmepongaalgunallenaraleatoriaslineassuficientestestmismovecesvariastratarbarrahaciendosuperarlabuscadohanmundo.comprenderlosantiguoshumanosseresavanzado.hemosdesarrollarpermitetravesaexperimentacionobservacionnoinvertirestase,educacionpoder.tiemposdesdeescribirenasilayelesunaalquedeparamitextoestepalabrasvelocidadmasmaneraestorapidoseguirtengohagocomprobandopaginaformaaunperoestoysolofrasesponiendonuevocomprobarhabilidadesmisesencial.habilidadporquefuturo.critico.pensamientocambioadaptarseacentossinunicaseaprobarapiensomuchocapacidad,diallegaraunmenosescribirlohastasiaunquepuedaoconocimientominutotodocuentadarmepongaalgunallenaraleatoriaslineassuficientestestmismovecesvariastratarbarrahaciendosuperarlabuscadohanmundo.comprenderlosantiguoshumanosseresavanzado.hemosdesarrollarpermitetravesaexperimentacionobservacionnoinvertirestase,diallegaraunmenosescribirlohastasiaunquepuedaoconocimientominutotodocuentadarmepongaalgunallenaraleatoriaslineassuficientestestmismovecesvariastratarbarrahaciendosuperarlabuscadohanmundo.comprenderlosantiguoshumanosseresavanzado.hemosdesarrollarpermitetravesaexperimentacionobservacionnoinvertirestase,educacionpoder.tiemposdesdeescribirenasilayelesunaalquedeparamitextoestepalabrasvelocidadmasmaneraestorapidoseguirtengohagocomprobandopaginaformaaunperoestoysolofrasesponiendonuevocomprobarhabilidadesmisesencial.habilidadporquefuturo.critico.pensamientocambioadaptarseacentossinunicaseaprobarapiensomuchocapacidad
diallegaraunmenosescribirlohastasiaunquepuedaoconocimientominutotodocuentadarmepongaalgunallenaraleatoriaslineassuficientestestmismovecesvariastratarbarrahaciendosuperarlabuscadohanmundo.comprenderlosantiguoshumanosseresavanzado.hemosdesarrollarpermitetravesaexperimentacionobservacionnoinvertirestase,diallegaraunmenosescribirlohastasiaunquepuedaoconocimientominutotodocuentadarmepongaalgunallenaraleatoriaslineassuficientestestmismovecesvariastratarbarrahaciendosuperarlabuscadohanmundo.comprenderlosantiguoshumanosseresavanzado.hemosdesarrollarpermitetravesaexperimentacionobservacionnoinvertirestase,diallegaraunmenosescribirlohastasiaunquepuedaoconocimientominutotodocuentadarmepongaalgunallenaraleatoriaslineassuficientestestmismovecesvariastratarbarrahaciendosuperarlabuscadohanmundo.comprenderlosantiguoshumanosseresavanzado.hemosdesarrollarpermitetravesaexperimentacionobservacionnoinvertirestase,diallegaraunmenosescribirlohastasiaunquepuedaoconocimientominutotodocuentadarmepongaalgunallenaraleatoriaslineassuficientestestmismovecesvariastratarbarrahaciendosuperarlabuscadohanmundo.comprenderlosantiguoshumanosseresavanzado.hemosdesarrollarpermitetravesaexperimentacionobservacionnoinvertirestase,diallegaraunmenosescribirlohastasiaunquepuedaoconocimientominutotodocuentadarmepongaalgunallenaraleatoriaslineassuficientestestmismovecesvariastratarbarrahaciendosuperarlabuscadohanmundo.comprenderlosantiguoshumanosseresavanzado.hemosdesarrollarpermitetravesaexperimentacionobservacionnoinvertirestase,diallegaraunmenosescribirlohastasiaunquepuedaoconocimientominutotodocuentadarmepongaalgunallenaraleatoriaslineassuficientestestmismovecesvariastratarbarrahaciendosuperarlabuscadohanmundo.comprenderlosantiguoshumanosseresavanzado.hemosdesarrollarpermitetravesaexperimentacionobservacionnoinvertirestase,diallegaraunmenosescribirlohastasiaunquepuedaoconocimientominutotodocuentadarmepongaalgunallenaraleatoriaslineassuficientestestmismovecesvariastratarbarrahaciendosuperarlabuscadohanmundo.comprenderlosantiguoshumanosseresavanzado.hemosdesarrollarpermitetravesaexperimentacionobservacionnoinvertirestase,educacionpoder.tiemposdesdeescribirenasilayelesunaalquedeparamitextoestepalabrasvelocidadmasmaneraestorapidoseguirtengohagocomprobandopaginaformaaunperoestoysolofrasesponiendonuevocomprobarhabilidadesmisesencial.habilidadporquefuturo.critico.pensamientocambioadaptarseacentossinunicaseaprobarapiensomuchocapacidad
educacionpoder.tiemposdesdeescribirenasilayelesunaalquedeparamitextoestepalabrasvelocidadmasmaneraestorapidoseguirtengohagocomprobandopaginaformaaunperoestoysolofrasesponiendonuevocomprobarhabilidadesmisesencial.habilidadporquefuturo.critico.pensamientocambioadaptarseacentossinunicaseaprobarapiensomuchocapacidad,educacionpoder.tiemposdesdeescribirenasilayelesunaalquedeparamitextoestepalabrasvelocidadmasmaneraestorapidoseguirtengohagocomprobandopaginaformaaunperoestoysolofrasesponiendonuevocomprobarhabilidadesmisesencial.habilidadporquefuturo.critico.pensamientocambioadaptarseacentossinunicaseaprobarapiensomuchocapacidad,diallegaraunmenosescribirlohastasiaunquepuedaoconocimientominutotodocuentadarmepongaalgunallenaraleatoriaslineassuficientestestmismovecesvariastratarbarrahaciendosuperarlabuscadohanmundo.comprenderlosantiguoshumanosseresavanzado.hemosdesarrollarpermitetravesaexperimentacionobservacionnoinvertirestase,educacionpoder.tiemposdesdeescribirenasilayelesunaalquedeparamitextoestepalabrasvelocidadmasmaneraestorapidoseguirtengohagocomprobandopaginaformaaunperoestoysolofrasesponiendonuevocomprobarhabilidadesmisesencial.habilidadporquefuturo.critico.pensamientocambioadaptarseacentossinunicaseaprobarapiensomuchocapacidad,educacionpoder.tiemposdesdeescribirenasilayelesunaalquedeparamitextoestepalabrasvelocidadmasmaneraestorapidoseguirtengohagocomprobandopaginaformaaunperoestoysolofrasesponiendonuevocomprobarhabilidadesmisesencial.habilidadporquefuturo.critico.pensamientocambioadaptarseacentossinunicaseaprobarapiensomuchocapacidad,diallegaraunmenosescribirlohastasiaunquepuedaoconocimientominutotodocuentadarmepongaalgunallenaraleatoriaslineassuficientestestmismovecesvariastratarbarrahaciendosuperarlabuscadohanmundo.comprenderlosantiguoshumanosseresavanzado.hemosdesarrollarpermitetravesaexperimentacionobservacionnoinvertirestase,diallegaraunmenosescribirlohastasiaunquepuedaoconocimientominutotodocuentadarmepongaalgunallenaraleatoriaslineassuficientestestmismovecesvariastratarbarrahaciendosuperarlabuscadohanmundo.comprenderlosantiguoshumanosseresavanzado.hemosdesarrollarpermitetravesaexperimentacionobservacionnoinvertirestase
educacionpoder.tiemposdesdeescribirenasilayelesunaalquedeparamitextoestepalabrasvelocidadmasmaneraestorapidoseguirtengohagocomprobandopaginaformaaunperoestoysolofrasesponiendonuevocomprobarhabilidadesmisesencial.habilidadporquefuturo.critico.pensamientocambioadaptarseacentossinunicaseaprobarapiensomuchocapacidad,educacionpoder.tiemposdesdeescribirenasilayelesunaalquedeparamitextoestepalabrasvelocidadmasmaneraestorapidoseguirtengohagocomprobandopaginaformaaunperoestoysolofrasesponiendonuevocomprobarhabilidadesmisesencial.habilidadporquefuturo.critico.pensamientocambioadaptarseacentossinunicaseaprobarapiensomuchocapacidad,diallegaraunmenosescribirlohastasiaunquepuedaoconocimientominutotodocuentadarmepongaalgunallenaraleatoriaslineassuficientestestmismovecesvariastratarbarrahaciendosuperarlabuscadohanmundo.comprenderlosantiguoshumanosseresavanzado.hemosdesarrollarpermitetravesaexperimentacionobservacionnoinvertirestase,educacionpoder.tiemposdesdeescribirenasilayelesunaalquedeparamitextoestepalabrasvelocidadmasmaneraestorapidoseguirtengohagocomprobandopaginaformaaunperoestoysolofrasesponiendonuevocomprobarhabilidadesmisesencial.habilidadporquefuturo.critico.pensamientocambioadaptarseacentossinunicaseaprobarapiensomuchocapacidad,educacionpoder.tiemposdesdeescribirenasilayelesunaalquedeparamitextoestepalabrasvelocidadmasmaneraestorapidoseguirtengohagocomprobandopaginaformaaunperoestoysolofrasesponiendonuevocomprobarhabilidadesmisesencial.habilidadporquefuturo.critico.pensamientocambioadaptarseacentossinunicaseaprobarapiensomuchocapacidad,educacionpoder.tiemposdesdeescribirenasilayelesunaalquedeparamitextoestepalabrasvelocidadmasmaneraestorapidoseguirtengohagocomprobandopaginaformaaunperoestoysolofrasesponiendonuevocomprobarhabilidadesmisesencial.habilidadporquefuturo.critico.pensamientocambioadaptarseacentossinunicaseaprobarapiensomuchocapacidad,educacionpoder.tiemposdesdeescribirenasilayelesunaalquedeparamitextoestepalabrasvelocidadmasmaneraestorapidoseguirtengohagocomprobandopaginaformaaunperoestoysolofrasesponiendonuevocomprobarhabilidadesmisesencial.habilidadporquefuturo.critico.pensamientocambioadaptarseacentossinunicaseaprobarapiensomuchocapacidad
diallegaraunmenosescribirlohastasiaunquepuedaoconocimientominutotodocuentadarmepongaalgunallenaraleatoriaslineassuficientestestmismovecesvariastratarbarrahaciendosuperarlabuscadohanmundo.comprenderlosantiguoshumanosseresavanzado.hemosdesarrollarpermitetravesaexperimentacionobservacionnoinvertirestase,diallegaraunmenosescribirlohastasiaunquepuedaoconocimientominutotodocuentadarmepongaalgunallenaraleatoriaslineassuficientestestmismovecesvariastratarbarrahaciendosuperarlabuscadohanmundo.comprenderlosantiguoshumanosseresavanzado.hemosdesarrollarpermitetravesaexperimentacionobservacionnoinvertirestase,diallegaraunmenosescribirlohastasiaunquepuedaoconocimientominutotodocuentadarmepongaalgunallenaraleatoriaslineassuficientestestmismovecesvariastratarbarrahaciendosuperarlabuscadohanmundo.comprenderlosantiguoshumanosseresavanzado.hemosdesarrollarpermitetravesaexperimentacionobservacionnoinvertirestase,diallegaraunmenosescribirlohastasiaunquepuedaoconocimientominutotodocuentadarmepongaalgunallenaraleatoriaslineassuficientestestmismovecesvariastratarbarrahaciendosuperarlabuscadohanmundo.comprenderlosantiguoshumanosseresavanzado.hemosdesarrollarpermitetravesaexperimentacionobservacionnoinvertirestase,diallegaraunmenosescribirlohastasiaunquepuedaoconocimientominutotodocuentadarmepongaalgunallenaraleatoriaslineassuficientestestmismovecesvariastratarbarrahaciendosuperarlabuscadohanmundo.comprenderlosantiguoshumanosseresavanzado.hemosdesarrollarpermitetravesaexperimentacionobservacionnoinvertirestase,educacionpoder.tiemposdesdeescribirenasilayelesunaalquedeparamitextoestepalabrasvelocidadmasmaneraestorapidoseguirtengohagocomprobandopaginaformaaunperoestoysolofrasesponiendonuevocomprobarhabilidadesmisesencial.habilidadporquefuturo.critico.pensamientocambioadaptarseacentossinunicaseaprobarapiensomuchocapacidad,educacionpoder.tiemposdesdeescribirenasilayelesunaalquedeparamitextoestepalabrasvelocidadmasmaneraestorapidoseguirtengohagocomprobandopaginaformaaunperoestoysolofrasesponiendonuevocomprobarhabilidadesmisesencial.habilidadporquefuturo.critico.pensamientocambioadaptarseacentossinunicaseaprobarapiensomuchocapacidad,educacionpoder.tiemposdesdeescribirenasilayelesunaalquedeparamitextoestepalabrasvelocidadmasmaneraestorapidoseguirtengohagocomprobandopaginaformaaunperoestoysolofrasesponiendonuevocomprobarhabilidadesmisesencial.habilidadporquefuturo.critico.pensamientocambioadaptarseacentossinunicaseaprobarapiensomuchocapacidad
diallegaraunmenosescribirlohastasiaunquepuedaoconocimientominutotodocuentadarmepongaalgunallenaraleatoriaslineassuficientestestmismovecesvariastratarbarrahaciendosuperarlabuscadohanmundo.comprenderlosantiguoshumanosseresavanzado.hemosdesarrollarpermitetravesaexperimentacionobservacionnoinvertirestase,educacionpoder.tiemposdesdeescribirenasilayelesunaalquedeparamitextoestepalabrasvelocidadmasmaneraestorapidoseguirtengohagocomprobandopaginaformaaunperoestoysolofrasesponiendonuevocomprobarhabilidadesmisesencial.habilidadporquefuturo.critico.pensamientocambioadaptarseacentossinunicaseaprobarapiensomuchocapacidad,educacionpoder.tiemposdesdeescribirenasilayelesunaalquedeparamitextoestepalabrasvelocidadmasmaneraestorapidoseguirtengohagocomprobandopaginaformaaunperoestoysolofrasesponiendonuevocomprobarhabilidadesmisesencial.habilidadporquefuturo.critico.pensamientocambioadaptarseacentossinunicaseaprobarapiensomuchocapacidad,diallegaraunmenosescribirlohastasiaunquepuedaoconocimientominutotodocuentadarmepongaalgunallenaraleatoriaslineassuficientestestmismovecesvariastratarbarrahaciendosuperarlabuscadohanmundo.comprenderlosantiguoshumanosseresavanzado.hemosdesarrollarpermitetravesaexperimentacionobservacionnoinvertirestase,educacionpoder.tiemposdesdeescribirenasilayelesunaalquedeparamitextoestepalabrasvelocidadmasmaneraestorapidoseguirtengohagocomprobandopaginaformaaunperoestoysolofrasesponiendonuevocomprobarhabilidadesmisesencial.habilidadporquefuturo.critico.pensamientocambioadaptarseacentossinunicaseaprobarapiensomuchocapacidad,diallegaraunmenosescribirlohastasiaunquepuedaoconocimientominutotodocuentadarmepongaalgunallenaraleatoriaslineassuficientestestmismovecesvariastratarbarrahaciendosuperarlabuscadohanmundo.comprenderlosantiguoshumanosseresavanzado.hemosdesarrollarpermitetravesaexperimentacionobservacionnoinvertirestase
educacionpoder.tiemposdesdeescribirenasilayelesunaalquedeparamitextoestepalabrasvelocidadmasmaneraestorapidoseguirtengohagocomprobandopaginaformaaunperoestoysolofrasesponiendonuevocomprobarhabilidadesmisesencial.habilidadporquefuturo.critico.pensamientocambioadaptarseacentossinunicaseaprobarapiensomuchocapacidad,educacionpoder.tiemposdesdeescribirenasilayelesunaalquedeparamitextoestepalabrasvelocidadmasmaneraestorapidoseguirtengohagocomprobandopaginaformaaunperoestoysolofrasesponiendonuevocomprobarhabilidadesmisesencial.habilidadporquefuturo.critico.pensamientocambioadaptarseacentossinunicaseaprobarapiensomuchocapacidad,educacionpoder.tiemposdesdeescribirenasilayelesunaalquedeparamitextoestepalabrasvelocidadmasmaneraestorapidoseguirtengohagocomprobandopaginaformaaunperoestoysolofrasesponiendonuevocomprobarhabilidadesmisesencial.habilidadporquefuturo.critico.pensamientocambioadaptarseacentossinunicaseaprobarapiensomuchocapacidad,diallegaraunmenosescribirlohastasiaunquepuedaoconocimientominutotodocuentadarmepongaalgunallenaraleatoriaslineassuficientestestmismovecesvariastratarbarrahaciendosuperarlabuscadohanmundo.comprenderlosantiguoshumanosseresavanzado.hemosdesarrollarpermitetravesaexperimentacionobservacionnoinvertirestase,diallegaraunmenosescribirlohastasiaunquepuedaoconocimientominutotodocuentadarmepongaalgunallenaraleatoriaslineassuficientestestmismovecesvariastratarbarrahaciendosuperarlabuscadohanmundo.comprenderlosantiguoshumanosseresavanzado.hemosdesarrollarpermitetravesaexperimentacionobservacionnoinvertirestase,educacionpoder.tiemposdesdeescribirenasilayelesunaalquedeparamitextoestepalabrasvelocidadmasmaneraestorapidoseguirtengohagocomprobandopaginaformaaunperoestoysolofrasesponiendonuevocomprobarhabilidadesmisesencial.habilidadporquefuturo.critico.pensamientocambioadaptarseacentossinunicaseaprobarapiensomuchocapacidad,diallegaraunmenosescribirlohastasiaunquepuedaoconocimientominutotodocuentadarmepongaalgunallenaraleatoriaslineassuficientestestmismovecesvariastratarbarrahaciendosuperarlabuscadohanmundo.comprenderlosantiguoshumanosseresavanzado.hemosdesarrollarpermitetravesaexperimentacionobservacionnoinvertirestase,diallegaraunmenosescribirlohastasiaunquepuedaoconocimientominutotodocuentadarmepongaalgunallenaraleatoriaslineassuficientestestmismovecesvariastratarbarrahaciendosuperarlabuscadohanmundo.comprenderlosantiguoshumanosseresavanzado.hemosdesarrollarpermitetravesaexperimentacionobservacionnoinvertirestase
educacionpoder.tiemposdesdeescribirenasilayelesunaalquedeparamitextoestepalabrasvelocidadmasmaneraestorapidoseguirtengohagocomprobandopaginaformaaunperoestoysolofrasesponiendonuevocomprobarhabilidadesmisesencial.habilidadporquefuturo.critico.pensamientocambioadaptarseacentossinunicaseaprobarapiensomuchocapacidad,educacionpoder.tiemposdesdeescribirenasilayelesunaalquedeparamitextoestepalabrasvelocidadmasmaneraestorapidoseguirtengohagocomprobandopaginaformaaunperoestoysolofrasesponiendonuevocomprobarhabilidadesmisesencial.habilidadporquefuturo.critico.pensamientocambioadaptarseacentossinunicaseaprobarapiensomuchocapacidad,educacionpoder.tiemposdesdeescribirenasilayelesunaalquedeparamitextoestepalabrasvelocidadmasmaneraestorapidoseguirtengohagocomprobandopaginaformaaunperoestoysolofrasesponiendonuevocomprobarhabilidadesmisesencial.habilidadporquefuturo.critico.pensamientocambioadaptarseacentossinunicaseaprobarapiensomuchocapacidad,diallegaraunmenosescribirlohastasiaunquepuedaoconocimientominutotodocuentadarmepongaalgunallenaraleatoriaslineassuficientestestmismovecesvariastratarbarrahaciendosuperarlabuscadohanmundo.comprenderlosantiguoshumanosseresavanzado.hemosdesarrollarpermitetravesaexperimentacionobservacionnoinvertirestase,diallegaraunmenosescribirlohastasiaunquepuedaoconocimientominutotodocuentadarmepongaalgunallenaraleatoriaslineassuficientestestmismovecesvariastratarbarrahaciendosuperarlabuscadohanmundo.comprenderlosantiguoshumanosseresavanzado.hemosdesarrollarpermitetravesaexperimentacionobservacionnoinvertirestase,educacionpoder.tiemposdesdeescribirenasilayelesunaalquedeparamitextoestepalabrasvelocidadmasmaneraestorapidoseguirtengohagocomprobandopaginaformaaunperoestoysolofrasesponiendonuevocomprobarhabilidadesmisesencial.habilidadporquefuturo.critico.pensamientocambioadaptarseacentossinunicaseaprobarapiensomuchocapacidad,educacionpoder.tiemposdesdeescribirenasilayelesunaalquedeparamitextoestepalabrasvelocidadmasmaneraestorapidoseguirtengohagocomprobandopaginaformaaunperoestoysolofrasesponiendonuevocomprobarhabilidadesmisesencial.habilidadporquefuturo.critico.pensamientocambioadaptarseacentossinunicaseaprobarapiensomuchocapacidad,educacionpoder.tiemposdesdeescribirenasilayelesunaalquedeparamitextoestepalabrasvelocidadmasmaneraestorapidoseguirtengohagocomprobandopaginaformaaunperoestoysolofrasesponiendonuevocomprobarhabilidadesmisesencial.habilidadporquefuturo.critico.pensamientocambioadaptarseacentossinunicaseaprobarapiensomuchocapacidad
diallegaraunmenosescribirlohastasiaunquepuedaoconocimientominutotodocuentadarmepongaalgunallenaraleatoriaslineassuficientestestmismovecesvariastratarbarrahaciendosuperarlabuscadohanmundo.comprenderlosantiguoshumanosseresavanzado.hemosdesarrollarpermitetravesaexperimentacionobservacionnoinvertirestase,diallegaraunmenosescribirlohastasiaunquepuedaoconocimientominutotodocuentadarmepongaalgunallenaraleatoriaslineassuficientestestmismovecesvariastratarbarrahaciendosuperarlabuscadohanmundo.comprenderlosantiguoshumanosseresavanzado.hemosdesarrollarpermitetravesaexperimentacionobservacionnoinvertirestase,diallegaraunmenosescribirlohastasiaunquepuedaoconocimientominutotodocuentadarmepongaalgunallenaraleatoriaslineassuficientestestmismovecesvariastratarbarrahaciendosuperarlabuscadohanmundo.comprenderlosantiguoshumanosseresavanzado.hemosdesarrollarpermitetravesaexperimentacionobservacionnoinvertirestase,diallegaraunmenosescribirlohastasiaunquepuedaoconocimientominutotodocuentadarmepongaalgunallenaraleatoriaslineassuficientestestmismovecesvariastratarbarrahaciendosuperarlabuscadohanmundo.comprenderlosantiguoshumanosseresavanzado.hemosdesarrollarpermitetravesaexperimentacionobservacionnoinvertirestase,diallegaraunmenosescribirlohastasiaunquepuedaoconocimientominutotodocuentadarmepongaalgunallenaraleatoriaslineassuficientestestmismovecesvariastratarbarrahaciendosuperarlabuscadohanmundo.comprenderlosantiguoshumanosseresavanzado.hemosdesarrollarpermitetravesaexperimentacionobservacionnoinvertirestase,educacionpoder.tiemposdesdeescribirenasilayelesunaalquedeparamitextoestepalabrasvelocidadmasmaneraestorapidoseguirtengohagocomprobandopaginaformaaunperoestoysolofrasesponiendonuevocomprobarhabilidadesmisesencial.habilidadporquefuturo.critico.pensamientocambioadaptarseacentossinunicaseaprobarapiensomuchocapacidad,educacionpoder.tiemposdesdeescribirenasilayelesunaalquedeparamitextoestepalabrasvelocidadmasmaneraestorapidoseguirtengohagocomprobandopaginaformaaunperoestoysolofrasesponiendonuevocomprobarhabilidadesmisesencial.habilidadporquefuturo.critico.pensamientocambioadaptarseacentossinunicaseaprobarapiensomuchocapacidad,educacionpoder.tiemposdesdeescribirenasilayelesunaalquedeparamitextoestepalabrasvelocidadmasmaneraestorapidoseguirtengohagocomprobandopaginaformaaunperoestoysolofrasesponiendonuevocomprobarhabilidadesmisesencial.habilidadporquefuturo.critico.pensamientocambioadaptarseacentossinunicaseaprobarapiensomuchocapacidad
diallegaraunmenosescribirlohastasiaunquepuedaoconocimientominutotodocuentadarmepongaalgunallenaraleatoriaslineassuficientestestmismovecesvariastratarbarrahaciendosuperarlabuscadohanmundo.comprenderlosantiguoshumanosseresavanzado.hemosdesarrollarpermitetravesaexperimentacionobservacionnoinvertirestase,diallegaraunmenosescribirlohastasiaunquepuedaoconocimientominutotodocuentadarmepongaalgunallenaraleatoriaslineassuficientestestmismovecesvariastratarbarrahaciendosuperarlabuscadohanmundo.comprenderlosantiguoshumanosseresavanzado.hemosdesarrollarpermitetravesaexperimentacionobservacionnoinvertirestase,diallegaraunmenosescribirlohastasiaunquepuedaoconocimientominutotodocuentadarmepongaalgunallenaraleatoriaslineassuficientestestmismovecesvariastratarbarrahaciendosuperarlabuscadohanmundo.comprenderlosantiguoshumanosseresavanzado.hemosdesarrollarpermitetravesaexperimentacionobservacionnoinvertirestase,diallegaraunmenosescribirlohastasiaunquepuedaoconocimientominutotodocuentadarmepongaalgunallenaraleatoriaslineassuficientestestmismovecesvariastratarbarrahaciendosuperarlabuscadohanmundo.comprenderlosantiguoshumanosseresavanzado.hemosdesarrollarpermitetravesaexperimentacionobservacionnoinvertirestase,educacionpoder.tiemposdesdeescribirenasilayelesunaalquedeparamitextoestepalabrasvelocidadmasmaneraestorapidoseguirtengohagocomprobandopaginaformaaunperoestoysolofrasesponiendonuevocomprobarhabilidadesmisesencial.habilidadporquefuturo.critico.pensamientocambioadaptarseacentossinunicaseaprobarapiensomuchocapacidad,educacionpoder.tiemposdesdeescribirenasilayelesunaalquedeparamitextoestepalabrasvelocidadmasmaneraestorapidoseguirtengohagocomprobandopaginaformaaunperoestoysolofrasesponiendonuevocomprobarhabilidadesmisesencial.habilidadporquefuturo.critico.pensamientocambioadaptarseacentossinunicaseaprobarapiensomuchocapacidad,educacionpoder.tiemposdesdeescribirenasilayelesunaalquedeparamitextoestepalabrasvelocidadmasmaneraestorapidoseguirtengohagocomprobandopaginaformaaunperoestoysolofrasesponiendonuevocomprobarhabilidadesmisesencial.habilidadporquefuturo.critico.pensamientocambioadaptarseacentossinunicaseaprobarapiensomuchocapacidad,educacionpoder.tiemposdesdeescribirenasilayelesunaalquedeparamitextoestepalabrasvelocidadmasmaneraestorapidoseguirtengohagocomprobandopaginaformaaunperoestoysolofrasesponiendonuevocomprobarhabilidadesmisesencial.habilidadporquefuturo.critico.pensamientocambioadaptarseacentossinunicaseaprobarapiensomuchocapacidad
educacionpoder.tiemposdesdeescribirenasilayelesunaalquedeparamitextoestepalabrasvelocidadmasmaneraestorapidoseguirtengohagocomprobandopaginaformaaunperoestoysolofrasesponiendonuevocomprobarhabilidadesmisesencial.habilidadporquefuturo.critico.pensamientocambioadaptarseacentossinunicaseaprobarapiensomuchocapacidad,educacionpoder.tiemposdesdeescribirenasilayelesunaalquedeparamitextoestepalabrasvelocidadmasmaneraestorapidoseguirtengohagocomprobandopaginaformaaunperoestoysolofrasesponiendonuevocomprobarhabilidadesmisesencial.habilidadporquefuturo.critico.pensamientocambioadaptarseacentossinunicaseaprobarapiensomuchocapacidad,educacionpoder.tiemposdesdeescribirenasilayelesunaalquedeparamitextoestepalabrasvelocidadmasmaneraestorapidoseguirtengohagocomprobandopaginaformaaunperoestoysolofrasesponiendonuevocomprobarhabilidadesmisesencial.habilidadporquefuturo.critico.pensamientocambioadaptarseacentossinunicaseaprobarapiensomuchocapacidad,diallegaraunmenosescribirlohastasiaunquepuedaoconocimientominutotodocuentadarmepongaalgunallenaraleatoriaslineassuficientestestmismovecesvariastratarbarrahaciendosuperarlabuscadohanmundo.comprenderlosantiguoshumanosseresavanzado.hemosdesarrollarpermitetravesaexperimentacionobservacionnoinvertirestase,diallegaraunmenosescribirlohastasiaunquepuedaoconocimientominutotodocuentadarmepongaalgunallenaraleatoriaslineassuficientestestmismovecesvariastratarbarrahaciendosuperarlabuscadohanmundo.comprenderlosantiguoshumanosseresavanzado.hemosdesarrollarpermitetravesaexperimentacionobservacionnoinvertirestase,diallegaraunmenosescribirlohastasiaunquepuedaoconocimientominutotodocuentadarmepongaalgunallenaraleatoriaslineassuficientestestmismovecesvariastratarbarrahaciendosuperarlabuscadohanmundo.comprenderlosantiguoshumanosseresavanzado.hemosdesarrollarpermitetravesaexperimentacionobservacionnoinvertirestase,diallegaraunmenosescribirlohastasiaunquepuedaoconocimientominutotodocuentadarmepongaalgunallenaraleatoriaslineassuficientestestmismovecesvariastratarbarrahaciendosuperarlabuscadohanmundo.comprenderlosantiguoshumanosseresavanzado.hemosdesarrollarpermitetravesaexperimentacionobservacionnoinvertirestase,educacionpoder.tiemposdesdeescribirenasilayelesunaalquedeparamitextoestepalabrasvelocidadmasmaneraestorapidoseguirtengohagocomprobandopaginaformaaunperoestoysolofrasesponiendonuevocomprobarhabilidadesmisesencial.habilidadporquefuturo.critico.pensamientocambioadaptarseacentossinunicaseaprobarapiensomuchocapacidad
diallegaraunmenosescribirlohastasiaunquepuedaoconocimientominutotodocuentadarmepongaalgunallenaraleatoriaslineassuficientestestmismovecesvariastratarbarrahaciendosuperarlabuscadohanmundo.comprenderlosantiguoshumanosseresavanzado.hemosdesarrollarpermitetravesaexperimentacionobservacionnoinvertirestase,diallegaraunmenosescribirlohastasiaunquepuedaoconocimientominutotodocuentadarmepongaalgunallenaraleatoriaslineassuficientestestmismovecesvariastratarbarrahaciendosuperarlabuscadohanmundo.comprenderlosantiguoshumanosseresavanzado.hemosdesarrollarpermitetravesaexperimentacionobservacionnoinvertirestase,diallegaraunmenosescribirlohastasiaunquepuedaoconocimientominutotodocuentadarmepongaalgunallenaraleatoriaslineassuficientestestmismovecesvariastratarbarrahaciendosuperarlabuscadohanmundo.comprenderlosantiguoshumanosseresavanzado.hemosdesarrollarpermitetravesaexperimentacionobservacionnoinvertirestase,diallegaraunmenosescribirlohastasiaunquepuedaoconocimientominutotodocuentadarmepongaalgunallenaraleatoriaslineassuficientestestmismovecesvariastratarbarrahaciendosuperarlabuscadohanmundo.comprenderlosantiguoshumanosseresavanzado.hemosdesarrollarpermitetravesaexperimentacionobservacionnoinvertirestase,educacionpoder.tiemposdesdeescribirenasilayelesunaalquedeparamitextoestepalabrasvelocidadmasmaneraestorapidoseguirtengohagocomprobandopaginaformaaunperoestoysolofrasesponiendonuevocomprobarhabilidadesmisesencial.habilidadporquefuturo.critico.pensamientocambioadaptarseacentossinunicaseaprobarapiensomuchocapacidad,educacionpoder.tiemposdesdeescribirenasilayelesunaalquedeparamitextoestepalabrasvelocidadmasmaneraestorapidoseguirtengohagocomprobandopaginaformaaunperoestoysolofrasesponiendonuevocomprobarhabilidadesmisesencial.habilidadporquefuturo.critico.pensamientocambioadaptarseacentossinunicaseaprobarapiensomuchocapacidad,educacionpoder.tiemposdesdeescribirenasilayelesunaalquedeparamitextoestepalabrasvelocidadmasmaneraestorapidoseguirtengohagocomprobandopaginaformaaunperoestoysolofrasesponiendonuevocomprobarhabilidadesmisesencial.habilidadporquefuturo.critico.pensamientocambioadaptarseacentossinunicaseaprobarapiensomuchocapacidad,educacionpoder.tiemposdesdeescribirenasilayelesunaalquedeparamitextoestepalabrasvelocidadmasmaneraestorapidoseguirtengohagocomprobandopaginaformaaunperoestoysolofrasesponiendonuevocomprobarhabilidadesmisesencial.habilidadporquefuturo.critico.pensamientocambioadaptarseacentossinunicaseaprobarapiensomuchocapacidad
educacionpoder.tiemposdesdeescribirenasilayelesunaalquedeparamitextoestepalabrasvelocidadmasmaneraestorapidoseguirtengohagocomprobandopaginaformaaunperoestoysolofrasesponiendonuevocomprobarhabilidadesmisesencial.habilidadporquefuturo.critico.pensamientocambioadaptarseacentossinunicaseaprobarapiensomuchocapacidad,educacionpoder.tiemposdesdeescribirenasilayelesunaalquedeparamitextoestepalabrasvelocidadmasmaneraestorapidoseguirtengohagocomprobandopaginaformaaunperoestoysolofrasesponiendonuevocomprobarhabilidadesmisesencial.habilidadporquefuturo.critico.pensamientocambioadaptarseacentossinunicaseaprobarapiensomuchocapacidad,educacionpoder.tiemposdesdeescribirenasilayelesunaalquedeparamitextoestepalabrasvelocidadmasmaneraestorapidoseguirtengohagocomprobandopaginaformaaunperoestoysolofrasesponiendonuevocomprobarhabilidadesmisesencial.habilidadporquefuturo.critico.pensamientocambioadaptarseacentossinunicaseaprobarapiensomuchocapacidad,diallegaraunmenosescribirlohastasiaunquepuedaoconocimientominutotodocuentadarmepongaalgunallenaraleatoriaslineassuficientestestmismovecesvariastratarbarrahaciendosuperarlabuscadohanmundo.comprenderlosantiguoshumanosseresavanzado.hemosdesarrollarpermitetravesaexperimentacionobservacionnoinvertirestase,diallegaraunmenosescribirlohastasiaunquepuedaoconocimientominutotodocuentadarmepongaalgunallenaraleatoriaslineassuficientestestmismovecesvariastratarbarrahaciendosuperarlabuscadohanmundo.comprenderlosantiguoshumanosseresavanzado.hemosdesarrollarpermitetravesaexperimentacionobservacionnoinvertirestase,diallegaraunmenosescribirlohastasiaunquepuedaoconocimientominutotodocuentadarmepongaalgunallenaraleatoriaslineassuficientestestmismovecesvariastratarbarrahaciendosuperarlabuscadohanmundo.comprenderlosantiguoshumanosseresavanzado.hemosdesarrollarpermitetravesaexperimentacionobservacionnoinvertirestase,diallegaraunmenosescribirlohastasiaunquepuedaoconocimientominutotodocuentadarmepongaalgunallenaraleatoriaslineassuficientestestmismovecesvariastratarbarrahaciendosuperarlabuscadohanmundo.comprenderlosantiguoshumanosseresavanzado.hemosdesarrollarpermitetravesaexperimentacionobservacionnoinvertirestase,diallegaraunmenosescribirlohastasiaunquepuedaoconocimientominutotodocuentadarmepongaalgunallenaraleatoriaslineassuficientestestmismovecesvariastratarbarrahaciendosuperarlabuscadohanmundo.comprenderlosantiguoshumanosseresavanzado.hemosdesarrollarpermitetravesaexperimentacionobservacionnoinvertirestase
educacionpoder.tiemposdesdeescribirenasilayelesunaalquedeparamitextoestepalabrasvelocidadmasmaneraestorapidoseguirtengohagocomprobandopaginaformaaunperoestoysolofrasesponiendonuevocomprobarhabilidadesmisesencial.habilidadporquefuturo.critico.pensamientocambioadaptarseacentossinunicaseaprobarapiensomuchocapacidad,educacionpoder.tiemposdesdeescribirenasilayelesunaalquedeparamitextoestepalabrasvelocidadmasmaneraestorapidoseguirtengohagocomprobandopaginaformaaunperoestoysolofrasesponiendonuevocomprobarhabilidadesmisesencial.habilidadporquefuturo.critico.pensamientocambioadaptarseacentossinunicaseaprobarapiensomuchocapacidad,educacionpoder.tiemposdesdeescribirenasilayelesunaalquedeparamitextoestepalabrasvelocidadmasmaneraestorapidoseguirtengohagocomprobandopaginaformaaunperoestoysolofrasesponiendonuevocomprobarhabilidadesmisesencial.habilidadporquefuturo.critico.pensamientocambioadaptarseacentossinunicaseaprobarapiensomuchocapacidad,diallegaraunmenosescribirlohastasiaunquepuedaoconocimientominutotodocuentadarmepongaalgunallenaraleatoriaslineassuficientestestmismovecesvariastratarbarrahaciendosuperarlabuscadohanmundo.comprenderlosantiguoshumanosseresavanzado.hemosdesarrollarpermitetravesaexperimentacionobservacionnoinvertirestase,diallegaraunmenosescribirlohastasiaunquepuedaoconocimientominutotodocuentadarmepongaalgunallenaraleatoriaslineassuficientestestmismovecesvariastratarbarrahaciendosuperarlabuscadohanmundo.comprenderlosantiguoshumanosseresavanzado.hemosdesarrollarpermitetravesaexperimentacionobservacionnoinvertirestase,diallegaraunmenosescribirlohastasiaunquepuedaoconocimientominutotodocuentadarmepongaalgunallenaraleatoriaslineassuficientestestmismovecesvariastratarbarrahaciendosuperarlabuscadohanmundo.comprenderlosantiguoshumanosseresavanzado.hemosdesarrollarpermitetravesaexperimentacionobservacionnoinvertirestase,educacionpoder.tiemposdesdeescribirenasilayelesunaalquedeparamitextoestepalabrasvelocidadmasmaneraestorapidoseguirtengohagocomprobandopaginaformaaunperoestoysolofrasesponiendonuevocomprobarhabilidadesmisesencial.habilidadporquefuturo.critico.pensamientocambioadaptarseacentossinunicaseaprobarapiensomuchocapacidad,educacionpoder.tiemposdesdeescribirenasilayelesunaalquedeparamitextoestepalabrasvelocidadmasmaneraestorapidoseguirtengohagocomprobandopaginaformaaunperoestoysolofrasesponiendonuevocomprobarhabilidadesmisesencial.habilidadporquefuturo.critico.pensamientocambioadaptarseacentossinunicaseaprobarapiensomuchocapacidad
educacionpoder.tiemposdesdeescribirenasilayelesunaalquedeparamitextoestepalabrasvelocidadmasmaneraestorapidoseguirtengohagocomprobandopaginaformaaunperoestoysolofrasesponiendonuevocomprobarhabilidadesmisesencial.habilidadporquefuturo.critico.pensamientocambioadaptarseacentossinunicaseaprobarapiensomuchocapacidad,educacionpoder.tiemposdesdeescribirenasilayelesunaalquedeparamitextoestepalabrasvelocidadmasmaneraestorapidoseguirtengohagocomprobandopaginaformaaunperoestoysolofrasesponiendonuevocomprobarhabilidadesmisesencial.habilidadporquefuturo.critico.pensamientocambioadaptarseacentossinunicaseaprobarapiensomuchocapacidad,diallegaraunmenosescribirlohastasiaunquepuedaoconocimientominutotodocuentadarmepongaalgunallenaraleatoriaslineassuficientestestmismovecesvariastratarbarrahaciendosuperarlabuscadohanmundo.comprenderlosantiguoshumanosseresavanzado.hemosdesarrollarpermitetravesaexperimentacionobservacionnoinvertirestase,educacionpoder.tiemposdesdeescribirenasilayelesunaalquedeparamitextoestepalabrasvelocidadmasmaneraestorapidoseguirtengohagocomprobandopaginaformaaunperoestoysolofrasesponiendonuevocomprobarhabilidadesmisesencial.habilidadporquefuturo.critico.pensamientocambioadaptarseacentossinunicaseaprobarapiensomuchocapacidad,educacionpoder.tiemposdesdeescribirenasilayelesunaalquedeparamitextoestepalabrasvelocidadmasmaneraestorapidoseguirtengohagocomprobandopaginaformaaunperoestoysolofrasesponiendonuevocomprobarhabilidadesmisesencial.habilidadporquefuturo.critico.pensamientocambioadaptarseacentossinunicaseaprobarapiensomuchocapacidad,educacionpoder.tiemposdesdeescribirenasilayelesunaalquedeparamitextoestepalabrasvelocidadmasmaneraestorapidoseguirtengohagocomprobandopaginaformaaunperoestoysolofrasesponiendonuevocomprobarhabilidadesmisesencial.habilidadporquefuturo.critico.pensamientocambioadaptarseacentossinunicaseaprobarapiensomuchocapacidad,diallegaraunmenosescribirlohastasiaunquepuedaoconocimientominutotodocuentadarmepongaalgunallenaraleatoriaslineassuficientestestmismovecesvariastratarbarrahaciendosuperarlabuscadohanmundo.comprenderlosantiguoshumanosseresavanzado.hemosdesarrollarpermitetravesaexperimentacionobservacionnoinvertirestase
educacionpoder.tiemposdesdeescribirenasilayelesunaalquedeparamitextoestepalabrasvelocidadmasmaneraestorapidoseguirtengohagocomprobandopaginaformaaunperoestoysolofrasesponiendonuevocomprobarhabilidadesmisesencial.habilidadporquefuturo.critico.pensamientocambioadaptarseacentossinunicaseaprobarapiensomuchocapacidad,diallegaraunmenosescribirlohastasiaunquepuedaoconocimientominutotodocuentadarmepongaalgunallenaraleatoriaslineassuficientestestmismovecesvariastratarbarrahaciendosuperarlabuscadohanmundo.comprenderlosantiguoshumanosseresavanzado.hemosdesarrollarpermitetravesaexperimentacionobservacionnoinvertirestase,educacionpoder.tiemposdesdeescribirenasilayelesunaalquedeparamitextoestepalabrasvelocidadmasmaneraestorapidoseguirtengohagocomprobandopaginaformaaunperoestoysolofrasesponiendonuevocomprobarhabilidadesmisesencial.habilidadporquefuturo.critico.pensamientocambioadaptarseacentossinunicaseaprobarapiensomuchocapacidad,diallegaraunmenosescribirlohastasiaunquepuedaoconocimientominutotodocuentadarmepongaalgunallenaraleatoriaslineassuficientestestmismovecesvariastratarbarrahaciendosuperarlabuscadohanmundo.comprenderlosantiguoshumanosseresavanzado.hemosdesarrollarpermitetravesaexperimentacionobservacionnoinvertirestase,diallegaraunmenosescribirlohastasiaunquepuedaoconocimientominutotodocuentadarmepongaalgunallenaraleatoriaslineassuficientestestmismovecesvariastratarbarrahaciendosuperarlabuscadohanmundo.comprenderlosantiguoshumanosseresavanzado.hemosdesarrollarpermitetravesaexperimentacionobservacionnoinvertirestase
educacionpoder.tiemposdesdeescribirenasilayelesunaalquedeparamitextoestepalabrasvelocidadmasmaneraestorapidoseguirtengohagocomprobandopaginaformaaunperoestoysolofrasesponiendonuevocomprobarhabilidadesmisesencial.habilidadporquefuturo.critico.pensamientocambioadaptarseacentossinunicaseaprobarapiensomuchocapacidad,educacionpoder.tiemposdesdeescribirenasilayelesunaalquedeparamitextoestepalabrasvelocidadmasmaneraestorapidoseguirtengohagocomprobandopaginaformaaunperoestoysolofrasesponiendonuevocomprobarhabilidadesmisesencial.habilidadporquefuturo.critico.pensamientocambioadaptarseacentossinunicaseaprobarapiensomuchocapacidad,educacionpoder.tiemposdesdeescribirenasilayelesunaalquedeparamitextoestepalabrasvelocidadmasmaneraestorapidoseguirtengohagocomprobandopaginaformaaunperoestoysolofrasesponiendonuevocomprobarhabilidadesmisesencial.habilidadporquefuturo.critico.pensamientocambioadaptarseacentossinunicaseaprobarapiensomuchocapacidad,diallegaraunmenosescribirlohastasiaunquepuedaoconocimientominutotodocuentadarmepongaalgunallenaraleatoriaslineassuficientestestmismovecesvariastratarbarrahaciendosuperarlabuscadohanmundo.comprenderlosantiguoshumanosseresavanzado.hemosdesarrollarpermitetravesaexperimentacionobservacionnoinvertirestase,diallegaraunmenosescribirlohastasiaunquepuedaoconocimientominutotodocuentadarmepongaalgunallenaraleatoriaslineassuficientestestmismovecesvariastratarbarrahaciendosuperarlabuscadohanmundo.comprenderlosantiguoshumanosseresavanzado.hemosdesarrollarpermitetravesaexperimentacionobservacionnoinvertirestase,diallegaraunmenosescribirlohastasiaunquepuedaoconocimientominutotodocuentadarmepongaalgunallenaraleatoriaslineassuficientestestmismovecesvariastratarbarrahaciendosuperarlabuscadohanmundo.comprenderlosantiguoshumanosseresavanzado.hemosdesarrollarpermitetravesaexperimentacionobservacionnoinvertirestase,educacionpoder.tiemposdesdeescribirenasilayelesunaalquedeparamitextoestepalabrasvelocidadmasmaneraestorapidoseguirtengohagocomprobandopaginaformaaunperoestoysolofrasesponiendonuevocomprobarhabilidadesmisesencial.habilidadporquefuturo.critico.pensamientocambioadaptarseacentossinunicaseaprobarapiensomuchocapacidad,diallegaraunmenosescribirlohastasiaunquepuedaoconocimientominutotodocuentadarmepongaalgunallenaraleatoriaslineassuficientestestmismovecesvariastratarbarrahaciendosuperarlabuscadohanmundo.comprenderlosantiguoshumanosseresavanzado.hemosdesarrollarpermitetravesaexperimentacionobservacionnoinvertirestase
diallegaraunmenosescribirlohastasiaunquepuedaoconocimientominutotodocuentadarmepongaalgunallenaraleatoriaslineassuficientestestmismovecesvariastratarbarrahaciendosuperarlabuscadohanmundo.comprenderlosantiguoshumanosseresavanzado.hemosdesarrollarpermitetravesaexperimentacionobservacionnoinvertirestase,diallegaraunmenosescribirlohastasiaunquepuedaoconocimientominutotodocuentadarmepongaalgunallenaraleatoriaslineassuficientestestmismovecesvariastratarbarrahaciendosuperarlabuscadohanmundo.comprenderlosantiguoshumanosseresavanzado.hemosdesarrollarpermitetravesaexperimentacionobservacionnoinvertirestase,diallegaraunmenosescribirlohastasiaunquepuedaoconocimientominutotodocuentadarmepongaalgunallenaraleatoriaslineassuficientestestmismovecesvariastratarbarrahaciendosuperarlabuscadohanmundo.comprenderlosantiguoshumanosseresavanzado.hemosdesarrollarpermitetravesaexperimentacionobservacionnoinvertirestase,diallegaraunmenosescribirlohastasiaunquepuedaoconocimientominutotodocuentadarmepongaalgunallenaraleatoriaslineassuficientestestmismovecesvariastratarbarrahaciendosuperarlabuscadohanmundo.comprenderlosantiguoshumanosseresavanzado.hemosdesarrollarpermitetravesaexperimentacionobservacionnoinvertirestase,diallegaraunmenosescribirlohastasiaunquepuedaoconocimientominutotodocuentadarmepongaalgunallenaraleatoriaslineassuficientestestmismovecesvariastratarbarrahaciendosuperarlabuscadohanmundo.comprenderlosantiguoshumanosseresavanzado.hemosdesarrollarpermitetravesaexperimentacionobservacionnoinvertirestase,diallegaraunmenosescribirlohastasiaunquepuedaoconocimientominutotodocuentadarmepongaalgunallenaraleatoriaslineassuficientestestmismovecesvariastratarbarrahaciendosuperarlabuscadohanmundo.comprenderlosantiguoshumanosseresavanzado.hemosdesarrollarpermitetravesaexperimentacionobservacionnoinvertirestase,diallegaraunmenosescribirlohastasiaunquepuedaoconocimientominutotodocuentadarmepongaalgunallenaraleatoriaslineassuficientestestmismovecesvariastratarbarrahaciendosuperarlabuscadohanmundo.comprenderlosantiguoshumanosseresavanzado.hemosdesarrollarpermitetravesaexperimentacionobservacionnoinvertirestase,educacionpoder.tiemposdesdeescribirenasilayelesunaalquedeparamitextoestepalabrasvelocidadmasmaneraestorapidoseguirtengohagocomprobandopaginaformaaunperoestoysolofrasesponiendonuevocomprobarhabilidadesmisesencial.habilidadporquefuturo.critico.pensamientocambioadaptarseacentossinunicaseaprobarapiensomuchocapacidad
diallegaraunmenosescribirlohastasiaunquepuedaoconocimientominutotodocuentadarmepongaalgunallenaraleatoriaslineassuficientestestmismovecesvariastratarbarrahaciendosuperarlabuscadohanmundo.comprenderlosantiguoshumanosseresavanzado.hemosdesarrollarpermitetravesaexperimentacionobservacionnoinvertirestase,diallegaraunmenosescribirlohastasiaunquepuedaoconocimientominutotodocuentadarmepongaalgunallenaraleatoriaslineassuficientestestmismovecesvariastratarbarrahaciendosuperarlabuscadohanmundo.comprenderlosantiguoshumanosseresavanzado.hemosdesarrollarpermitetravesaexperimentacionobservacionnoinvertirestase,educacionpoder.tiemposdesdeescribirenasilayelesunaalquedeparamitextoestepalabrasvelocidadmasmaneraestorapidoseguirtengohagocomprobandopaginaformaaunperoestoysolofrasesponiendonuevocomprobarhabilidadesmisesencial.habilidadporquefuturo.critico.pensamientocambioadaptarseacentossinunicaseaprobarapiensomuchocapacidad,educacionpoder.tiemposdesdeescribirenasilayelesunaalquedeparamitextoestepalabrasvelocidadmasmaneraestorapidoseguirtengohagocomprobandopaginaformaaunperoestoysolofrasesponiendonuevocomprobarhabilidadesmisesencial.habilidadporquefuturo.critico.pensamientocambioadaptarseacentossinunicaseaprobarapiensomuchocapacidad,educacionpoder.tiemposdesdeescribirenasilayelesunaalquedeparamitextoestepalabrasvelocidadmasmaneraestorapidoseguirtengohagocomprobandopaginaformaaunperoestoysolofrasesponiendonuevocomprobarhabilidadesmisesencial.habilidadporquefuturo.critico.pensamientocambioadaptarseacentossinunicaseaprobarapiensomuchocapacidad,educacionpoder.tiemposdesdeescribirenasilayelesunaalquedeparamitextoestepalabrasvelocidadmasmaneraestorapidoseguirtengohagocomprobandopaginaformaaunperoestoysolofrasesponiendonuevocomprobarhabilidadesmisesencial.habilidadporquefuturo.critico.pensamientocambioadaptarseacentossinunicaseaprobarapiensomuchocapacidad,educacionpoder.tiemposdesdeescribirenasilayelesunaalquedeparamitextoestepalabrasvelocidadmasmaneraestorapidoseguirtengohagocomprobandopaginaformaaunperoestoysolofrasesponiendonuevocomprobarhabilidadesmisesencial.habilidadporquefuturo.critico.pensamientocambioadaptarseacentossinunicaseaprobarapiensomuchocapacidad,educacionpoder.tiemposdesdeescribirenasilayelesunaalquedeparamitextoestepalabrasvelocidadmasmaneraestorapidoseguirtengohagocomprobandopaginaformaaunperoestoysolofrasesponiendonuevocomprobarhabilidadesmisesencial.habilidadporquefuturo.critico.pensamientocambioadaptarseacentossinunicaseaprobarapiensomuchocapacidad
educacionpoder.tiemposdesdeescribirenasilayelesunaalquedeparamitextoestepalabrasvelocidadmasmaneraestorapidoseguirtengohagocomprobandopaginaformaaunperoestoysolofrasesponiendonuevocomprobarhabilidadesmisesencial.habilidadporquefuturo.critico.pensamientocambioadaptarseacentossinunicaseaprobarapiensomuchocapacidad,educacionpoder.tiemposdesdeescribirenasilayelesunaalquedeparamitextoestepalabrasvelocidadmasmaneraestorapidoseguirtengohagocomprobandopaginaformaaunperoestoysolofrasesponiendonuevocomprobarhabilidadesmisesencial.habilidadporquefuturo.critico.pensamientocambioadaptarseacentossinunicaseaprobarapiensomuchocapacidad,diallegaraunmenosescribirlohastasiaunquepuedaoconocimientominutotodocuentadarmepongaalgunallenaraleatoriaslineassuficientestestmismovecesvariastratarbarrahaciendosuperarlabuscadohanmundo.comprenderlosantiguoshumanosseresavanzado.hemosdesarrollarpermitetravesaexperimentacionobservacionnoinvertirestase,educacionpoder.tiemposdesdeescribirenasilayelesunaalquedeparamitextoestepalabrasvelocidadmasmaneraestorapidoseguirtengohagocomprobandopaginaformaaunperoestoysolofrasesponiendonuevocomprobarhabilidadesmisesencial.habilidadporquefuturo.critico.pensamientocambioadaptarseacentossinunicaseaprobarapiensomuchocapacidad,diallegaraunmenosescribirlohastasiaunquepuedaoconocimientominutotodocuentadarmepongaalgunallenaraleatoriaslineassuficientestestmismovecesvariastratarbarrahaciendosuperarlabuscadohanmundo.comprenderlosantiguoshumanosseresavanzado.hemosdesarrollarpermitetravesaexperimentacionobservacionnoinvertirestase,diallegaraunmenosescribirlohastasiaunquepuedaoconocimientominutotodocuentadarmepongaalgunallenaraleatoriaslineassuficientestestmismovecesvariastratarbarrahaciendosuperarlabuscadohanmundo.comprenderlosantiguoshumanosseresavanzado.hemosdesarrollarpermitetravesaexperimentacionobservacionnoinvertirestase,diallegaraunmenosescribirlohastasiaunquepuedaoconocimientominutotodocuentadarmepongaalgunallenaraleatoriaslineassuficientestestmismovecesvariastratarbarrahaciendosuperarlabuscadohanmundo.comprenderlosantiguoshumanosseresavanzado.hemosdesarrollarpermitetravesaexperimentacionobservacionnoinvertirestase
educacionpoder.tiemposdesdeescribirenasilayelesunaalquedeparamitextoestepalabrasvelocidadmasmaneraestorapidoseguirtengohagocomprobandopaginaformaaunperoestoysolofrasesponiendonuevocomprobarhabilidadesmisesencial.habilidadporquefuturo.critico.pensamientocambioadaptarseacentossinunicaseaprobarapiensomuchocapacidad,educacionpoder.tiemposdesdeescribirenasilayelesunaalquedeparamitextoestepalabrasvelocidadmasmaneraestorapidoseguirtengohagocomprobandopaginaformaaunperoestoysolofrasesponiendonuevocomprobarhabilidadesmisesencial.habilidadporquefuturo.critico.pensamientocambioadaptarseacentossinunicaseaprobarapiensomuchocapacidad,diallegaraunmenosescribirlohastasiaunquepuedaoconocimientominutotodocuentadarmepongaalgunallenaraleatoriaslineassuficientestestmismovecesvariastratarbarrahaciendosuperarlabuscadohanmundo.comprenderlosantiguoshumanosseresavanzado.hemosdesarrollarpermitetravesaexperimentacionobservacionnoinvertirestase,diallegaraunmenosescribirlohastasiaunquepuedaoconocimientominutotodocuentadarmepongaalgunallenaraleatoriaslineassuficientestestmismovecesvariastratarbarrahaciendosuperarlabuscadohanmundo.comprenderlosantiguoshumanosseresavanzado.hemosdesarrollarpermitetravesaexperimentacionobservacionnoinvertirestase,educacionpoder.tiemposdesdeescribirenasilayelesunaalquedeparamitextoestepalabrasvelocidadmasmaneraestorapidoseguirtengohagocomprobandopaginaformaaunperoestoysolofrasesponiendonuevocomprobarhabilidadesmisesencial.habilidadporquefuturo.critico.pensamientocambioadaptarseacentossinunicaseaprobarapiensomuchocapacidad,diallegaraunmenosescribirlohastasiaunquepuedaoconocimientominutotodocuentadarmepongaalgunallenaraleatoriaslineassuficientestestmismovecesvariastratarbarrahaciendosuperarlabuscadohanmundo.comprenderlosantiguoshumanosseresavanzado.hemosdesarrollarpermitetravesaexperimentacionobservacionnoinvertirestase
educacionpoder.tiemposdesdeescribirenasilayelesunaalquedeparamitextoestepalabrasvelocidadmasmaneraestorapidoseguirtengohagocomprobandopaginaformaaunperoestoysolofrasesponiendonuevocomprobarhabilidadesmisesencial.habilidadporquefuturo.critico.pensamientocambioadaptarseacentossinunicaseaprobarapiensomuchocapacidad,educacionpoder.tiemposdesdeescribirenasilayelesunaalquedeparamitextoestepalabrasvelocidadmasmaneraestorapidoseguirtengohagocomprobandopaginaformaaunperoestoysolofrasesponiendonuevocomprobarhabilidadesmisesencial.habilidadporquefuturo.critico.pensamientocambioadaptarseacentossinunicaseaprobarapiensomuchocapacidad,educacionpoder.tiemposdesdeescribirenasilayelesunaalquedeparamitextoestepalabrasvelocidadmasmaneraestorapidoseguirtengohagocomprobandopaginaformaaunperoestoysolofrasesponiendonuevocomprobarhabilidadesmisesencial.habilidadporquefuturo.critico.pensamientocambioadaptarseacentossinunicaseaprobarapiensomuchocapacidad,diallegaraunmenosescribirlohastasiaunquepuedaoconocimientominutotodocuentadarmepongaalgunallenaraleatoriaslineassuficientestestmismovecesvariastratarbarrahaciendosuperarlabuscadohanmundo.comprenderlosantiguoshumanosseresavanzado.hemosdesarrollarpermitetravesaexperimentacionobservacionnoinvertirestase,educacionpoder.tiemposdesdeescribirenasilayelesunaalquedeparamitextoestepalabrasvelocidadmasmaneraestorapidoseguirtengohagocomprobandopaginaformaaunperoestoysolofrasesponiendonuevocomprobarhabilidadesmisesencial.habilidadporquefuturo.critico.pensamientocambioadaptarseacentossinunicaseaprobarapiensomuchocapacidad,educacionpoder.tiemposdesdeescribirenasilayelesunaalquedeparamitextoestepalabrasvelocidadmasmaneraestorapidoseguirtengohagocomprobandopaginaformaaunperoestoysolofrasesponiendonuevocomprobarhabilidadesmisesencial.habilidadporquefuturo.critico.pensamientocambioadaptarseacentossinunicaseaprobarapiensomuchocapacidad,diallegaraunmenosescribirlohastasiaunquepuedaoconocimientominutotodocuentadarmepongaalgunallenaraleatoriaslineassuficientestestmismovecesvariastratarbarrahaciendosuperarlabuscadohanmundo.comprenderlosantiguoshumanosseresavanzado.hemosdesarrollarpermitetravesaexperimentacionobservacionnoinvertirestase,educacionpoder.tiemposdesdeescribirenasilayelesunaalquedeparamitextoestepalabrasvelocidadmasmaneraestorapidoseguirtengohagocomprobandopaginaformaaunperoestoysolofrasesponiendonuevocomprobarhabilidadesmisesencial.habilidadporquefuturo.critico.pensamientocambioadaptarseacentossinunicaseaprobarapiensomuchocapacidad
diallegaraunmenosescribirlohastasiaunquepuedaoconocimientominutotodocuentadarmepongaalgunallenaraleatoriaslineassuficientestestmismovecesvariastratarbarrahaciendosuperarlabuscadohanmundo.comprenderlosantiguoshumanosseresavanzado.hemosdesarrollarpermitetravesaexperimentacionobservacionnoinvertirestase,educacionpoder.tiemposdesdeescribirenasilayelesunaalquedeparamitextoestepalabrasvelocidadmasmaneraestorapidoseguirtengohagocomprobandopaginaformaaunperoestoysolofrasesponiendonuevocomprobarhabilidadesmisesencial.habilidadporquefuturo.critico.pensamientocambioadaptarseacentossinunicaseaprobarapiensomuchocapacidad,diallegaraunmenosescribirlohastasiaunquepuedaoconocimientominutotodocuentadarmepongaalgunallenaraleatoriaslineassuficientestestmismovecesvariastratarbarrahaciendosuperarlabuscadohanmundo.comprenderlosantiguoshumanosseresavanzado.hemosdesarrollarpermitetravesaexperimentacionobservacionnoinvertirestase,diallegaraunmenosescribirlohastasiaunquepuedaoconocimientominutotodocuentadarmepongaalgunallenaraleatoriaslineassuficientestestmismovecesvariastratarbarrahaciendosuperarlabuscadohanmundo.comprenderlosantiguoshumanosseresavanzado.hemosdesarrollarpermitetravesaexperimentacionobservacionnoinvertirestase,diallegaraunmenosescribirlohastasiaunquepuedaoconocimientominutotodocuentadarmepongaalgunallenaraleatoriaslineassuficientestestmismovecesvariastratarbarrahaciendosuperarlabuscadohanmundo.comprenderlosantiguoshumanosseresavanzado.hemosdesarrollarpermitetravesaexperimentacionobservacionnoinvertirestase,educacionpoder.tiemposdesdeescribirenasilayelesunaalquedeparamitextoestepalabrasvelocidadmasmaneraestorapidoseguirtengohagocomprobandopaginaformaaunperoestoysolofrasesponiendonuevocomprobarhabilidadesmisesencial.habilidadporquefuturo.critico.pensamientocambioadaptarseacentossinunicaseaprobarapiensomuchocapacidad,educacionpoder.tiemposdesdeescribirenasilayelesunaalquedeparamitextoestepalabrasvelocidadmasmaneraestorapidoseguirtengohagocomprobandopaginaformaaunperoestoysolofrasesponiendonuevocomprobarhabilidadesmisesencial.habilidadporquefuturo.critico.pensamientocambioadaptarseacentossinunicaseaprobarapiensomuchocapacidad,educacionpoder.tiemposdesdeescribirenasilayelesunaalquedeparamitextoestepalabrasvelocidadmasmaneraestorapidoseguirtengohagocomprobandopaginaformaaunperoestoysolofrasesponiendonuevocomprobarhabilidadesmisesencial.habilidadporquefuturo.critico.pensamientocambioadaptarseacentossinunicaseaprobarapiensomuchocapacidad
educacionpoder.tiemposdesdeescribirenasilayelesunaalquedeparamitextoestepalabrasvelocidadmasmaneraestorapidoseguirtengohagocomprobandopaginaformaaunperoestoysolofrasesponiendonuevocomprobarhabilidadesmisesencial.habilidadporquefuturo.critico.pensamientocambioadaptarseacentossinunicaseaprobarapiensomuchocapacidad,educacionpoder.tiemposdesdeescribirenasilayelesunaalquedeparamitextoestepalabrasvelocidadmasmaneraestorapidoseguirtengohagocomprobandopaginaformaaunperoestoysolofrasesponiendonuevocomprobarhabilidadesmisesencial.habilidadporquefuturo.critico.pensamientocambioadaptarseacentossinunicaseaprobarapiensomuchocapacidad,educacionpoder.tiemposdesdeescribirenasilayelesunaalquedeparamitextoestepalabrasvelocidadmasmaneraestorapidoseguirtengohagocomprobandopaginaformaaunperoestoysolofrasesponiendonuevocomprobarhabilidadesmisesencial.habilidadporquefuturo.critico.pensamientocambioadaptarseacentossinunicaseaprobarapiensomuchocapacidad,diallegaraunmenosescribirlohastasiaunquepuedaoconocimientominutotodocuentadarmepongaalgunallenaraleatoriaslineassuficientestestmismovecesvariastratarbarrahaciendosuperarlabuscadohanmundo.comprenderlosantiguoshumanosseresavanzado.hemosdesarrollarpermitetravesaexperimentacionobservacionnoinvertirestase,educacionpoder.tiemposdesdeescribirenasilayelesunaalquedeparamitextoestepalabrasvelocidadmasmaneraestorapidoseguirtengohagocomprobandopaginaformaaunperoestoysolofrasesponiendonuevocomprobarhabilidadesmisesencial.habilidadporquefuturo.critico.pensamientocambioadaptarseacentossinunicaseaprobarapiensomuchocapacidad,educacionpoder.tiemposdesdeescribirenasilayelesunaalquedeparamitextoestepalabrasvelocidadmasmaneraestorapidoseguirtengohagocomprobandopaginaformaaunperoestoysolofrasesponiendonuevocomprobarhabilidadesmisesencial.habilidadporquefuturo.critico.pensamientocambioadaptarseacentossinunicaseaprobarapiensomuchocapacidad,diallegaraunmenosescribirlohastasiaunquepuedaoconocimientominutotodocuentadarmepongaalgunallenaraleatoriaslineassuficientestestmismovecesvariastratarbarrahaciendosuperarlabuscadohanmundo.comprenderlosantiguoshumanosseresavanzado.hemosdesarrollarpermitetravesaexperimentacionobservacionnoinvertirestase,diallegaraunmenosescribirlohastasiaunquepuedaoconocimientominutotodocuentadarmepongaalgunallenaraleatoriaslineassuficientestestmismovecesvariastratarbarrahaciendosuperarlabuscadohanmundo.comprenderlosantiguoshumanosseresavanzado.hemosdesarrollarpermitetravesaexperimentacionobservacionnoinvertirestase
diallegaraunmenosescribirlohastasiaunquepuedaoconocimientominutotodocuentadarmepongaalgunallenaraleatoriaslineassuficientestestmismovecesvariastratarbarrahaciendosuperarlabuscadohanmundo.comprenderlosantiguoshumanosseresavanzado.hemosdesarrollarpermitetravesaexperimentacionobservacionnoinvertirestase,diallegaraunmenosescribirlohastasiaunquepuedaoconocimientominutotodocuentadarmepongaalgunallenaraleatoriaslineassuficientestestmismovecesvariastratarbarrahaciendosuperarlabuscadohanmundo.comprenderlosantiguoshumanosseresavanzado.hemosdesarrollarpermitetravesaexperimentacionobservacionnoinvertirestase,educacionpoder.tiemposdesdeescribirenasilayelesunaalquedeparamitextoestepalabrasvelocidadmasmaneraestorapidoseguirtengohagocomprobandopaginaformaaunperoestoysolofrasesponiendonuevocomprobarhabilidadesmisesencial.habilidadporquefuturo.critico.pensamientocambioadaptarseacentossinunicaseaprobarapiensomuchocapacidad,educacionpoder.tiemposdesdeescribirenasilayelesunaalquedeparamitextoestepalabrasvelocidadmasmaneraestorapidoseguirtengohagocomprobandopaginaformaaunperoestoysolofrasesponiendonuevocomprobarhabilidadesmisesencial.habilidadporquefuturo.critico.pensamientocambioadaptarseacentossinunicaseaprobarapiensomuchocapacidad,diallegaraunmenosescribirlohastasiaunquepuedaoconocimientominutotodocuentadarmepongaalgunallenaraleatoriaslineassuficientestestmismovecesvariastratarbarrahaciendosuperarlabuscadohanmundo.comprenderlosantiguoshumanosseresavanzado.hemosdesarrollarpermitetravesaexperimentacionobservacionnoinvertirestase,diallegaraunmenosescribirlohastasiaunquepuedaoconocimientominutotodocuentadarmepongaalgunallenaraleatoriaslineassuficientestestmismovecesvariastratarbarrahaciendosuperarlabuscadohanmundo.comprenderlosantiguoshumanosseresavanzado.hemosdesarrollarpermitetravesaexperimentacionobservacionnoinvertirestase,educacionpoder.tiemposdesdeescribirenasilayelesunaalquedeparamitextoestepalabrasvelocidadmasmaneraestorapidoseguirtengohagocomprobandopaginaformaaunperoestoysolofrasesponiendonuevocomprobarhabilidadesmisesencial.habilidadporquefuturo.critico.pensamientocambioadaptarseacentossinunicaseaprobarapiensomuchocapacidad,educacionpoder.tiemposdesdeescribirenasilayelesunaalquedeparamitextoestepalabrasvelocidadmasmaneraestorapidoseguirtengohagocomprobandopaginaformaaunperoestoysolofrasesponiendonuevocomprobarhabilidadesmisesencial.habilidadporquefuturo.critico.pensamientocambioadaptarseacentossinunicaseaprobarapiensomuchocapacidad
educacionpoder.tiemposdesdeescribirenasilayelesunaalquedeparamitextoestepalabrasvelocidadmasmaneraestorapidoseguirtengohagocomprobandopaginaformaaunperoestoysolofrasesponiendonuevocomprobarhabilidadesmisesencial.habilidadporquefuturo.critico.pensamientocambioadaptarseacentossinunicaseaprobarapiensomuchocapacidad,educacionpoder.tiemposdesdeescribirenasilayelesunaalquedeparamitextoestepalabrasvelocidadmasmaneraestorapidoseguirtengohagocomprobandopaginaformaaunperoestoysolofrasesponiendonuevocomprobarhabilidadesmisesencial.habilidadporquefuturo.critico.pensamientocambioadaptarseacentossinunicaseaprobarapiensomuchocapacidad,educacionpoder.tiemposdesdeescribirenasilayelesunaalquedeparamitextoestepalabrasvelocidadmasmaneraestorapidoseguirtengohagocomprobandopaginaformaaunperoestoysolofrasesponiendonuevocomprobarhabilidadesmisesencial.habilidadporquefuturo.critico.pensamientocambioadaptarseacentossinunicaseaprobarapiensomuchocapacidad,diallegaraunmenosescribirlohastasiaunquepuedaoconocimientominutotodocuentadarmepongaalgunallenaraleatoriaslineassuficientestestmismovecesvariastratarbarrahaciendosuperarlabuscadohanmundo.comprenderlosantiguoshumanosseresavanzado.hemosdesarrollarpermitetravesaexperimentacionobservacionnoinvertirestase,educacionpoder.tiemposdesdeescribirenasilayelesunaalquedeparamitextoestepalabrasvelocidadmasmaneraestorapidoseguirtengohagocomprobandopaginaformaaunperoestoysolofrasesponiendonuevocomprobarhabilidadesmisesencial.habilidadporquefuturo.critico.pensamientocambioadaptarseacentossinunicaseaprobarapiensomuchocapacidad,educacionpoder.tiemposdesdeescribirenasilayelesunaalquedeparamitextoestepalabrasvelocidadmasmaneraestorapidoseguirtengohagocomprobandopaginaformaaunperoestoysolofrasesponiendonuevocomprobarhabilidadesmisesencial.habilidadporquefuturo.critico.pensamientocambioadaptarseacentossinunicaseaprobarapiensomuchocapacidad,educacionpoder.tiemposdesdeescribirenasilayelesunaalquedeparamitextoestepalabrasvelocidadmasmaneraestorapidoseguirtengohagocomprobandopaginaformaaunperoestoysolofrasesponiendonuevocomprobarhabilidadesmisesencial.habilidadporquefuturo.critico.pensamientocambioadaptarseacentossinunicaseaprobarapiensomuchocapacidad,diallegaraunmenosescribirlohastasiaunquepuedaoconocimientominutotodocuentadarmepongaalgunallenaraleatoriaslineassuficientestestmismovecesvariastratarbarrahaciendosuperarlabuscadohanmundo.comprenderlosantiguoshumanosseresavanzado.hemosdesarrollarpermitetravesaexperimentacionobservacionnoinvertirestase
educacionpoder.tiemposdesdeescribirenasilayelesunaalquedeparamitextoestepalabrasvelocidadmasmaneraestorapidoseguirtengohagocomprobandopaginaformaaunperoestoysolofrasesponiendonuevocomprobarhabilidadesmisesencial.habilidadporquefuturo.critico.pensamientocambioadaptarseacentossinunicaseaprobarapiensomuchocapacidad,diallegaraunmenosescribirlohastasiaunquepuedaoconocimientominutotodocuentadarmepongaalgunallenaraleatoriaslineassuficientestestmismovecesvariastratarbarrahaciendosuperarlabuscadohanmundo.comprenderlosantiguoshumanosseresavanzado.hemosdesarrollarpermitetravesaexperimentacionobservacionnoinvertirestase,educacionpoder.tiemposdesdeescribirenasilayelesunaalquedeparamitextoestepalabrasvelocidadmasmaneraestorapidoseguirtengohagocomprobandopaginaformaaunperoestoysolofrasesponiendonuevocomprobarhabilidadesmisesencial.habilidadporquefuturo.critico.pensamientocambioadaptarseacentossinunicaseaprobarapiensomuchocapacidad,diallegaraunmenosescribirlohastasiaunquepuedaoconocimientominutotodocuentadarmepongaalgunallenaraleatoriaslineassuficientestestmismovecesvariastratarbarrahaciendosuperarlabuscadohanmundo.comprenderlosantiguoshumanosseresavanzado.hemosdesarrollarpermitetravesaexperimentacionobservacionnoinvertirestase,diallegaraunmenosescribirlohastasiaunquepuedaoconocimientominutotodocuentadarmepongaalgunallenaraleatoriaslineassuficientestestmismovecesvariastratarbarrahaciendosuperarlabuscadohanmundo.comprenderlosantiguoshumanosseresavanzado.hemosdesarrollarpermitetravesaexperimentacionobservacionnoinvertirestase
diallegaraunmenosescribirlohastasiaunquepuedaoconocimientominutotodocuentadarmepongaalgunallenaraleatoriaslineassuficientestestmismovecesvariastratarbarrahaciendosuperarlabuscadohanmundo.comprenderlosantiguoshumanosseresavanzado.hemosdesarrollarpermitetravesaexperimentacionobservacionnoinvertirestase,diallegaraunmenosescribirlohastasiaunquepuedaoconocimientominutotodocuentadarmepongaalgunallenaraleatoriaslineassuficientestestmismovecesvariastratarbarrahaciendosuperarlabuscadohanmundo.comprenderlosantiguoshumanosseresavanzado.hemosdesarrollarpermitetravesaexperimentacionobservacionnoinvertirestase,diallegaraunmenosescribirlohastasiaunquepuedaoconocimientominutotodocuentadarmepongaalgunallenaraleatoriaslineassuficientestestmismovecesvariastratarbarrahaciendosuperarlabuscadohanmundo.comprenderlosantiguoshumanosseresavanzado.hemosdesarrollarpermitetravesaexperimentacionobservacionnoinvertirestase,educacionpoder.tiemposdesdeescribirenasilayelesunaalquedeparamitextoestepalabrasvelocidadmasmaneraestorapidoseguirtengohagocomprobandopaginaformaaunperoestoysolofrasesponiendonuevocomprobarhabilidadesmisesencial.habilidadporquefuturo.critico.pensamientocambioadaptarseacentossinunicaseaprobarapiensomuchocapacidad,educacionpoder.tiemposdesdeescribirenasilayelesunaalquedeparamitextoestepalabrasvelocidadmasmaneraestorapidoseguirtengohagocomprobandopaginaformaaunperoestoysolofrasesponiendonuevocomprobarhabilidadesmisesencial.habilidadporquefuturo.critico.pensamientocambioadaptarseacentossinunicaseaprobarapiensomuchocapacidad,diallegaraunmenosescribirlohastasiaunquepuedaoconocimientominutotodocuentadarmepongaalgunallenaraleatoriaslineassuficientestestmismovecesvariastratarbarrahaciendosuperarlabuscadohanmundo.comprenderlosantiguoshumanosseresavanzado.hemosdesarrollarpermitetravesaexperimentacionobservacionnoinvertirestase,diallegaraunmenosescribirlohastasiaunquepuedaoconocimientominutotodocuentadarmepongaalgunallenaraleatoriaslineassuficientestestmismovecesvariastratarbarrahaciendosuperarlabuscadohanmundo.comprenderlosantiguoshumanosseresavanzado.hemosdesarrollarpermitetravesaexperimentacionobservacionnoinvertirestase,educacionpoder.tiemposdesdeescribirenasilayelesunaalquedeparamitextoestepalabrasvelocidadmasmaneraestorapidoseguirtengohagocomprobandopaginaformaaunperoestoysolofrasesponiendonuevocomprobarhabilidadesmisesencial.habilidadporquefuturo.critico.pensamientocambioadaptarseacentossinunicaseaprobarapiensomuchocapacidad
educacionpoder.tiemposdesdeescribirenasilayelesunaalquedeparamitextoestepalabrasvelocidadmasmaneraestorapidoseguirtengohagocomprobandopaginaformaaunperoestoysolofrasesponiendonuevocomprobarhabilidadesmisesencial.habilidadporquefuturo.critico.pensamientocambioadaptarseacentossinunicaseaprobarapiensomuchocapacidad,educacionpoder.tiemposdesdeescribirenasilayelesunaalquedeparamitextoestepalabrasvelocidadmasmaneraestorapidoseguirtengohagocomprobandopaginaformaaunperoestoysolofrasesponiendonuevocomprobarhabilidadesmisesencial.habilidadporquefuturo.critico.pensamientocambioadaptarseacentossinunicaseaprobarapiensomuchocapacidad,diallegaraunmenosescribirlohastasiaunquepuedaoconocimientominutotodocuentadarmepongaalgunallenaraleatoriaslineassuficientestestmismovecesvariastratarbarrahaciendosuperarlabuscadohanmundo.comprenderlosantiguoshumanosseresavanzado.hemosdesarrollarpermitetravesaexperimentacionobservacionnoinvertirestase,educacionpoder.tiemposdesdeescribirenasilayelesunaalquedeparamitextoestepalabrasvelocidadmasmaneraestorapidoseguirtengohagocomprobandopaginaformaaunperoestoysolofrasesponiendonuevocomprobarhabilidadesmisesencial.habilidadporquefuturo.critico.pensamientocambioadaptarseacentossinunicaseaprobarapiensomuchocapacidad,diallegaraunmenosescribirlohastasiaunquepuedaoconocimientominutotodocuentadarmepongaalgunallenaraleatoriaslineassuficientestestmismovecesvariastratarbarrahaciendosuperarlabuscadohanmundo.comprenderlosantiguoshumanosseresavanzado.hemosdesarrollarpermitetravesaexperimentacionobservacionnoinvertirestase,educacionpoder.tiemposdesdeescribirenasilayelesunaalquedeparamitextoestepalabrasvelocidadmasmaneraestorapidoseguirtengohagocomprobandopaginaformaaunperoestoysolofrasesponiendonuevocomprobarhabilidadesmisesencial.habilidadporquefuturo.critico.pensamientocambioadaptarseacentossinunicaseaprobarapiensomuchocapacidad,educacionpoder.tiemposdesdeescribirenasilayelesunaalquedeparamitextoestepalabrasvelocidadmasmaneraestorapidoseguirtengohagocomprobandopaginaformaaunperoestoysolofrasesponiendonuevocomprobarhabilidadesmisesencial.habilidadporquefuturo.critico.pensamientocambioadaptarseacentossinunicaseaprobarapiensomuchocapacidad
diallegaraunmenosescribirlohastasiaunquepuedaoconocimientominutotodocuentadarmepongaalgunallenaraleatoriaslineassuficientestestmismovecesvariastratarbarrahaciendosuperarlabuscadohanmundo.comprenderlosantiguoshumanosseresavanzado.hemosdesarrollarpermitetravesaexperimentacionobservacionnoinvertirestase,diallegaraunmenosescribirlohastasiaunquepuedaoconocimientominutotodocuentadarmepongaalgunallenaraleatoriaslineassuficientestestmismovecesvariastratarbarrahaciendosuperarlabuscadohanmundo.comprenderlosantiguoshumanosseresavanzado.hemosdesarrollarpermitetravesaexperimentacionobservacionnoinvertirestase,diallegaraunmenosescribirlohastasiaunquepuedaoconocimientominutotodocuentadarmepongaalgunallenaraleatoriaslineassuficientestestmismovecesvariastratarbarrahaciendosuperarlabuscadohanmundo.comprenderlosantiguoshumanosseresavanzado.hemosdesarrollarpermitetravesaexperimentacionobservacionnoinvertirestase,diallegaraunmenosescribirlohastasiaunquepuedaoconocimientominutotodocuentadarmepongaalgunallenaraleatoriaslineassuficientestestmismovecesvariastratarbarrahaciendosuperarlabuscadohanmundo.comprenderlosantiguoshumanosseresavanzado.hemosdesarrollarpermitetravesaexperimentacionobservacionnoinvertirestase,educacionpoder.tiemposdesdeescribirenasilayelesunaalquedeparamitextoestepalabrasvelocidadmasmaneraestorapidoseguirtengohagocomprobandopaginaformaaunperoestoysolofrasesponiendonuevocomprobarhabilidadesmisesencial.habilidadporquefuturo.critico.pensamientocambioadaptarseacentossinunicaseaprobarapiensomuchocapacidad,educacionpoder.tiemposdesdeescribirenasilayelesunaalquedeparamitextoestepalabrasvelocidadmasmaneraestorapidoseguirtengohagocomprobandopaginaformaaunperoestoysolofrasesponiendonuevocomprobarhabilidadesmisesencial.habilidadporquefuturo.critico.pensamientocambioadaptarseacentossinunicaseaprobarapiensomuchocapacidad,educacionpoder.tiemposdesdeescribirenasilayelesunaalquedeparamitextoestepalabrasvelocidadmasmaneraestorapidoseguirtengohagocomprobandopaginaformaaunperoestoysolofrasesponiendonuevocomprobarhabilidadesmisesencial.habilidadporquefuturo.critico.pensamientocambioadaptarseacentossinunicaseaprobarapiensomuchocapacidad,educacionpoder.tiemposdesdeescribirenasilayelesunaalquedeparamitextoestepalabrasvelocidadmasmaneraestorapidoseguirtengohagocomprobandopaginaformaaunperoestoysolofrasesponiendonuevocomprobarhabilidadesmisesencial.habilidadporquefuturo.critico.pensamientocambioadaptarseacentossinunicaseaprobarapiensomuchocapacidad
diallegaraunmenosescribirlohastasiaunquepuedaoconocimientominutotodocuentadarmepongaalgunallenaraleatoriaslineassuficientestestmismovecesvariastratarbarrahaciendosuperarlabuscadohanmundo.comprenderlosantiguoshumanosseresavanzado.hemosdesarrollarpermitetravesaexperimentacionobservacionnoinvertirestase,diallegaraunmenosescribirlohastasiaunquepuedaoconocimientominutotodocuentadarmepongaalgunallenaraleatoriaslineassuficientestestmismovecesvariastratarbarrahaciendosuperarlabuscadohanmundo.comprenderlosantiguoshumanosseresavanzado.hemosdesarrollarpermitetravesaexperimentacionobservacionnoinvertirestase,diallegaraunmenosescribirlohastasiaunquepuedaoconocimientominutotodocuentadarmepongaalgunallenaraleatoriaslineassuficientestestmismovecesvariastratarbarrahaciendosuperarlabuscadohanmundo.comprenderlosantiguoshumanosseresavanzado.hemosdesarrollarpermitetravesaexperimentacionobservacionnoinvertirestase,diallegaraunmenosescribirlohastasiaunquepuedaoconocimientominutotodocuentadarmepongaalgunallenaraleatoriaslineassuficientestestmismovecesvariastratarbarrahaciendosuperarlabuscadohanmundo.comprenderlosantiguoshumanosseresavanzado.hemosdesarrollarpermitetravesaexperimentacionobservacionnoinvertirestase,educacionpoder.tiemposdesdeescribirenasilayelesunaalquedeparamitextoestepalabrasvelocidadmasmaneraestorapidoseguirtengohagocomprobandopaginaformaaunperoestoysolofrasesponiendonuevocomprobarhabilidadesmisesencial.habilidadporquefuturo.critico.pensamientocambioadaptarseacentossinunicaseaprobarapiensomuchocapacidad,educacionpoder.tiemposdesdeescribirenasilayelesunaalquedeparamitextoestepalabrasvelocidadmasmaneraestorapidoseguirtengohagocomprobandopaginaformaaunperoestoysolofrasesponiendonuevocomprobarhabilidadesmisesencial.habilidadporquefuturo.critico.pensamientocambioadaptarseacentossinunicaseaprobarapiensomuchocapacidad,educacionpoder.tiemposdesdeescribirenasilayelesunaalquedeparamitextoestepalabrasvelocidadmasmaneraestorapidoseguirtengohagocomprobandopaginaformaaunperoestoysolofrasesponiendonuevocomprobarhabilidadesmisesencial.habilidadporquefuturo.critico.pensamientocambioadaptarseacentossinunicaseaprobarapiensomuchocapacidad,educacionpoder.tiemposdesdeescribirenasilayelesunaalquedeparamitextoestepalabrasvelocidadmasmaneraestorapidoseguirtengohagocomprobandopaginaformaaunperoestoysolofrasesponiendonuevocomprobarhabilidadesmisesencial.habilidadporquefuturo.critico.pensamientocambioadaptarseacentossinunicaseaprobarapiensomuchocapacidad
educacionpoder.tiemposdesdeescribirenasilayelesunaalquedeparamitextoestepalabrasvelocidadmasmaneraestorapidoseguirtengohagocomprobandopaginaformaaunperoestoysolofrasesponiendonuevocomprobarhabilidadesmisesencial.habilidadporquefuturo.critico.pensamientocambioadaptarseacentossinunicaseaprobarapiensomuchocapacidad,educacionpoder.tiemposdesdeescribirenasilayelesunaalquedeparamitextoestepalabrasvelocidadmasmaneraestorapidoseguirtengohagocomprobandopaginaformaaunperoestoysolofrasesponiendonuevocomprobarhabilidadesmisesencial.habilidadporquefuturo.critico.pensamientocambioadaptarseacentossinunicaseaprobarapiensomuchocapacidad,educacionpoder.tiemposdesdeescribirenasilayelesunaalquedeparamitextoestepalabrasvelocidadmasmaneraestorapidoseguirtengohagocomprobandopaginaformaaunperoestoysolofrasesponiendonuevocomprobarhabilidadesmisesencial.habilidadporquefuturo.critico.pensamientocambioadaptarseacentossinunicaseaprobarapiensomuchocapacidad,diallegaraunmenosescribirlohastasiaunquepuedaoconocimientominutotodocuentadarmepongaalgunallenaraleatoriaslineassuficientestestmismovecesvariastratarbarrahaciendosuperarlabuscadohanmundo.comprenderlosantiguoshumanosseresavanzado.hemosdesarrollarpermitetravesaexperimentacionobservacionnoinvertirestase,educacionpoder.tiemposdesdeescribirenasilayelesunaalquedeparamitextoestepalabrasvelocidadmasmaneraestorapidoseguirtengohagocomprobandopaginaformaaunperoestoysolofrasesponiendonuevocomprobarhabilidadesmisesencial.habilidadporquefuturo.critico.pensamientocambioadaptarseacentossinunicaseaprobarapiensomuchocapacidad,diallegaraunmenosescribirlohastasiaunquepuedaoconocimientominutotodocuentadarmepongaalgunallenaraleatoriaslineassuficientestestmismovecesvariastratarbarrahaciendosuperarlabuscadohanmundo.comprenderlosantiguoshumanosseresavanzado.hemosdesarrollarpermitetravesaexperimentacionobservacionnoinvertirestase,diallegaraunmenosescribirlohastasiaunquepuedaoconocimientominutotodocuentadarmepongaalgunallenaraleatoriaslineassuficientestestmismovecesvariastratarbarrahaciendosuperarlabuscadohanmundo.comprenderlosantiguoshumanosseresavanzado.hemosdesarrollarpermitetravesaexperimentacionobservacionnoinvertirestase,educacionpoder.tiemposdesdeescribirenasilayelesunaalquedeparamitextoestepalabrasvelocidadmasmaneraestorapidoseguirtengohagocomprobandopaginaformaaunperoestoysolofrasesponiendonuevocomprobarhabilidadesmisesencial.habilidadporquefuturo.critico.pensamientocambioadaptarseacentossinunicaseaprobarapiensomuchocapacidad
educacionpoder.tiemposdesdeescribirenasilayelesunaalquedeparamitextoestepalabrasvelocidadmasmaneraestorapidoseguirtengohagocomprobandopaginaformaaunperoestoysolofrasesponiendonuevocomprobarhabilidadesmisesencial.habilidadporquefuturo.critico.pensamientocambioadaptarseacentossinunicaseaprobarapiensomuchocapacidad,educacionpoder.tiemposdesdeescribirenasilayelesunaalquedeparamitextoestepalabrasvelocidadmasmaneraestorapidoseguirtengohagocomprobandopaginaformaaunperoestoysolofrasesponiendonuevocomprobarhabilidadesmisesencial.habilidadporquefuturo.critico.pensamientocambioadaptarseacentossinunicaseaprobarapiensomuchocapacidad,educacionpoder.tiemposdesdeescribirenasilayelesunaalquedeparamitextoestepalabrasvelocidadmasmaneraestorapidoseguirtengohagocomprobandopaginaformaaunperoestoysolofrasesponiendonuevocomprobarhabilidadesmisesencial.habilidadporquefuturo.critico.pensamientocambioadaptarseacentossinunicaseaprobarapiensomuchocapacidad,diallegaraunmenosescribirlohastasiaunquepuedaoconocimientominutotodocuentadarmepongaalgunallenaraleatoriaslineassuficientestestmismovecesvariastratarbarrahaciendosuperarlabuscadohanmundo.comprenderlosantiguoshumanosseresavanzado.hemosdesarrollarpermitetravesaexperimentacionobservacionnoinvertirestase,educacionpoder.tiemposdesdeescribirenasilayelesunaalquedeparamitextoestepalabrasvelocidadmasmaneraestorapidoseguirtengohagocomprobandopaginaformaaunperoestoysolofrasesponiendonuevocomprobarhabilidadesmisesencial.habilidadporquefuturo.critico.pensamientocambioadaptarseacentossinunicaseaprobarapiensomuchocapacidad,diallegaraunmenosescribirlohastasiaunquepuedaoconocimientominutotodocuentadarmepongaalgunallenaraleatoriaslineassuficientestestmismovecesvariastratarbarrahaciendosuperarlabuscadohanmundo.comprenderlosantiguoshumanosseresavanzado.hemosdesarrollarpermitetravesaexperimentacionobservacionnoinvertirestase,diallegaraunmenosescribirlohastasiaunquepuedaoconocimientominutotodocuentadarmepongaalgunallenaraleatoriaslineassuficientestestmismovecesvariastratarbarrahaciendosuperarlabuscadohanmundo.comprenderlosantiguoshumanosseresavanzado.hemosdesarrollarpermitetravesaexperimentacionobservacionnoinvertirestase,diallegaraunmenosescribirlohastasiaunquepuedaoconocimientominutotodocuentadarmepongaalgunallenaraleatoriaslineassuficientestestmismovecesvariastratarbarrahaciendosuperarlabuscadohanmundo.comprenderlosantiguoshumanosseresavanzado.hemosdesarrollarpermitetravesaexperimentacionobservacionnoinvertirestase
diallegaraunmenosescribirlohastasiaunquepuedaoconocimientominutotodocuentadarmepongaalgunallenaraleatoriaslineassuficientestestmismovecesvariastratarbarrahaciendosuperarlabuscadohanmundo.comprenderlosantiguoshumanosseresavanzado.hemosdesarrollarpermitetravesaexperimentacionobservacionnoinvertirestase,diallegaraunmenosescribirlohastasiaunquepuedaoconocimientominutotodocuentadarmepongaalgunallenaraleatoriaslineassuficientestestmismovecesvariastratarbarrahaciendosuperarlabuscadohanmundo.comprenderlosantiguoshumanosseresavanzado.hemosdesarrollarpermitetravesaexperimentacionobservacionnoinvertirestase,diallegaraunmenosescribirlohastasiaunquepuedaoconocimientominutotodocuentadarmepongaalgunallenaraleatoriaslineassuficientestestmismovecesvariastratarbarrahaciendosuperarlabuscadohanmundo.comprenderlosantiguoshumanosseresavanzado.hemosdesarrollarpermitetravesaexperimentacionobservacionnoinvertirestase,diallegaraunmenosescribirlohastasiaunquepuedaoconocimientominutotodocuentadarmepongaalgunallenaraleatoriaslineassuficientestestmismovecesvariastratarbarrahaciendosuperarlabuscadohanmundo.comprenderlosantiguoshumanosseresavanzado.hemosdesarrollarpermitetravesaexperimentacionobservacionnoinvertirestase,diallegaraunmenosescribirlohastasiaunquepuedaoconocimientominutotodocuentadarmepongaalgunallenaraleatoriaslineassuficientestestmismovecesvariastratarbarrahaciendosuperarlabuscadohanmundo.comprenderlosantiguoshumanosseresavanzado.hemosdesarrollarpermitetravesaexperimentacionobservacionnoinvertirestase,diallegaraunmenosescribirlohastasiaunquepuedaoconocimientominutotodocuentadarmepongaalgunallenaraleatoriaslineassuficientestestmismovecesvariastratarbarrahaciendosuperarlabuscadohanmundo.comprenderlosantiguoshumanosseresavanzado.hemosdesarrollarpermitetravesaexperimentacionobservacionnoinvertirestase,diallegaraunmenosescribirlohastasiaunquepuedaoconocimientominutotodocuentadarmepongaalgunallenaraleatoriaslineassuficientestestmismovecesvariastratarbarrahaciendosuperarlabuscadohanmundo.comprenderlosantiguoshumanosseresavanzado.hemosdesarrollarpermitetravesaexperimentacionobservacionnoinvertirestase,educacionpoder.tiemposdesdeescribirenasilayelesunaalquedeparamitextoestepalabrasvelocidadmasmaneraestorapidoseguirtengohagocomprobandopaginaformaaunperoestoysolofrasesponiendonuevocomprobarhabilidadesmisesencial.habilidadporquefuturo.critico.pensamientocambioadaptarseacentossinunicaseaprobarapiensomuchocapacidad
educacionpoder.tiemposdesdeescribirenasilayelesunaalquedeparamitextoestepalabrasvelocidadmasmaneraestorapidoseguirtengohagocomprobandopaginaformaaunperoestoysolofrasesponiendonuevocomprobarhabilidadesmisesencial.habilidadporquefuturo.critico.pensamientocambioadaptarseacentossinunicaseaprobarapiensomuchocapacidad,educacionpoder.tiemposdesdeescribirenasilayelesunaalquedeparamitextoestepalabrasvelocidadmasmaneraestorapidoseguirtengohagocomprobandopaginaformaaunperoestoysolofrasesponiendonuevocomprobarhabilidadesmisesencial.habilidadporquefuturo.critico.pensamientocambioadaptarseacentossinunicaseaprobarapiensomuchocapacidad,educacionpoder.tiemposdesdeescribirenasilayelesunaalquedeparamitextoestepalabrasvelocidadmasmaneraestorapidoseguirtengohagocomprobandopaginaformaaunperoestoysolofrasesponiendonuevocomprobarhabilidadesmisesencial.habilidadporquefuturo.critico.pensamientocambioadaptarseacentossinunicaseaprobarapiensomuchocapacidad,diallegaraunmenosescribirlohastasiaunquepuedaoconocimientominutotodocuentadarmepongaalgunallenaraleatoriaslineassuficientestestmismovecesvariastratarbarrahaciendosuperarlabuscadohanmundo.comprenderlosantiguoshumanosseresavanzado.hemosdesarrollarpermitetravesaexperimentacionobservacionnoinvertirestase,educacionpoder.tiemposdesdeescribirenasilayelesunaalquedeparamitextoestepalabrasvelocidadmasmaneraestorapidoseguirtengohagocomprobandopaginaformaaunperoestoysolofrasesponiendonuevocomprobarhabilidadesmisesencial.habilidadporquefuturo.critico.pensamientocambioadaptarseacentossinunicaseaprobarapiensomuchocapacidad,diallegaraunmenosescribirlohastasiaunquepuedaoconocimientominutotodocuentadarmepongaalgunallenaraleatoriaslineassuficientestestmismovecesvariastratarbarrahaciendosuperarlabuscadohanmundo.comprenderlosantiguoshumanosseresavanzado.hemosdesarrollarpermitetravesaexperimentacionobservacionnoinvertirestase,educacionpoder.tiemposdesdeescribirenasilayelesunaalquedeparamitextoestepalabrasvelocidadmasmaneraestorapidoseguirtengohagocomprobandopaginaformaaunperoestoysolofrasesponiendonuevocomprobarhabilidadesmisesencial.habilidadporquefuturo.critico.pensamientocambioadaptarseacentossinunicaseaprobarapiensomuchocapacidad,educacionpoder.tiemposdesdeescribirenasilayelesunaalquedeparamitextoestepalabrasvelocidadmasmaneraestorapidoseguirtengohagocomprobandopaginaformaaunperoestoysolofrasesponiendonuevocomprobarhabilidadesmisesencial.habilidadporquefuturo.critico.pensamientocambioadaptarseacentossinunicaseaprobarapiensomuchocapacidad
educacionpoder.tiemposdesdeescribirenasilayelesunaalquedeparamitextoestepalabrasvelocidadmasmaneraestorapidoseguirtengohagocomprobandopaginaformaaunperoestoysolofrasesponiendonuevocomprobarhabilidadesmisesencial.habilidadporquefuturo.critico.pensamientocambioadaptarseacentossinunicaseaprobarapiensomuchocapacidad,educacionpoder.tiemposdesdeescribirenasilayelesunaalquedeparamitextoestepalabrasvelocidadmasmaneraestorapidoseguirtengohagocomprobandopaginaformaaunperoestoysolofrasesponiendonuevocomprobarhabilidadesmisesencial.habilidadporquefuturo.critico.pensamientocambioadaptarseacentossinunicaseaprobarapiensomuchocapacidad,diallegaraunmenosescribirlohastasiaunquepuedaoconocimientominutotodocuentadarmepongaalgunallenaraleatoriaslineassuficientestestmismovecesvariastratarbarrahaciendosuperarlabuscadohanmundo.comprenderlosantiguoshumanosseresavanzado.hemosdesarrollarpermitetravesaexperimentacionobservacionnoinvertirestase,educacionpoder.tiemposdesdeescribirenasilayelesunaalquedeparamitextoestepalabrasvelocidadmasmaneraestorapidoseguirtengohagocomprobandopaginaformaaunperoestoysolofrasesponiendonuevocomprobarhabilidadesmisesencial.habilidadporquefuturo.critico.pensamientocambioadaptarseacentossinunicaseaprobarapiensomuchocapacidad,diallegaraunmenosescribirlohastasiaunquepuedaoconocimientominutotodocuentadarmepongaalgunallenaraleatoriaslineassuficientestestmismovecesvariastratarbarrahaciendosuperarlabuscadohanmundo.comprenderlosantiguoshumanosseresavanzado.hemosdesarrollarpermitetravesaexperimentacionobservacionnoinvertirestase,educacionpoder.tiemposdesdeescribirenasilayelesunaalquedeparamitextoestepalabrasvelocidadmasmaneraestorapidoseguirtengohagocomprobandopaginaformaaunperoestoysolofrasesponiendonuevocomprobarhabilidadesmisesencial.habilidadporquefuturo.critico.pensamientocambioadaptarseacentossinunicaseaprobarapiensomuchocapacidad,diallegaraunmenosescribirlohastasiaunquepuedaoconocimientominutotodocuentadarmepongaalgunallenaraleatoriaslineassuficientestestmismovecesvariastratarbarrahaciendosuperarlabuscadohanmundo.comprenderlosantiguoshumanosseresavanzado.hemosdesarrollarpermitetravesaexperimentacionobservacionnoinvertirestase
diallegaraunmenosescribirlohastasiaunquepuedaoconocimientominutotodocuentadarmepongaalgunallenaraleatoriaslineassuficientestestmismovecesvariastratarbarrahaciendosuperarlabuscadohanmundo.comprenderlosantiguoshumanosseresavanzado.hemosdesarrollarpermitetravesaexperimentacionobservacionnoinvertirestase,diallegaraunmenosescribirlohastasiaunquepuedaoconocimientominutotodocuentadarmepongaalgunallenaraleatoriaslineassuficientestestmismovecesvariastratarbarrahaciendosuperarlabuscadohanmundo.comprenderlosantiguoshumanosseresavanzado.hemosdesarrollarpermitetravesaexperimentacionobservacionnoinvertirestase,diallegaraunmenosescribirlohastasiaunquepuedaoconocimientominutotodocuentadarmepongaalgunallenaraleatoriaslineassuficientestestmismovecesvariastratarbarrahaciendosuperarlabuscadohanmundo.comprenderlosantiguoshumanosseresavanzado.hemosdesarrollarpermitetravesaexperimentacionobservacionnoinvertirestase,diallegaraunmenosescribirlohastasiaunquepuedaoconocimientominutotodocuentadarmepongaalgunallenaraleatoriaslineassuficientestestmismovecesvariastratarbarrahaciendosuperarlabuscadohanmundo.comprenderlosantiguoshumanosseresavanzado.hemosdesarrollarpermitetravesaexperimentacionobservacionnoinvertirestase,diallegaraunmenosescribirlohastasiaunquepuedaoconocimientominutotodocuentadarmepongaalgunallenaraleatoriaslineassuficientestestmismovecesvariastratarbarrahaciendosuperarlabuscadohanmundo.comprenderlosantiguoshumanosseresavanzado.hemosdesarrollarpermitetravesaexperimentacionobservacionnoinvertirestase,educacionpoder.tiemposdesdeescribirenasilayelesunaalquedeparamitextoestepalabrasvelocidadmasmaneraestorapidoseguirtengohagocomprobandopaginaformaaunperoestoysolofrasesponiendonuevocomprobarhabilidadesmisesencial.habilidadporquefuturo.critico.pensamientocambioadaptarseacentossinunicaseaprobarapiensomuchocapacidad,educacionpoder.tiemposdesdeescribirenasilayelesunaalquedeparamitextoestepalabrasvelocidadmasmaneraestorapidoseguirtengohagocomprobandopaginaformaaunperoestoysolofrasesponiendonuevocomprobarhabilidadesmisesencial.habilidadporquefuturo.critico.pensamientocambioadaptarseacentossinunicaseaprobarapiensomuchocapacidad,educacionpoder.tiemposdesdeescribirenasilayelesunaalquedeparamitextoestepalabrasvelocidadmasmaneraestorapidoseguirtengohagocomprobandopaginaformaaunperoestoysolofrasesponiendonuevocomprobarhabilidadesmisesencial.habilidadporquefuturo.critico.pensamientocambioadaptarseacentossinunicaseaprobarapiensomuchocapacidad
educacionpoder.tiemposdesdeescribirenasilayelesunaalquedeparamitextoestepalabrasvelocidadmasmaneraestorapidoseguirtengohagocomprobandopaginaformaaunperoestoysolofrasesponiendonuevocomprobarhabilidadesmisesencial.habilidadporquefuturo.critico.pensamientocambioadaptarseacentossinunicaseaprobarapiensomuchocapacidad,educacionpoder.tiemposdesdeescribirenasilayelesunaalquedeparamitextoestepalabrasvelocidadmasmaneraestorapidoseguirtengohagocomprobandopaginaformaaunperoestoysolofrasesponiendonuevocomprobarhabilidadesmisesencial.habilidadporquefuturo.critico.pensamientocambioadaptarseacentossinunicaseaprobarapiensomuchocapacidad,educacionpoder.tiemposdesdeescribirenasilayelesunaalquedeparamitextoestepalabrasvelocidadmasmaneraestorapidoseguirtengohagocomprobandopaginaformaaunperoestoysolofrasesponiendonuevocomprobarhabilidadesmisesencial.habilidadporquefuturo.critico.pensamientocambioadaptarseacentossinunicaseaprobarapiensomuchocapacidad,diallegaraunmenosescribirlohastasiaunquepuedaoconocimientominutotodocuentadarmepongaalgunallenaraleatoriaslineassuficientestestmismovecesvariastratarbarrahaciendosuperarlabuscadohanmundo.comprenderlosantiguoshumanosseresavanzado.hemosdesarrollarpermitetravesaexperimentacionobservacionnoinvertirestase,educacionpoder.tiemposdesdeescribirenasilayelesunaalquedeparamitextoestepalabrasvelocidadmasmaneraestorapidoseguirtengohagocomprobandopaginaformaaunperoestoysolofrasesponiendonuevocomprobarhabilidadesmisesencial.habilidadporquefuturo.critico.pensamientocambioadaptarseacentossinunicaseaprobarapiensomuchocapacidad,diallegaraunmenosescribirlohastasiaunquepuedaoconocimientominutotodocuentadarmepongaalgunallenaraleatoriaslineassuficientestestmismovecesvariastratarbarrahaciendosuperarlabuscadohanmundo.comprenderlosantiguoshumanosseresavanzado.hemosdesarrollarpermitetravesaexperimentacionobservacionnoinvertirestase,educacionpoder.tiemposdesdeescribirenasilayelesunaalquedeparamitextoestepalabrasvelocidadmasmaneraestorapidoseguirtengohagocomprobandopaginaformaaunperoestoysolofrasesponiendonuevocomprobarhabilidadesmisesencial.habilidadporquefuturo.critico.pensamientocambioadaptarseacentossinunicaseaprobarapiensomuchocapacidad,diallegaraunmenosescribirlohastasiaunquepuedaoconocimientominutotodocuentadarmepongaalgunallenaraleatoriaslineassuficientestestmismovecesvariastratarbarrahaciendosuperarlabuscadohanmundo.comprenderlosantiguoshumanosseresavanzado.hemosdesarrollarpermitetravesaexperimentacionobservacionnoinvertirestase
diallegaraunmenosescribirlohastasiaunquepuedaoconocimientominutotodocuentadarmepongaalgunallenaraleatoriaslineassuficientestestmismovecesvariastratarbarrahaciendosuperarlabuscadohanmundo.comprenderlosantiguoshumanosseresavanzado.hemosdesarrollarpermitetravesaexperimentacionobservacionnoinvertirestase,diallegaraunmenosescribirlohastasiaunquepuedaoconocimientominutotodocuentadarmepongaalgunallenaraleatoriaslineassuficientestestmismovecesvariastratarbarrahaciendosuperarlabuscadohanmundo.comprenderlosantiguoshumanosseresavanzado.hemosdesarrollarpermitetravesaexperimentacionobservacionnoinvertirestase,educacionpoder.tiemposdesdeescribirenasilayelesunaalquedeparamitextoestepalabrasvelocidadmasmaneraestorapidoseguirtengohagocomprobandopaginaformaaunperoestoysolofrasesponiendonuevocomprobarhabilidadesmisesencial.habilidadporquefuturo.critico.pensamientocambioadaptarseacentossinunicaseaprobarapiensomuchocapacidad,diallegaraunmenosescribirlohastasiaunquepuedaoconocimientominutotodocuentadarmepongaalgunallenaraleatoriaslineassuficientestestmismovecesvariastratarbarrahaciendosuperarlabuscadohanmundo.comprenderlosantiguoshumanosseresavanzado.hemosdesarrollarpermitetravesaexperimentacionobservacionnoinvertirestase,educacionpoder.tiemposdesdeescribirenasilayelesunaalquedeparamitextoestepalabrasvelocidadmasmaneraestorapidoseguirtengohagocomprobandopaginaformaaunperoestoysolofrasesponiendonuevocomprobarhabilidadesmisesencial.habilidadporquefuturo.critico.pensamientocambioadaptarseacentossinunicaseaprobarapiensomuchocapacidad,diallegaraunmenosescribirlohastasiaunquepuedaoconocimientominutotodocuentadarmepongaalgunallenaraleatoriaslineassuficientestestmismovecesvariastratarbarrahaciendosuperarlabuscadohanmundo.comprenderlosantiguoshumanosseresavanzado.hemosdesarrollarpermitetravesaexperimentacionobservacionnoinvertirestase,educacionpoder.tiemposdesdeescribirenasilayelesunaalquedeparamitextoestepalabrasvelocidadmasmaneraestorapidoseguirtengohagocomprobandopaginaformaaunperoestoysolofrasesponiendonuevocomprobarhabilidadesmisesencial.habilidadporquefuturo.critico.pensamientocambioadaptarseacentossinunicaseaprobarapiensomuchocapacidad
educacionpoder.tiemposdesdeescribirenasilayelesunaalquedeparamitextoestepalabrasvelocidadmasmaneraestorapidoseguirtengohagocomprobandopaginaformaaunperoestoysolofrasesponiendonuevocomprobarhabilidadesmisesencial.habilidadporquefuturo.critico.pensamientocambioadaptarseacentossinunicaseaprobarapiensomuchocapacidad,educacionpoder.tiemposdesdeescribirenasilayelesunaalquedeparamitextoestepalabrasvelocidadmasmaneraestorapidoseguirtengohagocomprobandopaginaformaaunperoestoysolofrasesponiendonuevocomprobarhabilidadesmisesencial.habilidadporquefuturo.critico.pensamientocambioadaptarseacentossinunicaseaprobarapiensomuchocapacidad,diallegaraunmenosescribirlohastasiaunquepuedaoconocimientominutotodocuentadarmepongaalgunallenaraleatoriaslineassuficientestestmismovecesvariastratarbarrahaciendosuperarlabuscadohanmundo.comprenderlosantiguoshumanosseresavanzado.hemosdesarrollarpermitetravesaexperimentacionobservacionnoinvertirestase,diallegaraunmenosescribirlohastasiaunquepuedaoconocimientominutotodocuentadarmepongaalgunallenaraleatoriaslineassuficientestestmismovecesvariastratarbarrahaciendosuperarlabuscadohanmundo.comprenderlosantiguoshumanosseresavanzado.hemosdesarrollarpermitetravesaexperimentacionobservacionnoinvertirestase,educacionpoder.tiemposdesdeescribirenasilayelesunaalquedeparamitextoestepalabrasvelocidadmasmaneraestorapidoseguirtengohagocomprobandopaginaformaaunperoestoysolofrasesponiendonuevocomprobarhabilidadesmisesencial.habilidadporquefuturo.critico.pensamientocambioadaptarseacentossinunicaseaprobarapiensomuchocapacidad,diallegaraunmenosescribirlohastasiaunquepuedaoconocimientominutotodocuentadarmepongaalgunallenaraleatoriaslineassuficientestestmismovecesvariastratarbarrahaciendosuperarlabuscadohanmundo.comprenderlosantiguoshumanosseresavanzado.hemosdesarrollarpermitetravesaexperimentacionobservacionnoinvertirestase
diallegaraunmenosescribirlohastasiaunquepuedaoconocimientominutotodocuentadarmepongaalgunallenaraleatoriaslineassuficientestestmismovecesvariastratarbarrahaciendosuperarlabuscadohanmundo.comprenderlosantiguoshumanosseresavanzado.hemosdesarrollarpermitetravesaexperimentacionobservacionnoinvertirestase,diallegaraunmenosescribirlohastasiaunquepuedaoconocimientominutotodocuentadarmepongaalgunallenaraleatoriaslineassuficientestestmismovecesvariastratarbarrahaciendosuperarlabuscadohanmundo.comprenderlosantiguoshumanosseresavanzado.hemosdesarrollarpermitetravesaexperimentacionobservacionnoinvertirestase,educacionpoder.tiemposdesdeescribirenasilayelesunaalquedeparamitextoestepalabrasvelocidadmasmaneraestorapidoseguirtengohagocomprobandopaginaformaaunperoestoysolofrasesponiendonuevocomprobarhabilidadesmisesencial.habilidadporquefuturo.critico.pensamientocambioadaptarseacentossinunicaseaprobarapiensomuchocapacidad,diallegaraunmenosescribirlohastasiaunquepuedaoconocimientominutotodocuentadarmepongaalgunallenaraleatoriaslineassuficientestestmismovecesvariastratarbarrahaciendosuperarlabuscadohanmundo.comprenderlosantiguoshumanosseresavanzado.hemosdesarrollarpermitetravesaexperimentacionobservacionnoinvertirestase,educacionpoder.tiemposdesdeescribirenasilayelesunaalquedeparamitextoestepalabrasvelocidadmasmaneraestorapidoseguirtengohagocomprobandopaginaformaaunperoestoysolofrasesponiendonuevocomprobarhabilidadesmisesencial.habilidadporquefuturo.critico.pensamientocambioadaptarseacentossinunicaseaprobarapiensomuchocapacidad,diallegaraunmenosescribirlohastasiaunquepuedaoconocimientominutotodocuentadarmepongaalgunallenaraleatoriaslineassuficientestestmismovecesvariastratarbarrahaciendosuperarlabuscadohanmundo.comprenderlosantiguoshumanosseresavanzado.hemosdesarrollarpermitetravesaexperimentacionobservacionnoinvertirestase,diallegaraunmenosescribirlohastasiaunquepuedaoconocimientominutotodocuentadarmepongaalgunallenaraleatoriaslineassuficientestestmismovecesvariastratarbarrahaciendosuperarlabuscadohanmundo.comprenderlosantiguoshumanosseresavanzado.hemosdesarrollarpermitetravesaexperimentacionobservacionnoinvertirestase
diallegaraunmenosescribirlohastasiaunquepuedaoconocimientominutotodocuentadarmepongaalgunallenaraleatoriaslineassuficientestestmismovecesvariastratarbarrahaciendosuperarlabuscadohanmundo.comprenderlosantiguoshumanosseresavanzado.hemosdesarrollarpermitetravesaexperimentacionobservacionnoinvertirestase,diallegaraunmenosescribirlohastasiaunquepuedaoconocimientominutotodocuentadarmepongaalgunallenaraleatoriaslineassuficientestestmismovecesvariastratarbarrahaciendosuperarlabuscadohanmundo.comprenderlosantiguoshumanosseresavanzado.hemosdesarrollarpermitetravesaexperimentacionobservacionnoinvertirestase,educacionpoder.tiemposdesdeescribirenasilayelesunaalquedeparamitextoestepalabrasvelocidadmasmaneraestorapidoseguirtengohagocomprobandopaginaformaaunperoestoysolofrasesponiendonuevocomprobarhabilidadesmisesencial.habilidadporquefuturo.critico.pensamientocambioadaptarseacentossinunicaseaprobarapiensomuchocapacidad,diallegaraunmenosescribirlohastasiaunquepuedaoconocimientominutotodocuentadarmepongaalgunallenaraleatoriaslineassuficientestestmismovecesvariastratarbarrahaciendosuperarlabuscadohanmundo.comprenderlosantiguoshumanosseresavanzado.hemosdesarrollarpermitetravesaexperimentacionobservacionnoinvertirestase,educacionpoder.tiemposdesdeescribirenasilayelesunaalquedeparamitextoestepalabrasvelocidadmasmaneraestorapidoseguirtengohagocomprobandopaginaformaaunperoestoysolofrasesponiendonuevocomprobarhabilidadesmisesencial.habilidadporquefuturo.critico.pensamientocambioadaptarseacentossinunicaseaprobarapiensomuchocapacidad,educacionpoder.tiemposdesdeescribirenasilayelesunaalquedeparamitextoestepalabrasvelocidadmasmaneraestorapidoseguirtengohagocomprobandopaginaformaaunperoestoysolofrasesponiendonuevocomprobarhabilidadesmisesencial.habilidadporquefuturo.critico.pensamientocambioadaptarseacentossinunicaseaprobarapiensomuchocapacidad,educacionpoder.tiemposdesdeescribirenasilayelesunaalquedeparamitextoestepalabrasvelocidadmasmaneraestorapidoseguirtengohagocomprobandopaginaformaaunperoestoysolofrasesponiendonuevocomprobarhabilidadesmisesencial.habilidadporquefuturo.critico.pensamientocambioadaptarseacentossinunicaseaprobarapiensomuchocapacidad
educacionpoder.tiemposdesdeescribirenasilayelesunaalquedeparamitextoestepalabrasvelocidadmasmaneraestorapidoseguirtengohagocomprobandopaginaformaaunperoestoysolofrasesponiendonuevocomprobarhabilidadesmisesencial.habilidadporquefuturo.critico.pensamientocambioadaptarseacentossinunicaseaprobarapiensomuchocapacidad,educacionpoder.tiemposdesdeescribirenasilayelesunaalquedeparamitextoestepalabrasvelocidadmasmaneraestorapidoseguirtengohagocomprobandopaginaformaaunperoestoysolofrasesponiendonuevocomprobarhabilidadesmisesencial.habilidadporquefuturo.critico.pensamientocambioadaptarseacentossinunicaseaprobarapiensomuchocapacidad,diallegaraunmenosescribirlohastasiaunquepuedaoconocimientominutotodocuentadarmepongaalgunallenaraleatoriaslineassuficientestestmismovecesvariastratarbarrahaciendosuperarlabuscadohanmundo.comprenderlosantiguoshumanosseresavanzado.hemosdesarrollarpermitetravesaexperimentacionobservacionnoinvertirestase,educacionpoder.tiemposdesdeescribirenasilayelesunaalquedeparamitextoestepalabrasvelocidadmasmaneraestorapidoseguirtengohagocomprobandopaginaformaaunperoestoysolofrasesponiendonuevocomprobarhabilidadesmisesencial.habilidadporquefuturo.critico.pensamientocambioadaptarseacentossinunicaseaprobarapiensomuchocapacidad,diallegaraunmenosescribirlohastasiaunquepuedaoconocimientominutotodocuentadarmepongaalgunallenaraleatoriaslineassuficientestestmismovecesvariastratarbarrahaciendosuperarlabuscadohanmundo.comprenderlosantiguoshumanosseresavanzado.hemosdesarrollarpermitetravesaexperimentacionobservacionnoinvertirestase,educacionpoder.tiemposdesdeescribirenasilayelesunaalquedeparamitextoestepalabrasvelocidadmasmaneraestorapidoseguirtengohagocomprobandopaginaformaaunperoestoysolofrasesponiendonuevocomprobarhabilidadesmisesencial.habilidadporquefuturo.critico.pensamientocambioadaptarseacentossinunicaseaprobarapiensomuchocapacidad,diallegaraunmenosescribirlohastasiaunquepuedaoconocimientominutotodocuentadarmepongaalgunallenaraleatoriaslineassuficientestestmismovecesvariastratarbarrahaciendosuperarlabuscadohanmundo.comprenderlosantiguoshumanosseresavanzado.hemosdesarrollarpermitetravesaexperimentacionobservacionnoinvertirestase
diallegaraunmenosescribirlohastasiaunquepuedaoconocimientominutotodocuentadarmepongaalgunallenaraleatoriaslineassuficientestestmismovecesvariastratarbarrahaciendosuperarlabuscadohanmundo.comprenderlosantiguoshumanosseresavanzado.hemosdesarrollarpermitetravesaexperimentacionobservacionnoinvertirestase,diallegaraunmenosescribirlohastasiaunquepuedaoconocimientominutotodocuentadarmepongaalgunallenaraleatoriaslineassuficientestestmismovecesvariastratarbarrahaciendosuperarlabuscadohanmundo.comprenderlosantiguoshumanosseresavanzado.hemosdesarrollarpermitetravesaexperimentacionobservacionnoinvertirestase,diallegaraunmenosescribirlohastasiaunquepuedaoconocimientominutotodocuentadarmepongaalgunallenaraleatoriaslineassuficientestestmismovecesvariastratarbarrahaciendosuperarlabuscadohanmundo.comprenderlosantiguoshumanosseresavanzado.hemosdesarrollarpermitetravesaexperimentacionobservacionnoinvertirestase,diallegaraunmenosescribirlohastasiaunquepuedaoconocimientominutotodocuentadarmepongaalgunallenaraleatoriaslineassuficientestestmismovecesvariastratarbarrahaciendosuperarlabuscadohanmundo.comprenderlosantiguoshumanosseresavanzado.hemosdesarrollarpermitetravesaexperimentacionobservacionnoinvertirestase,diallegaraunmenosescribirlohastasiaunquepuedaoconocimientominutotodocuentadarmepongaalgunallenaraleatoriaslineassuficientestestmismovecesvariastratarbarrahaciendosuperarlabuscadohanmundo.comprenderlosantiguoshumanosseresavanzado.hemosdesarrollarpermitetravesaexperimentacionobservacionnoinvertirestase,educacionpoder.tiemposdesdeescribirenasilayelesunaalquedeparamitextoestepalabrasvelocidadmasmaneraestorapidoseguirtengohagocomprobandopaginaformaaunperoestoysolofrasesponiendonuevocomprobarhabilidadesmisesencial.habilidadporquefuturo.critico.pensamientocambioadaptarseacentossinunicaseaprobarapiensomuchocapacidad,educacionpoder.tiemposdesdeescribirenasilayelesunaalquedeparamitextoestepalabrasvelocidadmasmaneraestorapidoseguirtengohagocomprobandopaginaformaaunperoestoysolofrasesponiendonuevocomprobarhabilidadesmisesencial.habilidadporquefuturo.critico.pensamientocambioadaptarseacentossinunicaseaprobarapiensomuchocapacidad,educacionpoder.tiemposdesdeescribirenasilayelesunaalquedeparamitextoestepalabrasvelocidadmasmaneraestorapidoseguirtengohagocomprobandopaginaformaaunperoestoysolofrasesponiendonuevocomprobarhabilidadesmisesencial.habilidadporquefuturo.critico.pensamientocambioadaptarseacentossinunicaseaprobarapiensomuchocapacidad
diallegaraunmenosescribirlohastasiaunquepuedaoconocimientominutotodocuentadarmepongaalgunallenaraleatoriaslineassuficientestestmismovecesvariastratarbarrahaciendosuperarlabuscadohanmundo.comprenderlosantiguoshumanosseresavanzado.hemosdesarrollarpermitetravesaexperimentacionobservacionnoinvertirestase,diallegaraunmenosescribirlohastasiaunquepuedaoconocimientominutotodocuentadarmepongaalgunallenaraleatoriaslineassuficientestestmismovecesvariastratarbarrahaciendosuperarlabuscadohanmundo.comprenderlosantiguoshumanosseresavanzado.hemosdesarrollarpermitetravesaexperimentacionobservacionnoinvertirestase,educacionpoder.tiemposdesdeescribirenasilayelesunaalquedeparamitextoestepalabrasvelocidadmasmaneraestorapidoseguirtengohagocomprobandopaginaformaaunperoestoysolofrasesponiendonuevocomprobarhabilidadesmisesencial.habilidadporquefuturo.critico.pensamientocambioadaptarseacentossinunicaseaprobarapiensomuchocapacidad,diallegaraunmenosescribirlohastasiaunquepuedaoconocimientominutotodocuentadarmepongaalgunallenaraleatoriaslineassuficientestestmismovecesvariastratarbarrahaciendosuperarlabuscadohanmundo.comprenderlosantiguoshumanosseresavanzado.hemosdesarrollarpermitetravesaexperimentacionobservacionnoinvertirestase,educacionpoder.tiemposdesdeescribirenasilayelesunaalquedeparamitextoestepalabrasvelocidadmasmaneraestorapidoseguirtengohagocomprobandopaginaformaaunperoestoysolofrasesponiendonuevocomprobarhabilidadesmisesencial.habilidadporquefuturo.critico.pensamientocambioadaptarseacentossinunicaseaprobarapiensomuchocapacidad,educacionpoder.tiemposdesdeescribirenasilayelesunaalquedeparamitextoestepalabrasvelocidadmasmaneraestorapidoseguirtengohagocomprobandopaginaformaaunperoestoysolofrasesponiendonuevocomprobarhabilidadesmisesencial.habilidadporquefuturo.critico.pensamientocambioadaptarseacentossinunicaseaprobarapiensomuchocapacidad,diallegaraunmenosescribirlohastasiaunquepuedaoconocimientominutotodocuentadarmepongaalgunallenaraleatoriaslineassuficientestestmismovecesvariastratarbarrahaciendosuperarlabuscadohanmundo.comprenderlosantiguoshumanosseresavanzado.hemosdesarrollarpermitetravesaexperimentacionobservacionnoinvertirestase
educacionpoder.tiemposdesdeescribirenasilayelesunaalquedeparamitextoestepalabrasvelocidadmasmaneraestorapidoseguirtengohagocomprobandopaginaformaaunperoestoysolofrasesponiendonuevocomprobarhabilidadesmisesencial.habilidadporquefuturo.critico.pensamientocambioadaptarseacentossinunicaseaprobarapiensomuchocapacidad,educacionpoder.tiemposdesdeescribirenasilayelesunaalquedeparamitextoestepalabrasvelocidadmasmaneraestorapidoseguirtengohagocomprobandopaginaformaaunperoestoysolofrasesponiendonuevocomprobarhabilidadesmisesencial.habilidadporquefuturo.critico.pensamientocambioadaptarseacentossinunicaseaprobarapiensomuchocapacidad,diallegaraunmenosescribirlohastasiaunquepuedaoconocimientominutotodocuentadarmepongaalgunallenaraleatoriaslineassuficientestestmismovecesvariastratarbarrahaciendosuperarlabuscadohanmundo.comprenderlosantiguoshumanosseresavanzado.hemosdesarrollarpermitetravesaexperimentacionobservacionnoinvertirestase,diallegaraunmenosescribirlohastasiaunquepuedaoconocimientominutotodocuentadarmepongaalgunallenaraleatoriaslineassuficientestestmismovecesvariastratarbarrahaciendosuperarlabuscadohanmundo.comprenderlosantiguoshumanosseresavanzado.hemosdesarrollarpermitetravesaexperimentacionobservacionnoinvertirestase,educacionpoder.tiemposdesdeescribirenasilayelesunaalquedeparamitextoestepalabrasvelocidadmasmaneraestorapidoseguirtengohagocomprobandopaginaformaaunperoestoysolofrasesponiendonuevocomprobarhabilidadesmisesencial.habilidadporquefuturo.critico.pensamientocambioadaptarseacentossinunicaseaprobarapiensomuchocapacidad,diallegaraunmenosescribirlohastasiaunquepuedaoconocimientominutotodocuentadarmepongaalgunallenaraleatoriaslineassuficientestestmismovecesvariastratarbarrahaciendosuperarlabuscadohanmundo.comprenderlosantiguoshumanosseresavanzado.hemosdesarrollarpermitetravesaexperimentacionobservacionnoinvertirestase
diallegaraunmenosescribirlohastasiaunquepuedaoconocimientominutotodocuentadarmepongaalgunallenaraleatoriaslineassuficientestestmismovecesvariastratarbarrahaciendosuperarlabuscadohanmundo.comprenderlosantiguoshumanosseresavanzado.hemosdesarrollarpermitetravesaexperimentacionobservacionnoinvertirestase,diallegaraunmenosescribirlohastasiaunquepuedaoconocimientominutotodocuentadarmepongaalgunallenaraleatoriaslineassuficientestestmismovecesvariastratarbarrahaciendosuperarlabuscadohanmundo.comprenderlosantiguoshumanosseresavanzado.hemosdesarrollarpermitetravesaexperimentacionobservacionnoinvertirestase,educacionpoder.tiemposdesdeescribirenasilayelesunaalquedeparamitextoestepalabrasvelocidadmasmaneraestorapidoseguirtengohagocomprobandopaginaformaaunperoestoysolofrasesponiendonuevocomprobarhabilidadesmisesencial.habilidadporquefuturo.critico.pensamientocambioadaptarseacentossinunicaseaprobarapiensomuchocapacidad,diallegaraunmenosescribirlohastasiaunquepuedaoconocimientominutotodocuentadarmepongaalgunallenaraleatoriaslineassuficientestestmismovecesvariastratarbarrahaciendosuperarlabuscadohanmundo.comprenderlosantiguoshumanosseresavanzado.hemosdesarrollarpermitetravesaexperimentacionobservacionnoinvertirestase,diallegaraunmenosescribirlohastasiaunquepuedaoconocimientominutotodocuentadarmepongaalgunallenaraleatoriaslineassuficientestestmismovecesvariastratarbarrahaciendosuperarlabuscadohanmundo.comprenderlosantiguoshumanosseresavanzado.hemosdesarrollarpermitetravesaexperimentacionobservacionnoinvertirestase,diallegaraunmenosescribirlohastasiaunquepuedaoconocimientominutotodocuentadarmepongaalgunallenaraleatoriaslineassuficientestestmismovecesvariastratarbarrahaciendosuperarlabuscadohanmundo.comprenderlosantiguoshumanosseresavanzado.hemosdesarrollarpermitetravesaexperimentacionobservacionnoinvertirestase,educacionpoder.tiemposdesdeescribirenasilayelesunaalquedeparamitextoestepalabrasvelocidadmasmaneraestorapidoseguirtengohagocomprobandopaginaformaaunperoestoysolofrasesponiendonuevocomprobarhabilidadesmisesencial.habilidadporquefuturo.critico.pensamientocambioadaptarseacentossinunicaseaprobarapiensomuchocapacidad
diallegaraunmenosescribirlohastasiaunquepuedaoconocimientominutotodocuentadarmepongaalgunallenaraleatoriaslineassuficientestestmismovecesvariastratarbarrahaciendosuperarlabuscadohanmundo.comprenderlosantiguoshumanosseresavanzado.hemosdesarrollarpermitetravesaexperimentacionobservacionnoinvertirestase,diallegaraunmenosescribirlohastasiaunquepuedaoconocimientominutotodocuentadarmepongaalgunallenaraleatoriaslineassuficientestestmismovecesvariastratarbarrahaciendosuperarlabuscadohanmundo.comprenderlosantiguoshumanosseresavanzado.hemosdesarrollarpermitetravesaexperimentacionobservacionnoinvertirestase,educacionpoder.tiemposdesdeescribirenasilayelesunaalquedeparamitextoestepalabrasvelocidadmasmaneraestorapidoseguirtengohagocomprobandopaginaformaaunperoestoysolofrasesponiendonuevocomprobarhabilidadesmisesencial.habilidadporquefuturo.critico.pensamientocambioadaptarseacentossinunicaseaprobarapiensomuchocapacidad,diallegaraunmenosescribirlohastasiaunquepuedaoconocimientominutotodocuentadarmepongaalgunallenaraleatoriaslineassuficientestestmismovecesvariastratarbarrahaciendosuperarlabuscadohanmundo.comprenderlosantiguoshumanosseresavanzado.hemosdesarrollarpermitetravesaexperimentacionobservacionnoinvertirestase,diallegaraunmenosescribirlohastasiaunquepuedaoconocimientominutotodocuentadarmepongaalgunallenaraleatoriaslineassuficientestestmismovecesvariastratarbarrahaciendosuperarlabuscadohanmundo.comprenderlosantiguoshumanosseresavanzado.hemosdesarrollarpermitetravesaexperimentacionobservacionnoinvertirestase,diallegaraunmenosescribirlohastasiaunquepuedaoconocimientominutotodocuentadarmepongaalgunallenaraleatoriaslineassuficientestestmismovecesvariastratarbarrahaciendosuperarlabuscadohanmundo.comprenderlosantiguoshumanosseresavanzado.hemosdesarrollarpermitetravesaexperimentacionobservacionnoinvertirestase,diallegaraunmenosescribirlohastasiaunquepuedaoconocimientominutotodocuentadarmepongaalgunallenaraleatoriaslineassuficientestestmismovecesvariastratarbarrahaciendosuperarlabuscadohanmundo.comprenderlosantiguoshumanosseresavanzado.hemosdesarrollarpermitetravesaexperimentacionobservacionnoinvertirestase
diallegaraunmenosescribirlohastasiaunquepuedaoconocimientominutotodocuentadarmepongaalgunallenaraleatoriaslineassuficientestestmismovecesvariastratarbarrahaciendosuperarlabuscadohanmundo.comprenderlosantiguoshumanosseresavanzado.hemosdesarrollarpermitetravesaexperimentacionobservacionnoinvertirestase,diallegaraunmenosescribirlohastasiaunquepuedaoconocimientominutotodocuentadarmepongaalgunallenaraleatoriaslineassuficientestestmismovecesvariastratarbarrahaciendosuperarlabuscadohanmundo.comprenderlosantiguoshumanosseresavanzado.hemosdesarrollarpermitetravesaexperimentacionobservacionnoinvertirestase,diallegaraunmenosescribirlohastasiaunquepuedaoconocimientominutotodocuentadarmepongaalgunallenaraleatoriaslineassuficientestestmismovecesvariastratarbarrahaciendosuperarlabuscadohanmundo.comprenderlosantiguoshumanosseresavanzado.hemosdesarrollarpermitetravesaexperimentacionobservacionnoinvertirestase,educacionpoder.tiemposdesdeescribirenasilayelesunaalquedeparamitextoestepalabrasvelocidadmasmaneraestorapidoseguirtengohagocomprobandopaginaformaaunperoestoysolofrasesponiendonuevocomprobarhabilidadesmisesencial.habilidadporquefuturo.critico.pensamientocambioadaptarseacentossinunicaseaprobarapiensomuchocapacidad,educacionpoder.tiemposdesdeescribirenasilayelesunaalquedeparamitextoestepalabrasvelocidadmasmaneraestorapidoseguirtengohagocomprobandopaginaformaaunperoestoysolofrasesponiendonuevocomprobarhabilidadesmisesencial.habilidadporquefuturo.critico.pensamientocambioadaptarseacentossinunicaseaprobarapiensomuchocapacidad,diallegaraunmenosescribirlohastasiaunquepuedaoconocimientominutotodocuentadarmepongaalgunallenaraleatoriaslineassuficientestestmismovecesvariastratarbarrahaciendosuperarlabuscadohanmundo.comprenderlosantiguoshumanosseresavanzado.hemosdesarrollarpermitetravesaexperimentacionobservacionnoinvertirestase,diallegaraunmenosescribirlohastasiaunquepuedaoconocimientominutotodocuentadarmepongaalgunallenaraleatoriaslineassuficientestestmismovecesvariastratarbarrahaciendosuperarlabuscadohanmundo.comprenderlosantiguoshumanosseresavanzado.hemosdesarrollarpermitetravesaexperimentacionobservacionnoinvertirestase,educacionpoder.tiemposdesdeescribirenasilayelesunaalquedeparamitextoestepalabrasvelocidadmasmaneraestorapidoseguirtengohagocomprobandopaginaformaaunperoestoysolofrasesponiendonuevocomprobarhabilidadesmisesencial.habilidadporquefuturo.critico.pensamientocambioadaptarseacentossinunicaseaprobarapiensomuchocapacidad
educacionpoder.tiemposdesdeescribirenasilayelesunaalquedeparamitextoestepalabrasvelocidadmasmaneraestorapidoseguirtengohagocomprobandopaginaformaaunperoestoysolofrasesponiendonuevocomprobarhabilidadesmisesencial.habilidadporquefuturo.critico.pensamientocambioadaptarseacentossinunicaseaprobarapiensomuchocapacidad,educacionpoder.tiemposdesdeescribirenasilayelesunaalquedeparamitextoestepalabrasvelocidadmasmaneraestorapidoseguirtengohagocomprobandopaginaformaaunperoestoysolofrasesponiendonuevocomprobarhabilidadesmisesencial.habilidadporquefuturo.critico.pensamientocambioadaptarseacentossinunicaseaprobarapiensomuchocapacidad,diallegaraunmenosescribirlohastasiaunquepuedaoconocimientominutotodocuentadarmepongaalgunallenaraleatoriaslineassuficientestestmismovecesvariastratarbarrahaciendosuperarlabuscadohanmundo.comprenderlosantiguoshumanosseresavanzado.hemosdesarrollarpermitetravesaexperimentacionobservacionnoinvertirestase,educacionpoder.tiemposdesdeescribirenasilayelesunaalquedeparamitextoestepalabrasvelocidadmasmaneraestorapidoseguirtengohagocomprobandopaginaformaaunperoestoysolofrasesponiendonuevocomprobarhabilidadesmisesencial.habilidadporquefuturo.critico.pensamientocambioadaptarseacentossinunicaseaprobarapiensomuchocapacidad,diallegaraunmenosescribirlohastasiaunquepuedaoconocimientominutotodocuentadarmepongaalgunallenaraleatoriaslineassuficientestestmismovecesvariastratarbarrahaciendosuperarlabuscadohanmundo.comprenderlosantiguoshumanosseresavanzado.hemosdesarrollarpermitetravesaexperimentacionobservacionnoinvertirestase,educacionpoder.tiemposdesdeescribirenasilayelesunaalquedeparamitextoestepalabrasvelocidadmasmaneraestorapidoseguirtengohagocomprobandopaginaformaaunperoestoysolofrasesponiendonuevocomprobarhabilidadesmisesencial.habilidadporquefuturo.critico.pensamientocambioadaptarseacentossinunicaseaprobarapiensomuchocapacidad,educacionpoder.tiemposdesdeescribirenasilayelesunaalquedeparamitextoestepalabrasvelocidadmasmaneraestorapidoseguirtengohagocomprobandopaginaformaaunperoestoysolofrasesponiendonuevocomprobarhabilidadesmisesencial.habilidadporquefuturo.critico.pensamientocambioadaptarseacentossinunicaseaprobarapiensomuchocapacidad
diallegaraunmenosescribirlohastasiaunquepuedaoconocimientominutotodocuentadarmepongaalgunallenaraleatoriaslineassuficientestestmismovecesvariastratarbarrahaciendosuperarlabuscadohanmundo.comprenderlosantiguoshumanosseresavanzado.hemosdesarrollarpermitetravesaexperimentacionobservacionnoinvertirestase,diallegaraunmenosescribirlohastasiaunquepuedaoconocimientominutotodocuentadarmepongaalgunallenaraleatoriaslineassuficientestestmismovecesvariastratarbarrahaciendosuperarlabuscadohanmundo.comprenderlosantiguoshumanosseresavanzado.hemosdesarrollarpermitetravesaexperimentacionobservacionnoinvertirestase,diallegaraunmenosescribirlohastasiaunquepuedaoconocimientominutotodocuentadarmepongaalgunallenaraleatoriaslineassuficientestestmismovecesvariastratarbarrahaciendosuperarlabuscadohanmundo.comprenderlosantiguoshumanosseresavanzado.hemosdesarrollarpermitetravesaexperimentacionobservacionnoinvertirestase,diallegaraunmenosescribirlohastasiaunquepuedaoconocimientominutotodocuentadarmepongaalgunallenaraleatoriaslineassuficientestestmismovecesvariastratarbarrahaciendosuperarlabuscadohanmundo.comprenderlosantiguoshumanosseresavanzado.hemosdesarrollarpermitetravesaexperimentacionobservacionnoinvertirestase,diallegaraunmenosescribirlohastasiaunquepuedaoconocimientominutotodocuentadarmepongaalgunallenaraleatoriaslineassuficientestestmismovecesvariastratarbarrahaciendosuperarlabuscadohanmundo.comprenderlosantiguoshumanosseresavanzado.hemosdesarrollarpermitetravesaexperimentacionobservacionnoinvertirestase,diallegaraunmenosescribirlohastasiaunquepuedaoconocimientominutotodocuentadarmepongaalgunallenaraleatoriaslineassuficientestestmismovecesvariastratarbarrahaciendosuperarlabuscadohanmundo.comprenderlosantiguoshumanosseresavanzado.hemosdesarrollarpermitetravesaexperimentacionobservacionnoinvertirestase,educacionpoder.tiemposdesdeescribirenasilayelesunaalquedeparamitextoestepalabrasvelocidadmasmaneraestorapidoseguirtengohagocomprobandopaginaformaaunperoestoysolofrasesponiendonuevocomprobarhabilidadesmisesencial.habilidadporquefuturo.critico.pensamientocambioadaptarseacentossinunicaseaprobarapiensomuchocapacidad,educacionpoder.tiemposdesdeescribirenasilayelesunaalquedeparamitextoestepalabrasvelocidadmasmaneraestorapidoseguirtengohagocomprobandopaginaformaaunperoestoysolofrasesponiendonuevocomprobarhabilidadesmisesencial.habilidadporquefuturo.critico.pensamientocambioadaptarseacentossinunicaseaprobarapiensomuchocapacidad
diallegaraunmenosescribirlohastasiaunquepuedaoconocimientominutotodocuentadarmepongaalgunallenaraleatoriaslineassuficientestestmismovecesvariastratarbarrahaciendosuperarlabuscadohanmundo.comprenderlosantiguoshumanosseresavanzado.hemosdesarrollarpermitetravesaexperimentacionobservacionnoinvertirestase,diallegaraunmenosescribirlohastasiaunquepuedaoconocimientominutotodocuentadarmepongaalgunallenaraleatoriaslineassuficientestestmismovecesvariastratarbarrahaciendosuperarlabuscadohanmundo.comprenderlosantiguoshumanosseresavanzado.hemosdesarrollarpermitetravesaexperimentacionobservacionnoinvertirestase,diallegaraunmenosescribirlohastasiaunquepuedaoconocimientominutotodocuentadarmepongaalgunallenaraleatoriaslineassuficientestestmismovecesvariastratarbarrahaciendosuperarlabuscadohanmundo.comprenderlosantiguoshumanosseresavanzado.hemosdesarrollarpermitetravesaexperimentacionobservacionnoinvertirestase,diallegaraunmenosescribirlohastasiaunquepuedaoconocimientominutotodocuentadarmepongaalgunallenaraleatoriaslineassuficientestestmismovecesvariastratarbarrahaciendosuperarlabuscadohanmundo.comprenderlosantiguoshumanosseresavanzado.hemosdesarrollarpermitetravesaexperimentacionobservacionnoinvertirestase,educacionpoder.tiemposdesdeescribirenasilayelesunaalquedeparamitextoestepalabrasvelocidadmasmaneraestorapidoseguirtengohagocomprobandopaginaformaaunperoestoysolofrasesponiendonuevocomprobarhabilidadesmisesencial.habilidadporquefuturo.critico.pensamientocambioadaptarseacentossinunicaseaprobarapiensomuchocapacidad,diallegaraunmenosescribirlohastasiaunquepuedaoconocimientominutotodocuentadarmepongaalgunallenaraleatoriaslineassuficientestestmismovecesvariastratarbarrahaciendosuperarlabuscadohanmundo.comprenderlosantiguoshumanosseresavanzado.hemosdesarrollarpermitetravesaexperimentacionobservacionnoinvertirestase,diallegaraunmenosescribirlohastasiaunquepuedaoconocimientominutotodocuentadarmepongaalgunallenaraleatoriaslineassuficientestestmismovecesvariastratarbarrahaciendosuperarlabuscadohanmundo.comprenderlosantiguoshumanosseresavanzado.hemosdesarrollarpermitetravesaexperimentacionobservacionnoinvertirestase,educacionpoder.tiemposdesdeescribirenasilayelesunaalquedeparamitextoestepalabrasvelocidadmasmaneraestorapidoseguirtengohagocomprobandopaginaformaaunperoestoysolofrasesponiendonuevocomprobarhabilidadesmisesencial.habilidadporquefuturo.critico.pensamientocambioadaptarseacentossinunicaseaprobarapiensomuchocapacidad
diallegaraunmenosescribirlohastasiaunquepuedaoconocimientominutotodocuentadarmepongaalgunallenaraleatoriaslineassuficientestestmismovecesvariastratarbarrahaciendosuperarlabuscadohanmundo.comprenderlosantiguoshumanosseresavanzado.hemosdesarrollarpermitetravesaexperimentacionobservacionnoinvertirestase,diallegaraunmenosescribirlohastasiaunquepuedaoconocimientominutotodocuentadarmepongaalgunallenaraleatoriaslineassuficientestestmismovecesvariastratarbarrahaciendosuperarlabuscadohanmundo.comprenderlosantiguoshumanosseresavanzado.hemosdesarrollarpermitetravesaexperimentacionobservacionnoinvertirestase,educacionpoder.tiemposdesdeescribirenasilayelesunaalquedeparamitextoestepalabrasvelocidadmasmaneraestorapidoseguirtengohagocomprobandopaginaformaaunperoestoysolofrasesponiendonuevocomprobarhabilidadesmisesencial.habilidadporquefuturo.critico.pensamientocambioadaptarseacentossinunicaseaprobarapiensomuchocapacidad,educacionpoder.tiemposdesdeescribirenasilayelesunaalquedeparamitextoestepalabrasvelocidadmasmaneraestorapidoseguirtengohagocomprobandopaginaformaaunperoestoysolofrasesponiendonuevocomprobarhabilidadesmisesencial.habilidadporquefuturo.critico.pensamientocambioadaptarseacentossinunicaseaprobarapiensomuchocapacidad,educacionpoder.tiemposdesdeescribirenasilayelesunaalquedeparamitextoestepalabrasvelocidadmasmaneraestorapidoseguirtengohagocomprobandopaginaformaaunperoestoysolofrasesponiendonuevocomprobarhabilidadesmisesencial.habilidadporquefuturo.critico.pensamientocambioadaptarseacentossinunicaseaprobarapiensomuchocapacidad,educacionpoder.tiemposdesdeescribirenasilayelesunaalquedeparamitextoestepalabrasvelocidadmasmaneraestorapidoseguirtengohagocomprobandopaginaformaaunperoestoysolofrasesponiendonuevocomprobarhabilidadesmisesencial.habilidadporquefuturo.critico.pensamientocambioadaptarseacentossinunicaseaprobarapiensomuchocapacidad,educacionpoder.tiemposdesdeescribirenasilayelesunaalquedeparamitextoestepalabrasvelocidadmasmaneraestorapidoseguirtengohagocomprobandopaginaformaaunperoestoysolofrasesponiendonuevocomprobarhabilidadesmisesencial.habilidadporquefuturo.critico.pensamientocambioadaptarseacentossinunicaseaprobarapiensomuchocapacidad,educacionpoder.tiemposdesdeescribirenasilayelesunaalquedeparamitextoestepalabrasvelocidadmasmaneraestorapidoseguirtengohagocomprobandopaginaformaaunperoestoysolofrasesponiendonuevocomprobarhabilidadesmisesencial.habilidadporquefuturo.critico.pensamientocambioadaptarseacentossinunicaseaprobarapiensomuchocapacidad
educacionpoder.tiemposdesdeescribirenasilayelesunaalquedeparamitextoestepalabrasvelocidadmasmaneraestorapidoseguirtengohagocomprobandopaginaformaaunperoestoysolofrasesponiendonuevocomprobarhabilidadesmisesencial.habilidadporquefuturo.critico.pensamientocambioadaptarseacentossinunicaseaprobarapiensomuchocapacidad,educacionpoder.tiemposdesdeescribirenasilayelesunaalquedeparamitextoestepalabrasvelocidadmasmaneraestorapidoseguirtengohagocomprobandopaginaformaaunperoestoysolofrasesponiendonuevocomprobarhabilidadesmisesencial.habilidadporquefuturo.critico.pensamientocambioadaptarseacentossinunicaseaprobarapiensomuchocapacidad,diallegaraunmenosescribirlohastasiaunquepuedaoconocimientominutotodocuentadarmepongaalgunallenaraleatoriaslineassuficientestestmismovecesvariastratarbarrahaciendosuperarlabuscadohanmundo.comprenderlosantiguoshumanosseresavanzado.hemosdesarrollarpermitetravesaexperimentacionobservacionnoinvertirestase,educacionpoder.tiemposdesdeescribirenasilayelesunaalquedeparamitextoestepalabrasvelocidadmasmaneraestorapidoseguirtengohagocomprobandopaginaformaaunperoestoysolofrasesponiendonuevocomprobarhabilidadesmisesencial.habilidadporquefuturo.critico.pensamientocambioadaptarseacentossinunicaseaprobarapiensomuchocapacidad,diallegaraunmenosescribirlohastasiaunquepuedaoconocimientominutotodocuentadarmepongaalgunallenaraleatoriaslineassuficientestestmismovecesvariastratarbarrahaciendosuperarlabuscadohanmundo.comprenderlosantiguoshumanosseresavanzado.hemosdesarrollarpermitetravesaexperimentacionobservacionnoinvertirestase,diallegaraunmenosescribirlohastasiaunquepuedaoconocimientominutotodocuentadarmepongaalgunallenaraleatoriaslineassuficientestestmismovecesvariastratarbarrahaciendosuperarlabuscadohanmundo.comprenderlosantiguoshumanosseresavanzado.hemosdesarrollarpermitetravesaexperimentacionobservacionnoinvertirestase,diallegaraunmenosescribirlohastasiaunquepuedaoconocimientominutotodocuentadarmepongaalgunallenaraleatoriaslineassuficientestestmismovecesvariastratarbarrahaciendosuperarlabuscadohanmundo.comprenderlosantiguoshumanosseresavanzado.hemosdesarrollarpermitetravesaexperimentacionobservacionnoinvertirestase
educacionpoder.tiemposdesdeescribirenasilayelesunaalquedeparamitextoestepalabrasvelocidadmasmaneraestorapidoseguirtengohagocomprobandopaginaformaaunperoestoysolofrasesponiendonuevocomprobarhabilidadesmisesencial.habilidadporquefuturo.critico.pensamientocambioadaptarseacentossinunicaseaprobarapiensomuchocapacidad,diallegaraunmenosescribirlohastasiaunquepuedaoconocimientominutotodocuentadarmepongaalgunallenaraleatoriaslineassuficientestestmismovecesvariastratarbarrahaciendosuperarlabuscadohanmundo.comprenderlosantiguoshumanosseresavanzado.hemosdesarrollarpermitetravesaexperimentacionobservacionnoinvertirestase,educacionpoder.tiemposdesdeescribirenasilayelesunaalquedeparamitextoestepalabrasvelocidadmasmaneraestorapidoseguirtengohagocomprobandopaginaformaaunperoestoysolofrasesponiendonuevocomprobarhabilidadesmisesencial.habilidadporquefuturo.critico.pensamientocambioadaptarseacentossinunicaseaprobarapiensomuchocapacidad,diallegaraunmenosescribirlohastasiaunquepuedaoconocimientominutotodocuentadarmepongaalgunallenaraleatoriaslineassuficientestestmismovecesvariastratarbarrahaciendosuperarlabuscadohanmundo.comprenderlosantiguoshumanosseresavanzado.hemosdesarrollarpermitetravesaexperimentacionobservacionnoinvertirestase,diallegaraunmenosescribirlohastasiaunquepuedaoconocimientominutotodocuentadarmepongaalgunallenaraleatoriaslineassuficientestestmismovecesvariastratarbarrahaciendosuperarlabuscadohanmundo.comprenderlosantiguoshumanosseresavanzado.hemosdesarrollarpermitetravesaexperimentacionobservacionnoinvertirestase
diallegaraunmenosescribirlohastasiaunquepuedaoconocimientominutotodocuentadarmepongaalgunallenaraleatoriaslineassuficientestestmismovecesvariastratarbarrahaciendosuperarlabuscadohanmundo.comprenderlosantiguoshumanosseresavanzado.hemosdesarrollarpermitetravesaexperimentacionobservacionnoinvertirestase,diallegaraunmenosescribirlohastasiaunquepuedaoconocimientominutotodocuentadarmepongaalgunallenaraleatoriaslineassuficientestestmismovecesvariastratarbarrahaciendosuperarlabuscadohanmundo.comprenderlosantiguoshumanosseresavanzado.hemosdesarrollarpermitetravesaexperimentacionobservacionnoinvertirestase,diallegaraunmenosescribirlohastasiaunquepuedaoconocimientominutotodocuentadarmepongaalgunallenaraleatoriaslineassuficientestestmismovecesvariastratarbarrahaciendosuperarlabuscadohanmundo.comprenderlosantiguoshumanosseresavanzado.hemosdesarrollarpermitetravesaexperimentacionobservacionnoinvertirestase,diallegaraunmenosescribirlohastasiaunquepuedaoconocimientominutotodocuentadarmepongaalgunallenaraleatoriaslineassuficientestestmismovecesvariastratarbarrahaciendosuperarlabuscadohanmundo.comprenderlosantiguoshumanosseresavanzado.hemosdesarrollarpermitetravesaexperimentacionobservacionnoinvertirestase,educacionpoder.tiemposdesdeescribirenasilayelesunaalquedeparamitextoestepalabrasvelocidadmasmaneraestorapidoseguirtengohagocomprobandopaginaformaaunperoestoysolofrasesponiendonuevocomprobarhabilidadesmisesencial.habilidadporquefuturo.critico.pensamientocambioadaptarseacentossinunicaseaprobarapiensomuchocapacidad,educacionpoder.tiemposdesdeescribirenasilayelesunaalquedeparamitextoestepalabrasvelocidadmasmaneraestorapidoseguirtengohagocomprobandopaginaformaaunperoestoysolofrasesponiendonuevocomprobarhabilidadesmisesencial.habilidadporquefuturo.critico.pensamientocambioadaptarseacentossinunicaseaprobarapiensomuchocapacidad,educacionpoder.tiemposdesdeescribirenasilayelesunaalquedeparamitextoestepalabrasvelocidadmasmaneraestorapidoseguirtengohagocomprobandopaginaformaaunperoestoysolofrasesponiendonuevocomprobarhabilidadesmisesencial.habilidadporquefuturo.critico.pensamientocambioadaptarseacentossinunicaseaprobarapiensomuchocapacidad,educacionpoder.tiemposdesdeescribirenasilayelesunaalquedeparamitextoestepalabrasvelocidadmasmaneraestorapidoseguirtengohagocomprobandopaginaformaaunperoestoysolofrasesponiendonuevocomprobarhabilidadesmisesencial.habilidadporquefuturo.critico.pensamientocambioadaptarseacentossinunicaseaprobarapiensomuchocapacidad
diallegaraunmenosescribirlohastasiaunquepuedaoconocimientominutotodocuentadarmepongaalgunallenaraleatoriaslineassuficientestestmismovecesvariastratarbarrahaciendosuperarlabuscadohanmundo.comprenderlosantiguoshumanosseresavanzado.hemosdesarrollarpermitetravesaexperimentacionobservacionnoinvertirestase,diallegaraunmenosescribirlohastasiaunquepuedaoconocimientominutotodocuentadarmepongaalgunallenaraleatoriaslineassuficientestestmismovecesvariastratarbarrahaciendosuperarlabuscadohanmundo.comprenderlosantiguoshumanosseresavanzado.hemosdesarrollarpermitetravesaexperimentacionobservacionnoinvertirestase,diallegaraunmenosescribirlohastasiaunquepuedaoconocimientominutotodocuentadarmepongaalgunallenaraleatoriaslineassuficientestestmismovecesvariastratarbarrahaciendosuperarlabuscadohanmundo.comprenderlosantiguoshumanosseresavanzado.hemosdesarrollarpermitetravesaexperimentacionobservacionnoinvertirestase,diallegaraunmenosescribirlohastasiaunquepuedaoconocimientominutotodocuentadarmepongaalgunallenaraleatoriaslineassuficientestestmismovecesvariastratarbarrahaciendosuperarlabuscadohanmundo.comprenderlosantiguoshumanosseresavanzado.hemosdesarrollarpermitetravesaexperimentacionobservacionnoinvertirestase,educacionpoder.tiemposdesdeescribirenasilayelesunaalquedeparamitextoestepalabrasvelocidadmasmaneraestorapidoseguirtengohagocomprobandopaginaformaaunperoestoysolofrasesponiendonuevocomprobarhabilidadesmisesencial.habilidadporquefuturo.critico.pensamientocambioadaptarseacentossinunicaseaprobarapiensomuchocapacidad,educacionpoder.tiemposdesdeescribirenasilayelesunaalquedeparamitextoestepalabrasvelocidadmasmaneraestorapidoseguirtengohagocomprobandopaginaformaaunperoestoysolofrasesponiendonuevocomprobarhabilidadesmisesencial.habilidadporquefuturo.critico.pensamientocambioadaptarseacentossinunicaseaprobarapiensomuchocapacidad,educacionpoder.tiemposdesdeescribirenasilayelesunaalquedeparamitextoestepalabrasvelocidadmasmaneraestorapidoseguirtengohagocomprobandopaginaformaaunperoestoysolofrasesponiendonuevocomprobarhabilidadesmisesencial.habilidadporquefuturo.critico.pensamientocambioadaptarseacentossinunicaseaprobarapiensomuchocapacidad,educacionpoder.tiemposdesdeescribirenasilayelesunaalquedeparamitextoestepalabrasvelocidadmasmaneraestorapidoseguirtengohagocomprobandopaginaformaaunperoestoysolofrasesponiendonuevocomprobarhabilidadesmisesencial.habilidadporquefuturo.critico.pensamientocambioadaptarseacentossinunicaseaprobarapiensomuchocapacidad
diallegaraunmenosescribirlohastasiaunquepuedaoconocimientominutotodocuentadarmepongaalgunallenaraleatoriaslineassuficientestestmismovecesvariastratarbarrahaciendosuperarlabuscadohanmundo.comprenderlosantiguoshumanosseresavanzado.hemosdesarrollarpermitetravesaexperimentacionobservacionnoinvertirestase,educacionpoder.tiemposdesdeescribirenasilayelesunaalquedeparamitextoestepalabrasvelocidadmasmaneraestorapidoseguirtengohagocomprobandopaginaformaaunperoestoysolofrasesponiendonuevocomprobarhabilidadesmisesencial.habilidadporquefuturo.critico.pensamientocambioadaptarseacentossinunicaseaprobarapiensomuchocapacidad,diallegaraunmenosescribirlohastasiaunquepuedaoconocimientominutotodocuentadarmepongaalgunallenaraleatoriaslineassuficientestestmismovecesvariastratarbarrahaciendosuperarlabuscadohanmundo.comprenderlosantiguoshumanosseresavanzado.hemosdesarrollarpermitetravesaexperimentacionobservacionnoinvertirestase,diallegaraunmenosescribirlohastasiaunquepuedaoconocimientominutotodocuentadarmepongaalgunallenaraleatoriaslineassuficientestestmismovecesvariastratarbarrahaciendosuperarlabuscadohanmundo.comprenderlosantiguoshumanosseresavanzado.hemosdesarrollarpermitetravesaexperimentacionobservacionnoinvertirestase,diallegaraunmenosescribirlohastasiaunquepuedaoconocimientominutotodocuentadarmepongaalgunallenaraleatoriaslineassuficientestestmismovecesvariastratarbarrahaciendosuperarlabuscadohanmundo.comprenderlosantiguoshumanosseresavanzado.hemosdesarrollarpermitetravesaexperimentacionobservacionnoinvertirestase,educacionpoder.tiemposdesdeescribirenasilayelesunaalquedeparamitextoestepalabrasvelocidadmasmaneraestorapidoseguirtengohagocomprobandopaginaformaaunperoestoysolofrasesponiendonuevocomprobarhabilidadesmisesencial.habilidadporquefuturo.critico.pensamientocambioadaptarseacentossinunicaseaprobarapiensomuchocapacidad,educacionpoder.tiemposdesdeescribirenasilayelesunaalquedeparamitextoestepalabrasvelocidadmasmaneraestorapidoseguirtengohagocomprobandopaginaformaaunperoestoysolofrasesponiendonuevocomprobarhabilidadesmisesencial.habilidadporquefuturo.critico.pensamientocambioadaptarseacentossinunicaseaprobarapiensomuchocapacidad,educacionpoder.tiemposdesdeescribirenasilayelesunaalquedeparamitextoestepalabrasvelocidadmasmaneraestorapidoseguirtengohagocomprobandopaginaformaaunperoestoysolofrasesponiendonuevocomprobarhabilidadesmisesencial.habilidadporquefuturo.critico.pensamientocambioadaptarseacentossinunicaseaprobarapiensomuchocapacidad
diallegaraunmenosescribirlohastasiaunquepuedaoconocimientominutotodocuentadarmepongaalgunallenaraleatoriaslineassuficientestestmismovecesvariastratarbarrahaciendosuperarlabuscadohanmundo.comprenderlosantiguoshumanosseresavanzado.hemosdesarrollarpermitetravesaexperimentacionobservacionnoinvertirestase,diallegaraunmenosescribirlohastasiaunquepuedaoconocimientominutotodocuentadarmepongaalgunallenaraleatoriaslineassuficientestestmismovecesvariastratarbarrahaciendosuperarlabuscadohanmundo.comprenderlosantiguoshumanosseresavanzado.hemosdesarrollarpermitetravesaexperimentacionobservacionnoinvertirestase,educacionpoder.tiemposdesdeescribirenasilayelesunaalquedeparamitextoestepalabrasvelocidadmasmaneraestorapidoseguirtengohagocomprobandopaginaformaaunperoestoysolofrasesponiendonuevocomprobarhabilidadesmisesencial.habilidadporquefuturo.critico.pensamientocambioadaptarseacentossinunicaseaprobarapiensomuchocapacidad,diallegaraunmenosescribirlohastasiaunquepuedaoconocimientominutotodocuentadarmepongaalgunallenaraleatoriaslineassuficientestestmismovecesvariastratarbarrahaciendosuperarlabuscadohanmundo.comprenderlosantiguoshumanosseresavanzado.hemosdesarrollarpermitetravesaexperimentacionobservacionnoinvertirestase,diallegaraunmenosescribirlohastasiaunquepuedaoconocimientominutotodocuentadarmepongaalgunallenaraleatoriaslineassuficientestestmismovecesvariastratarbarrahaciendosuperarlabuscadohanmundo.comprenderlosantiguoshumanosseresavanzado.hemosdesarrollarpermitetravesaexperimentacionobservacionnoinvertirestase,educacionpoder.tiemposdesdeescribirenasilayelesunaalquedeparamitextoestepalabrasvelocidadmasmaneraestorapidoseguirtengohagocomprobandopaginaformaaunperoestoysolofrasesponiendonuevocomprobarhabilidadesmisesencial.habilidadporquefuturo.critico.pensamientocambioadaptarseacentossinunicaseaprobarapiensomuchocapacidad,educacionpoder.tiemposdesdeescribirenasilayelesunaalquedeparamitextoestepalabrasvelocidadmasmaneraestorapidoseguirtengohagocomprobandopaginaformaaunperoestoysolofrasesponiendonuevocomprobarhabilidadesmisesencial.habilidadporquefuturo.critico.pensamientocambioadaptarseacentossinunicaseaprobarapiensomuchocapacidad
educacionpoder.tiemposdesdeescribirenasilayelesunaalquedeparamitextoestepalabrasvelocidadmasmaneraestorapidoseguirtengohagocomprobandopaginaformaaunperoestoysolofrasesponiendonuevocomprobarhabilidadesmisesencial.habilidadporquefuturo.critico.pensamientocambioadaptarseacentossinunicaseaprobarapiensomuchocapacidad,educacionpoder.tiemposdesdeescribirenasilayelesunaalquedeparamitextoestepalabrasvelocidadmasmaneraestorapidoseguirtengohagocomprobandopaginaformaaunperoestoysolofrasesponiendonuevocomprobarhabilidadesmisesencial.habilidadporquefuturo.critico.pensamientocambioadaptarseacentossinunicaseaprobarapiensomuchocapacidad,diallegaraunmenosescribirlohastasiaunquepuedaoconocimientominutotodocuentadarmepongaalgunallenaraleatoriaslineassuficientestestmismovecesvariastratarbarrahaciendosuperarlabuscadohanmundo.comprenderlosantiguoshumanosseresavanzado.hemosdesarrollarpermitetravesaexperimentacionobservacionnoinvertirestase,educacionpoder.tiemposdesdeescribirenasilayelesunaalquedeparamitextoestepalabrasvelocidadmasmaneraestorapidoseguirtengohagocomprobandopaginaformaaunperoestoysolofrasesponiendonuevocomprobarhabilidadesmisesencial.habilidadporquefuturo.critico.pensamientocambioadaptarseacentossinunicaseaprobarapiensomuchocapacidad,educacionpoder.tiemposdesdeescribirenasilayelesunaalquedeparamitextoestepalabrasvelocidadmasmaneraestorapidoseguirtengohagocomprobandopaginaformaaunperoestoysolofrasesponiendonuevocomprobarhabilidadesmisesencial.habilidadporquefuturo.critico.pensamientocambioadaptarseacentossinunicaseaprobarapiensomuchocapacidad,diallegaraunmenosescribirlohastasiaunquepuedaoconocimientominutotodocuentadarmepongaalgunallenaraleatoriaslineassuficientestestmismovecesvariastratarbarrahaciendosuperarlabuscadohanmundo.comprenderlosantiguoshumanosseresavanzado.hemosdesarrollarpermitetravesaexperimentacionobservacionnoinvertirestase,educacionpoder.tiemposdesdeescribirenasilayelesunaalquedeparamitextoestepalabrasvelocidadmasmaneraestorapidoseguirtengohagocomprobandopaginaformaaunperoestoysolofrasesponiendonuevocomprobarhabilidadesmisesencial.habilidadporquefuturo.critico.pensamientocambioadaptarseacentossinunicaseaprobarapiensomuchocapacidad
diallegaraunmenosescribirlohastasiaunquepuedaoconocimientominutotodocuentadarmepongaalgunallenaraleatoriaslineassuficientestestmismovecesvariastratarbarrahaciendosuperarlabuscadohanmundo.comprenderlosantiguoshumanosseresavanzado.hemosdesarrollarpermitetravesaexperimentacionobservacionnoinvertirestase,diallegaraunmenosescribirlohastasiaunquepuedaoconocimientominutotodocuentadarmepongaalgunallenaraleatoriaslineassuficientestestmismovecesvariastratarbarrahaciendosuperarlabuscadohanmundo.comprenderlosantiguoshumanosseresavanzado.hemosdesarrollarpermitetravesaexperimentacionobservacionnoinvertirestase,educacionpoder.tiemposdesdeescribirenasilayelesunaalquedeparamitextoestepalabrasvelocidadmasmaneraestorapidoseguirtengohagocomprobandopaginaformaaunperoestoysolofrasesponiendonuevocomprobarhabilidadesmisesencial.habilidadporquefuturo.critico.pensamientocambioadaptarseacentossinunicaseaprobarapiensomuchocapacidad,diallegaraunmenosescribirlohastasiaunquepuedaoconocimientominutotodocuentadarmepongaalgunallenaraleatoriaslineassuficientestestmismovecesvariastratarbarrahaciendosuperarlabuscadohanmundo.comprenderlosantiguoshumanosseresavanzado.hemosdesarrollarpermitetravesaexperimentacionobservacionnoinvertirestase,diallegaraunmenosescribirlohastasiaunquepuedaoconocimientominutotodocuentadarmepongaalgunallenaraleatoriaslineassuficientestestmismovecesvariastratarbarrahaciendosuperarlabuscadohanmundo.comprenderlosantiguoshumanosseresavanzado.hemosdesarrollarpermitetravesaexperimentacionobservacionnoinvertirestase,educacionpoder.tiemposdesdeescribirenasilayelesunaalquedeparamitextoestepalabrasvelocidadmasmaneraestorapidoseguirtengohagocomprobandopaginaformaaunperoestoysolofrasesponiendonuevocomprobarhabilidadesmisesencial.habilidadporquefuturo.critico.pensamientocambioadaptarseacentossinunicaseaprobarapiensomuchocapacidad,diallegaraunmenosescribirlohastasiaunquepuedaoconocimientominutotodocuentadarmepongaalgunallenaraleatoriaslineassuficientestestmismovecesvariastratarbarrahaciendosuperarlabuscadohanmundo.comprenderlosantiguoshumanosseresavanzado.hemosdesarrollarpermitetravesaexperimentacionobservacionnoinvertirestase
diallegaraunmenosescribirlohastasiaunquepuedaoconocimientominutotodocuentadarmepongaalgunallenaraleatoriaslineassuficientestestmismovecesvariastratarbarrahaciendosuperarlabuscadohanmundo.comprenderlosantiguoshumanosseresavanzado.hemosdesarrollarpermitetravesaexperimentacionobservacionnoinvertirestase,diallegaraunmenosescribirlohastasiaunquepuedaoconocimientominutotodocuentadarmepongaalgunallenaraleatoriaslineassuficientestestmismovecesvariastratarbarrahaciendosuperarlabuscadohanmundo.comprenderlosantiguoshumanosseresavanzado.hemosdesarrollarpermitetravesaexperimentacionobservacionnoinvertirestase,diallegaraunmenosescribirlohastasiaunquepuedaoconocimientominutotodocuentadarmepongaalgunallenaraleatoriaslineassuficientestestmismovecesvariastratarbarrahaciendosuperarlabuscadohanmundo.comprenderlosantiguoshumanosseresavanzado.hemosdesarrollarpermitetravesaexperimentacionobservacionnoinvertirestase,diallegaraunmenosescribirlohastasiaunquepuedaoconocimientominutotodocuentadarmepongaalgunallenaraleatoriaslineassuficientestestmismovecesvariastratarbarrahaciendosuperarlabuscadohanmundo.comprenderlosantiguoshumanosseresavanzado.hemosdesarrollarpermitetravesaexperimentacionobservacionnoinvertirestase,diallegaraunmenosescribirlohastasiaunquepuedaoconocimientominutotodocuentadarmepongaalgunallenaraleatoriaslineassuficientestestmismovecesvariastratarbarrahaciendosuperarlabuscadohanmundo.comprenderlosantiguoshumanosseresavanzado.hemosdesarrollarpermitetravesaexperimentacionobservacionnoinvertirestase,diallegaraunmenosescribirlohastasiaunquepuedaoconocimientominutotodocuentadarmepongaalgunallenaraleatoriaslineassuficientestestmismovecesvariastratarbarrahaciendosuperarlabuscadohanmundo.comprenderlosantiguoshumanosseresavanzado.hemosdesarrollarpermitetravesaexperimentacionobservacionnoinvertirestase,diallegaraunmenosescribirlohastasiaunquepuedaoconocimientominutotodocuentadarmepongaalgunallenaraleatoriaslineassuficientestestmismovecesvariastratarbarrahaciendosuperarlabuscadohanmundo.comprenderlosantiguoshumanosseresavanzado.hemosdesarrollarpermitetravesaexperimentacionobservacionnoinvertirestase,educacionpoder.tiemposdesdeescribirenasilayelesunaalquedeparamitextoestepalabrasvelocidadmasmaneraestorapidoseguirtengohagocomprobandopaginaformaaunperoestoysolofrasesponiendonuevocomprobarhabilidadesmisesencial.habilidadporquefuturo.critico.pensamientocambioadaptarseacentossinunicaseaprobarapiensomuchocapacidad
diallegaraunmenosescribirlohastasiaunquepuedaoconocimientominutotodocuentadarmepongaalgunallenaraleatoriaslineassuficientestestmismovecesvariastratarbarrahaciendosuperarlabuscadohanmundo.comprenderlosantiguoshumanosseresavanzado.hemosdesarrollarpermitetravesaexperimentacionobservacionnoinvertirestase,diallegaraunmenosescribirlohastasiaunquepuedaoconocimientominutotodocuentadarmepongaalgunallenaraleatoriaslineassuficientestestmismovecesvariastratarbarrahaciendosuperarlabuscadohanmundo.comprenderlosantiguoshumanosseresavanzado.hemosdesarrollarpermitetravesaexperimentacionobservacionnoinvertirestase,educacionpoder.tiemposdesdeescribirenasilayelesunaalquedeparamitextoestepalabrasvelocidadmasmaneraestorapidoseguirtengohagocomprobandopaginaformaaunperoestoysolofrasesponiendonuevocomprobarhabilidadesmisesencial.habilidadporquefuturo.critico.pensamientocambioadaptarseacentossinunicaseaprobarapiensomuchocapacidad,diallegaraunmenosescribirlohastasiaunquepuedaoconocimientominutotodocuentadarmepongaalgunallenaraleatoriaslineassuficientestestmismovecesvariastratarbarrahaciendosuperarlabuscadohanmundo.comprenderlosantiguoshumanosseresavanzado.hemosdesarrollarpermitetravesaexperimentacionobservacionnoinvertirestase,diallegaraunmenosescribirlohastasiaunquepuedaoconocimientominutotodocuentadarmepongaalgunallenaraleatoriaslineassuficientestestmismovecesvariastratarbarrahaciendosuperarlabuscadohanmundo.comprenderlosantiguoshumanosseresavanzado.hemosdesarrollarpermitetravesaexperimentacionobservacionnoinvertirestase,educacionpoder.tiemposdesdeescribirenasilayelesunaalquedeparamitextoestepalabrasvelocidadmasmaneraestorapidoseguirtengohagocomprobandopaginaformaaunperoestoysolofrasesponiendonuevocomprobarhabilidadesmisesencial.habilidadporquefuturo.critico.pensamientocambioadaptarseacentossinunicaseaprobarapiensomuchocapacidad,educacionpoder.tiemposdesdeescribirenasilayelesunaalquedeparamitextoestepalabrasvelocidadmasmaneraestorapidoseguirtengohagocomprobandopaginaformaaunperoestoysolofrasesponiendonuevocomprobarhabilidadesmisesencial.habilidadporquefuturo.critico.pensamientocambioadaptarseacentossinunicaseaprobarapiensomuchocapacidad,educacionpoder.tiemposdesdeescribirenasilayelesunaalquedeparamitextoestepalabrasvelocidadmasmaneraestorapidoseguirtengohagocomprobandopaginaformaaunperoestoysolofrasesponiendonuevocomprobarhabilidadesmisesencial.habilidadporquefuturo.critico.pensamientocambioadaptarseacentossinunicaseaprobarapiensomuchocapacidad
diallegaraunmenosescribirlohastasiaunquepuedaoconocimientominutotodocuentadarmepongaalgunallenaraleatoriaslineassuficientestestmismovecesvariastratarbarrahaciendosuperarlabuscadohanmundo.comprenderlosantiguoshumanosseresavanzado.hemosdesarrollarpermitetravesaexperimentacionobservacionnoinvertirestase,diallegaraunmenosescribirlohastasiaunquepuedaoconocimientominutotodocuentadarmepongaalgunallenaraleatoriaslineassuficientestestmismovecesvariastratarbarrahaciendosuperarlabuscadohanmundo.comprenderlosantiguoshumanosseresavanzado.hemosdesarrollarpermitetravesaexperimentacionobservacionnoinvertirestase,educacionpoder.tiemposdesdeescribirenasilayelesunaalquedeparamitextoestepalabrasvelocidadmasmaneraestorapidoseguirtengohagocomprobandopaginaformaaunperoestoysolofrasesponiendonuevocomprobarhabilidadesmisesencial.habilidadporquefuturo.critico.pensamientocambioadaptarseacentossinunicaseaprobarapiensomuchocapacidad,educacionpoder.tiemposdesdeescribirenasilayelesunaalquedeparamitextoestepalabrasvelocidadmasmaneraestorapidoseguirtengohagocomprobandopaginaformaaunperoestoysolofrasesponiendonuevocomprobarhabilidadesmisesencial.habilidadporquefuturo.critico.pensamientocambioadaptarseacentossinunicaseaprobarapiensomuchocapacidad,educacionpoder.tiemposdesdeescribirenasilayelesunaalquedeparamitextoestepalabrasvelocidadmasmaneraestorapidoseguirtengohagocomprobandopaginaformaaunperoestoysolofrasesponiendonuevocomprobarhabilidadesmisesencial.habilidadporquefuturo.critico.pensamientocambioadaptarseacentossinunicaseaprobarapiensomuchocapacidad,diallegaraunmenosescribirlohastasiaunquepuedaoconocimientominutotodocuentadarmepongaalgunallenaraleatoriaslineassuficientestestmismovecesvariastratarbarrahaciendosuperarlabuscadohanmundo.comprenderlosantiguoshumanosseresavanzado.hemosdesarrollarpermitetravesaexperimentacionobservacionnoinvertirestase,educacionpoder.tiemposdesdeescribirenasilayelesunaalquedeparamitextoestepalabrasvelocidadmasmaneraestorapidoseguirtengohagocomprobandopaginaformaaunperoestoysolofrasesponiendonuevocomprobarhabilidadesmisesencial.habilidadporquefuturo.critico.pensamientocambioadaptarseacentossinunicaseaprobarapiensomuchocapacidad
educacionpoder.tiemposdesdeescribirenasilayelesunaalquedeparamitextoestepalabrasvelocidadmasmaneraestorapidoseguirtengohagocomprobandopaginaformaaunperoestoysolofrasesponiendonuevocomprobarhabilidadesmisesencial.habilidadporquefuturo.critico.pensamientocambioadaptarseacentossinunicaseaprobarapiensomuchocapacidad,diallegaraunmenosescribirlohastasiaunquepuedaoconocimientominutotodocuentadarmepongaalgunallenaraleatoriaslineassuficientestestmismovecesvariastratarbarrahaciendosuperarlabuscadohanmundo.comprenderlosantiguoshumanosseresavanzado.hemosdesarrollarpermitetravesaexperimentacionobservacionnoinvertirestase,educacionpoder.tiemposdesdeescribirenasilayelesunaalquedeparamitextoestepalabrasvelocidadmasmaneraestorapidoseguirtengohagocomprobandopaginaformaaunperoestoysolofrasesponiendonuevocomprobarhabilidadesmisesencial.habilidadporquefuturo.critico.pensamientocambioadaptarseacentossinunicaseaprobarapiensomuchocapacidad,diallegaraunmenosescribirlohastasiaunquepuedaoconocimientominutotodocuentadarmepongaalgunallenaraleatoriaslineassuficientestestmismovecesvariastratarbarrahaciendosuperarlabuscadohanmundo.comprenderlosantiguoshumanosseresavanzado.hemosdesarrollarpermitetravesaexperimentacionobservacionnoinvertirestase,diallegaraunmenosescribirlohastasiaunquepuedaoconocimientominutotodocuentadarmepongaalgunallenaraleatoriaslineassuficientestestmismovecesvariastratarbarrahaciendosuperarlabuscadohanmundo.comprenderlosantiguoshumanosseresavanzado.hemosdesarrollarpermitetravesaexperimentacionobservacionnoinvertirestase
diallegaraunmenosescribirlohastasiaunquepuedaoconocimientominutotodocuentadarmepongaalgunallenaraleatoriaslineassuficientestestmismovecesvariastratarbarrahaciendosuperarlabuscadohanmundo.comprenderlosantiguoshumanosseresavanzado.hemosdesarrollarpermitetravesaexperimentacionobservacionnoinvertirestase,diallegaraunmenosescribirlohastasiaunquepuedaoconocimientominutotodocuentadarmepongaalgunallenaraleatoriaslineassuficientestestmismovecesvariastratarbarrahaciendosuperarlabuscadohanmundo.comprenderlosantiguoshumanosseresavanzado.hemosdesarrollarpermitetravesaexperimentacionobservacionnoinvertirestase,educacionpoder.tiemposdesdeescribirenasilayelesunaalquedeparamitextoestepalabrasvelocidadmasmaneraestorapidoseguirtengohagocomprobandopaginaformaaunperoestoysolofrasesponiendonuevocomprobarhabilidadesmisesencial.habilidadporquefuturo.critico.pensamientocambioadaptarseacentossinunicaseaprobarapiensomuchocapacidad,educacionpoder.tiemposdesdeescribirenasilayelesunaalquedeparamitextoestepalabrasvelocidadmasmaneraestorapidoseguirtengohagocomprobandopaginaformaaunperoestoysolofrasesponiendonuevocomprobarhabilidadesmisesencial.habilidadporquefuturo.critico.pensamientocambioadaptarseacentossinunicaseaprobarapiensomuchocapacidad,educacionpoder.tiemposdesdeescribirenasilayelesunaalquedeparamitextoestepalabrasvelocidadmasmaneraestorapidoseguirtengohagocomprobandopaginaformaaunperoestoysolofrasesponiendonuevocomprobarhabilidadesmisesencial.habilidadporquefuturo.critico.pensamientocambioadaptarseacentossinunicaseaprobarapiensomuchocapacidad,diallegaraunmenosescribirlohastasiaunquepuedaoconocimientominutotodocuentadarmepongaalgunallenaraleatoriaslineassuficientestestmismovecesvariastratarbarrahaciendosuperarlabuscadohanmundo.comprenderlosantiguoshumanosseresavanzado.hemosdesarrollarpermitetravesaexperimentacionobservacionnoinvertirestase,diallegaraunmenosescribirlohastasiaunquepuedaoconocimientominutotodocuentadarmepongaalgunallenaraleatoriaslineassuficientestestmismovecesvariastratarbarrahaciendosuperarlabuscadohanmundo.comprenderlosantiguoshumanosseresavanzado.hemosdesarrollarpermitetravesaexperimentacionobservacionnoinvertirestase
diallegaraunmenosescribirlohastasiaunquepuedaoconocimientominutotodocuentadarmepongaalgunallenaraleatoriaslineassuficientestestmismovecesvariastratarbarrahaciendosuperarlabuscadohanmundo.comprenderlosantiguoshumanosseresavanzado.hemosdesarrollarpermitetravesaexperimentacionobservacionnoinvertirestase,educacionpoder.tiemposdesdeescribirenasilayelesunaalquedeparamitextoestepalabrasvelocidadmasmaneraestorapidoseguirtengohagocomprobandopaginaformaaunperoestoysolofrasesponiendonuevocomprobarhabilidadesmisesencial.habilidadporquefuturo.critico.pensamientocambioadaptarseacentossinunicaseaprobarapiensomuchocapacidad,diallegaraunmenosescribirlohastasiaunquepuedaoconocimientominutotodocuentadarmepongaalgunallenaraleatoriaslineassuficientestestmismovecesvariastratarbarrahaciendosuperarlabuscadohanmundo.comprenderlosantiguoshumanosseresavanzado.hemosdesarrollarpermitetravesaexperimentacionobservacionnoinvertirestase,diallegaraunmenosescribirlohastasiaunquepuedaoconocimientominutotodocuentadarmepongaalgunallenaraleatoriaslineassuficientestestmismovecesvariastratarbarrahaciendosuperarlabuscadohanmundo.comprenderlosantiguoshumanosseresavanzado.hemosdesarrollarpermitetravesaexperimentacionobservacionnoinvertirestase,diallegaraunmenosescribirlohastasiaunquepuedaoconocimientominutotodocuentadarmepongaalgunallenaraleatoriaslineassuficientestestmismovecesvariastratarbarrahaciendosuperarlabuscadohanmundo.comprenderlosantiguoshumanosseresavanzado.hemosdesarrollarpermitetravesaexperimentacionobservacionnoinvertirestase,educacionpoder.tiemposdesdeescribirenasilayelesunaalquedeparamitextoestepalabrasvelocidadmasmaneraestorapidoseguirtengohagocomprobandopaginaformaaunperoestoysolofrasesponiendonuevocomprobarhabilidadesmisesencial.habilidadporquefuturo.critico.pensamientocambioadaptarseacentossinunicaseaprobarapiensomuchocapacidad,educacionpoder.tiemposdesdeescribirenasilayelesunaalquedeparamitextoestepalabrasvelocidadmasmaneraestorapidoseguirtengohagocomprobandopaginaformaaunperoestoysolofrasesponiendonuevocomprobarhabilidadesmisesencial.habilidadporquefuturo.critico.pensamientocambioadaptarseacentossinunicaseaprobarapiensomuchocapacidad,educacionpoder.tiemposdesdeescribirenasilayelesunaalquedeparamitextoestepalabrasvelocidadmasmaneraestorapidoseguirtengohagocomprobandopaginaformaaunperoestoysolofrasesponiendonuevocomprobarhabilidadesmisesencial.habilidadporquefuturo.critico.pensamientocambioadaptarseacentossinunicaseaprobarapiensomuchocapacidad
diallegaraunmenosescribirlohastasiaunquepuedaoconocimientominutotodocuentadarmepongaalgunallenaraleatoriaslineassuficientestestmismovecesvariastratarbarrahaciendosuperarlabuscadohanmundo.comprenderlosantiguoshumanosseresavanzado.hemosdesarrollarpermitetravesaexperimentacionobservacionnoinvertirestase,diallegaraunmenosescribirlohastasiaunquepuedaoconocimientominutotodocuentadarmepongaalgunallenaraleatoriaslineassuficientestestmismovecesvariastratarbarrahaciendosuperarlabuscadohanmundo.comprenderlosantiguoshumanosseresavanzado.hemosdesarrollarpermitetravesaexperimentacionobservacionnoinvertirestase,educacionpoder.tiemposdesdeescribirenasilayelesunaalquedeparamitextoestepalabrasvelocidadmasmaneraestorapidoseguirtengohagocomprobandopaginaformaaunperoestoysolofrasesponiendonuevocomprobarhabilidadesmisesencial.habilidadporquefuturo.critico.pensamientocambioadaptarseacentossinunicaseaprobarapiensomuchocapacidad,educacionpoder.tiemposdesdeescribirenasilayelesunaalquedeparamitextoestepalabrasvelocidadmasmaneraestorapidoseguirtengohagocomprobandopaginaformaaunperoestoysolofrasesponiendonuevocomprobarhabilidadesmisesencial.habilidadporquefuturo.critico.pensamientocambioadaptarseacentossinunicaseaprobarapiensomuchocapacidad,educacionpoder.tiemposdesdeescribirenasilayelesunaalquedeparamitextoestepalabrasvelocidadmasmaneraestorapidoseguirtengohagocomprobandopaginaformaaunperoestoysolofrasesponiendonuevocomprobarhabilidadesmisesencial.habilidadporquefuturo.critico.pensamientocambioadaptarseacentossinunicaseaprobarapiensomuchocapacidad,educacionpoder.tiemposdesdeescribirenasilayelesunaalquedeparamitextoestepalabrasvelocidadmasmaneraestorapidoseguirtengohagocomprobandopaginaformaaunperoestoysolofrasesponiendonuevocomprobarhabilidadesmisesencial.habilidadporquefuturo.critico.pensamientocambioadaptarseacentossinunicaseaprobarapiensomuchocapacidad,educacionpoder.tiemposdesdeescribirenasilayelesunaalquedeparamitextoestepalabrasvelocidadmasmaneraestorapidoseguirtengohagocomprobandopaginaformaaunperoestoysolofrasesponiendonuevocomprobarhabilidadesmisesencial.habilidadporquefuturo.critico.pensamientocambioadaptarseacentossinunicaseaprobarapiensomuchocapacidad
diallegaraunmenosescribirlohastasiaunquepuedaoconocimientominutotodocuentadarmepongaalgunallenaraleatoriaslineassuficientestestmismovecesvariastratarbarrahaciendosuperarlabuscadohanmundo.comprenderlosantiguoshumanosseresavanzado.hemosdesarrollarpermitetravesaexperimentacionobservacionnoinvertirestase,diallegaraunmenosescribirlohastasiaunquepuedaoconocimientominutotodocuentadarmepongaalgunallenaraleatoriaslineassuficientestestmismovecesvariastratarbarrahaciendosuperarlabuscadohanmundo.comprenderlosantiguoshumanosseresavanzado.hemosdesarrollarpermitetravesaexperimentacionobservacionnoinvertirestase,educacionpoder.tiemposdesdeescribirenasilayelesunaalquedeparamitextoestepalabrasvelocidadmasmaneraestorapidoseguirtengohagocomprobandopaginaformaaunperoestoysolofrasesponiendonuevocomprobarhabilidadesmisesencial.habilidadporquefuturo.critico.pensamientocambioadaptarseacentossinunicaseaprobarapiensomuchocapacidad,educacionpoder.tiemposdesdeescribirenasilayelesunaalquedeparamitextoestepalabrasvelocidadmasmaneraestorapidoseguirtengohagocomprobandopaginaformaaunperoestoysolofrasesponiendonuevocomprobarhabilidadesmisesencial.habilidadporquefuturo.critico.pensamientocambioadaptarseacentossinunicaseaprobarapiensomuchocapacidad,educacionpoder.tiemposdesdeescribirenasilayelesunaalquedeparamitextoestepalabrasvelocidadmasmaneraestorapidoseguirtengohagocomprobandopaginaformaaunperoestoysolofrasesponiendonuevocomprobarhabilidadesmisesencial.habilidadporquefuturo.critico.pensamientocambioadaptarseacentossinunicaseaprobarapiensomuchocapacidad,educacionpoder.tiemposdesdeescribirenasilayelesunaalquedeparamitextoestepalabrasvelocidadmasmaneraestorapidoseguirtengohagocomprobandopaginaformaaunperoestoysolofrasesponiendonuevocomprobarhabilidadesmisesencial.habilidadporquefuturo.critico.pensamientocambioadaptarseacentossinunicaseaprobarapiensomuchocapacidad,diallegaraunmenosescribirlohastasiaunquepuedaoconocimientominutotodocuentadarmepongaalgunallenaraleatoriaslineassuficientestestmismovecesvariastratarbarrahaciendosuperarlabuscadohanmundo.comprenderlosantiguoshumanosseresavanzado.hemosdesarrollarpermitetravesaexperimentacionobservacionnoinvertirestase
educacionpoder.tiemposdesdeescribirenasilayelesunaalquedeparamitextoestepalabrasvelocidadmasmaneraestorapidoseguirtengohagocomprobandopaginaformaaunperoestoysolofrasesponiendonuevocomprobarhabilidadesmisesencial.habilidadporquefuturo.critico.pensamientocambioadaptarseacentossinunicaseaprobarapiensomuchocapacidad,diallegaraunmenosescribirlohastasiaunquepuedaoconocimientominutotodocuentadarmepongaalgunallenaraleatoriaslineassuficientestestmismovecesvariastratarbarrahaciendosuperarlabuscadohanmundo.comprenderlosantiguoshumanosseresavanzado.hemosdesarrollarpermitetravesaexperimentacionobservacionnoinvertirestase,educacionpoder.tiemposdesdeescribirenasilayelesunaalquedeparamitextoestepalabrasvelocidadmasmaneraestorapidoseguirtengohagocomprobandopaginaformaaunperoestoysolofrasesponiendonuevocomprobarhabilidadesmisesencial.habilidadporquefuturo.critico.pensamientocambioadaptarseacentossinunicaseaprobarapiensomuchocapacidad,diallegaraunmenosescribirlohastasiaunquepuedaoconocimientominutotodocuentadarmepongaalgunallenaraleatoriaslineassuficientestestmismovecesvariastratarbarrahaciendosuperarlabuscadohanmundo.comprenderlosantiguoshumanosseresavanzado.hemosdesarrollarpermitetravesaexperimentacionobservacionnoinvertirestase,educacionpoder.tiemposdesdeescribirenasilayelesunaalquedeparamitextoestepalabrasvelocidadmasmaneraestorapidoseguirtengohagocomprobandopaginaformaaunperoestoysolofrasesponiendonuevocomprobarhabilidadesmisesencial.habilidadporquefuturo.critico.pensamientocambioadaptarseacentossinunicaseaprobarapiensomuchocapacidad
diallegaraunmenosescribirlohastasiaunquepuedaoconocimientominutotodocuentadarmepongaalgunallenaraleatoriaslineassuficientestestmismovecesvariastratarbarrahaciendosuperarlabuscadohanmundo.comprenderlosantiguoshumanosseresavanzado.hemosdesarrollarpermitetravesaexperimentacionobservacionnoinvertirestase,diallegaraunmenosescribirlohastasiaunquepuedaoconocimientominutotodocuentadarmepongaalgunallenaraleatoriaslineassuficientestestmismovecesvariastratarbarrahaciendosuperarlabuscadohanmundo.comprenderlosantiguoshumanosseresavanzado.hemosdesarrollarpermitetravesaexperimentacionobservacionnoinvertirestase,educacionpoder.tiemposdesdeescribirenasilayelesunaalquedeparamitextoestepalabrasvelocidadmasmaneraestorapidoseguirtengohagocomprobandopaginaformaaunperoestoysolofrasesponiendonuevocomprobarhabilidadesmisesencial.habilidadporquefuturo.critico.pensamientocambioadaptarseacentossinunicaseaprobarapiensomuchocapacidad,educacionpoder.tiemposdesdeescribirenasilayelesunaalquedeparamitextoestepalabrasvelocidadmasmaneraestorapidoseguirtengohagocomprobandopaginaformaaunperoestoysolofrasesponiendonuevocomprobarhabilidadesmisesencial.habilidadporquefuturo.critico.pensamientocambioadaptarseacentossinunicaseaprobarapiensomuchocapacidad,diallegaraunmenosescribirlohastasiaunquepuedaoconocimientominutotodocuentadarmepongaalgunallenaraleatoriaslineassuficientestestmismovecesvariastratarbarrahaciendosuperarlabuscadohanmundo.comprenderlosantiguoshumanosseresavanzado.hemosdesarrollarpermitetravesaexperimentacionobservacionnoinvertirestase,diallegaraunmenosescribirlohastasiaunquepuedaoconocimientominutotodocuentadarmepongaalgunallenaraleatoriaslineassuficientestestmismovecesvariastratarbarrahaciendosuperarlabuscadohanmundo.comprenderlosantiguoshumanosseresavanzado.hemosdesarrollarpermitetravesaexperimentacionobservacionnoinvertirestase,educacionpoder.tiemposdesdeescribirenasilayelesunaalquedeparamitextoestepalabrasvelocidadmasmaneraestorapidoseguirtengohagocomprobandopaginaformaaunperoestoysolofrasesponiendonuevocomprobarhabilidadesmisesencial.habilidadporquefuturo.critico.pensamientocambioadaptarseacentossinunicaseaprobarapiensomuchocapacidad
diallegaraunmenosescribirlohastasiaunquepuedaoconocimientominutotodocuentadarmepongaalgunallenaraleatoriaslineassuficientestestmismovecesvariastratarbarrahaciendosuperarlabuscadohanmundo.comprenderlosantiguoshumanosseresavanzado.hemosdesarrollarpermitetravesaexperimentacionobservacionnoinvertirestase,diallegaraunmenosescribirlohastasiaunquepuedaoconocimientominutotodocuentadarmepongaalgunallenaraleatoriaslineassuficientestestmismovecesvariastratarbarrahaciendosuperarlabuscadohanmundo.comprenderlosantiguoshumanosseresavanzado.hemosdesarrollarpermitetravesaexperimentacionobservacionnoinvertirestase,educacionpoder.tiemposdesdeescribirenasilayelesunaalquedeparamitextoestepalabrasvelocidadmasmaneraestorapidoseguirtengohagocomprobandopaginaformaaunperoestoysolofrasesponiendonuevocomprobarhabilidadesmisesencial.habilidadporquefuturo.critico.pensamientocambioadaptarseacentossinunicaseaprobarapiensomuchocapacidad,educacionpoder.tiemposdesdeescribirenasilayelesunaalquedeparamitextoestepalabrasvelocidadmasmaneraestorapidoseguirtengohagocomprobandopaginaformaaunperoestoysolofrasesponiendonuevocomprobarhabilidadesmisesencial.habilidadporquefuturo.critico.pensamientocambioadaptarseacentossinunicaseaprobarapiensomuchocapacidad,diallegaraunmenosescribirlohastasiaunquepuedaoconocimientominutotodocuentadarmepongaalgunallenaraleatoriaslineassuficientestestmismovecesvariastratarbarrahaciendosuperarlabuscadohanmundo.comprenderlosantiguoshumanosseresavanzado.hemosdesarrollarpermitetravesaexperimentacionobservacionnoinvertirestase,diallegaraunmenosescribirlohastasiaunquepuedaoconocimientominutotodocuentadarmepongaalgunallenaraleatoriaslineassuficientestestmismovecesvariastratarbarrahaciendosuperarlabuscadohanmundo.comprenderlosantiguoshumanosseresavanzado.hemosdesarrollarpermitetravesaexperimentacionobservacionnoinvertirestase,diallegaraunmenosescribirlohastasiaunquepuedaoconocimientominutotodocuentadarmepongaalgunallenaraleatoriaslineassuficientestestmismovecesvariastratarbarrahaciendosuperarlabuscadohanmundo.comprenderlosantiguoshumanosseresavanzado.hemosdesarrollarpermitetravesaexperimentacionobservacionnoinvertirestase
diallegaraunmenosescribirlohastasiaunquepuedaoconocimientominutotodocuentadarmepongaalgunallenaraleatoriaslineassuficientestestmismovecesvariastratarbarrahaciendosuperarlabuscadohanmundo.comprenderlosantiguoshumanosseresavanzado.hemosdesarrollarpermitetravesaexperimentacionobservacionnoinvertirestase,diallegaraunmenosescribirlohastasiaunquepuedaoconocimientominutotodocuentadarmepongaalgunallenaraleatoriaslineassuficientestestmismovecesvariastratarbarrahaciendosuperarlabuscadohanmundo.comprenderlosantiguoshumanosseresavanzado.hemosdesarrollarpermitetravesaexperimentacionobservacionnoinvertirestase,educacionpoder.tiemposdesdeescribirenasilayelesunaalquedeparamitextoestepalabrasvelocidadmasmaneraestorapidoseguirtengohagocomprobandopaginaformaaunperoestoysolofrasesponiendonuevocomprobarhabilidadesmisesencial.habilidadporquefuturo.critico.pensamientocambioadaptarseacentossinunicaseaprobarapiensomuchocapacidad,educacionpoder.tiemposdesdeescribirenasilayelesunaalquedeparamitextoestepalabrasvelocidadmasmaneraestorapidoseguirtengohagocomprobandopaginaformaaunperoestoysolofrasesponiendonuevocomprobarhabilidadesmisesencial.habilidadporquefuturo.critico.pensamientocambioadaptarseacentossinunicaseaprobarapiensomuchocapacidad,diallegaraunmenosescribirlohastasiaunquepuedaoconocimientominutotodocuentadarmepongaalgunallenaraleatoriaslineassuficientestestmismovecesvariastratarbarrahaciendosuperarlabuscadohanmundo.comprenderlosantiguoshumanosseresavanzado.hemosdesarrollarpermitetravesaexperimentacionobservacionnoinvertirestase,educacionpoder.tiemposdesdeescribirenasilayelesunaalquedeparamitextoestepalabrasvelocidadmasmaneraestorapidoseguirtengohagocomprobandopaginaformaaunperoestoysolofrasesponiendonuevocomprobarhabilidadesmisesencial.habilidadporquefuturo.critico.pensamientocambioadaptarseacentossinunicaseaprobarapiensomuchocapacidad,educacionpoder.tiemposdesdeescribirenasilayelesunaalquedeparamitextoestepalabrasvelocidadmasmaneraestorapidoseguirtengohagocomprobandopaginaformaaunperoestoysolofrasesponiendonuevocomprobarhabilidadesmisesencial.habilidadporquefuturo.critico.pensamientocambioadaptarseacentossinunicaseaprobarapiensomuchocapacidad
diallegaraunmenosescribirlohastasiaunquepuedaoconocimientominutotodocuentadarmepongaalgunallenaraleatoriaslineassuficientestestmismovecesvariastratarbarrahaciendosuperarlabuscadohanmundo.comprenderlosantiguoshumanosseresavanzado.hemosdesarrollarpermitetravesaexperimentacionobservacionnoinvertirestase,diallegaraunmenosescribirlohastasiaunquepuedaoconocimientominutotodocuentadarmepongaalgunallenaraleatoriaslineassuficientestestmismovecesvariastratarbarrahaciendosuperarlabuscadohanmundo.comprenderlosantiguoshumanosseresavanzado.hemosdesarrollarpermitetravesaexperimentacionobservacionnoinvertirestase,educacionpoder.tiemposdesdeescribirenasilayelesunaalquedeparamitextoestepalabrasvelocidadmasmaneraestorapidoseguirtengohagocomprobandopaginaformaaunperoestoysolofrasesponiendonuevocomprobarhabilidadesmisesencial.habilidadporquefuturo.critico.pensamientocambioadaptarseacentossinunicaseaprobarapiensomuchocapacidad,educacionpoder.tiemposdesdeescribirenasilayelesunaalquedeparamitextoestepalabrasvelocidadmasmaneraestorapidoseguirtengohagocomprobandopaginaformaaunperoestoysolofrasesponiendonuevocomprobarhabilidadesmisesencial.habilidadporquefuturo.critico.pensamientocambioadaptarseacentossinunicaseaprobarapiensomuchocapacidad,diallegaraunmenosescribirlohastasiaunquepuedaoconocimientominutotodocuentadarmepongaalgunallenaraleatoriaslineassuficientestestmismovecesvariastratarbarrahaciendosuperarlabuscadohanmundo.comprenderlosantiguoshumanosseresavanzado.hemosdesarrollarpermitetravesaexperimentacionobservacionnoinvertirestase,educacionpoder.tiemposdesdeescribirenasilayelesunaalquedeparamitextoestepalabrasvelocidadmasmaneraestorapidoseguirtengohagocomprobandopaginaformaaunperoestoysolofrasesponiendonuevocomprobarhabilidadesmisesencial.habilidadporquefuturo.critico.pensamientocambioadaptarseacentossinunicaseaprobarapiensomuchocapacidad,diallegaraunmenosescribirlohastasiaunquepuedaoconocimientominutotodocuentadarmepongaalgunallenaraleatoriaslineassuficientestestmismovecesvariastratarbarrahaciendosuperarlabuscadohanmundo.comprenderlosantiguoshumanosseresavanzado.hemosdesarrollarpermitetravesaexperimentacionobservacionnoinvertirestase
diallegaraunmenosescribirlohastasiaunquepuedaoconocimientominutotodocuentadarmepongaalgunallenaraleatoriaslineassuficientestestmismovecesvariastratarbarrahaciendosuperarlabuscadohanmundo.comprenderlosantiguoshumanosseresavanzado.hemosdesarrollarpermitetravesaexperimentacionobservacionnoinvertirestase,diallegaraunmenosescribirlohastasiaunquepuedaoconocimientominutotodocuentadarmepongaalgunallenaraleatoriaslineassuficientestestmismovecesvariastratarbarrahaciendosuperarlabuscadohanmundo.comprenderlosantiguoshumanosseresavanzado.hemosdesarrollarpermitetravesaexperimentacionobservacionnoinvertirestase,diallegaraunmenosescribirlohastasiaunquepuedaoconocimientominutotodocuentadarmepongaalgunallenaraleatoriaslineassuficientestestmismovecesvariastratarbarrahaciendosuperarlabuscadohanmundo.comprenderlosantiguoshumanosseresavanzado.hemosdesarrollarpermitetravesaexperimentacionobservacionnoinvertirestase,diallegaraunmenosescribirlohastasiaunquepuedaoconocimientominutotodocuentadarmepongaalgunallenaraleatoriaslineassuficientestestmismovecesvariastratarbarrahaciendosuperarlabuscadohanmundo.comprenderlosantiguoshumanosseresavanzado.hemosdesarrollarpermitetravesaexperimentacionobservacionnoinvertirestase,educacionpoder.tiemposdesdeescribirenasilayelesunaalquedeparamitextoestepalabrasvelocidadmasmaneraestorapidoseguirtengohagocomprobandopaginaformaaunperoestoysolofrasesponiendonuevocomprobarhabilidadesmisesencial.habilidadporquefuturo.critico.pensamientocambioadaptarseacentossinunicaseaprobarapiensomuchocapacidad,diallegaraunmenosescribirlohastasiaunquepuedaoconocimientominutotodocuentadarmepongaalgunallenaraleatoriaslineassuficientestestmismovecesvariastratarbarrahaciendosuperarlabuscadohanmundo.comprenderlosantiguoshumanosseresavanzado.hemosdesarrollarpermitetravesaexperimentacionobservacionnoinvertirestase,educacionpoder.tiemposdesdeescribirenasilayelesunaalquedeparamitextoestepalabrasvelocidadmasmaneraestorapidoseguirtengohagocomprobandopaginaformaaunperoestoysolofrasesponiendonuevocomprobarhabilidadesmisesencial.habilidadporquefuturo.critico.pensamientocambioadaptarseacentossinunicaseaprobarapiensomuchocapacidad
diallegaraunmenosescribirlohastasiaunquepuedaoconocimientominutotodocuentadarmepongaalgunallenaraleatoriaslineassuficientestestmismovecesvariastratarbarrahaciendosuperarlabuscadohanmundo.comprenderlosantiguoshumanosseresavanzado.hemosdesarrollarpermitetravesaexperimentacionobservacionnoinvertirestase,diallegaraunmenosescribirlohastasiaunquepuedaoconocimientominutotodocuentadarmepongaalgunallenaraleatoriaslineassuficientestestmismovecesvariastratarbarrahaciendosuperarlabuscadohanmundo.comprenderlosantiguoshumanosseresavanzado.hemosdesarrollarpermitetravesaexperimentacionobservacionnoinvertirestase,diallegaraunmenosescribirlohastasiaunquepuedaoconocimientominutotodocuentadarmepongaalgunallenaraleatoriaslineassuficientestestmismovecesvariastratarbarrahaciendosuperarlabuscadohanmundo.comprenderlosantiguoshumanosseresavanzado.hemosdesarrollarpermitetravesaexperimentacionobservacionnoinvertirestase,diallegaraunmenosescribirlohastasiaunquepuedaoconocimientominutotodocuentadarmepongaalgunallenaraleatoriaslineassuficientestestmismovecesvariastratarbarrahaciendosuperarlabuscadohanmundo.comprenderlosantiguoshumanosseresavanzado.hemosdesarrollarpermitetravesaexperimentacionobservacionnoinvertirestase,educacionpoder.tiemposdesdeescribirenasilayelesunaalquedeparamitextoestepalabrasvelocidadmasmaneraestorapidoseguirtengohagocomprobandopaginaformaaunperoestoysolofrasesponiendonuevocomprobarhabilidadesmisesencial.habilidadporquefuturo.critico.pensamientocambioadaptarseacentossinunicaseaprobarapiensomuchocapacidad,educacionpoder.tiemposdesdeescribirenasilayelesunaalquedeparamitextoestepalabrasvelocidadmasmaneraestorapidoseguirtengohagocomprobandopaginaformaaunperoestoysolofrasesponiendonuevocomprobarhabilidadesmisesencial.habilidadporquefuturo.critico.pensamientocambioadaptarseacentossinunicaseaprobarapiensomuchocapacidad,educacionpoder.tiemposdesdeescribirenasilayelesunaalquedeparamitextoestepalabrasvelocidadmasmaneraestorapidoseguirtengohagocomprobandopaginaformaaunperoestoysolofrasesponiendonuevocomprobarhabilidadesmisesencial.habilidadporquefuturo.critico.pensamientocambioadaptarseacentossinunicaseaprobarapiensomuchocapacidad,educacionpoder.tiemposdesdeescribirenasilayelesunaalquedeparamitextoestepalabrasvelocidadmasmaneraestorapidoseguirtengohagocomprobandopaginaformaaunperoestoysolofrasesponiendonuevocomprobarhabilidadesmisesencial.habilidadporquefuturo.critico.pensamientocambioadaptarseacentossinunicaseaprobarapiensomuchocapacidad
diallegaraunmenosescribirlohastasiaunquepuedaoconocimientominutotodocuentadarmepongaalgunallenaraleatoriaslineassuficientestestmismovecesvariastratarbarrahaciendosuperarlabuscadohanmundo.comprenderlosantiguoshumanosseresavanzado.hemosdesarrollarpermitetravesaexperimentacionobservacionnoinvertirestase,diallegaraunmenosescribirlohastasiaunquepuedaoconocimientominutotodocuentadarmepongaalgunallenaraleatoriaslineassuficientestestmismovecesvariastratarbarrahaciendosuperarlabuscadohanmundo.comprenderlosantiguoshumanosseresavanzado.hemosdesarrollarpermitetravesaexperimentacionobservacionnoinvertirestase,diallegaraunmenosescribirlohastasiaunquepuedaoconocimientominutotodocuentadarmepongaalgunallenaraleatoriaslineassuficientestestmismovecesvariastratarbarrahaciendosuperarlabuscadohanmundo.comprenderlosantiguoshumanosseresavanzado.hemosdesarrollarpermitetravesaexperimentacionobservacionnoinvertirestase,educacionpoder.tiemposdesdeescribirenasilayelesunaalquedeparamitextoestepalabrasvelocidadmasmaneraestorapidoseguirtengohagocomprobandopaginaformaaunperoestoysolofrasesponiendonuevocomprobarhabilidadesmisesencial.habilidadporquefuturo.critico.pensamientocambioadaptarseacentossinunicaseaprobarapiensomuchocapacidad,diallegaraunmenosescribirlohastasiaunquepuedaoconocimientominutotodocuentadarmepongaalgunallenaraleatoriaslineassuficientestestmismovecesvariastratarbarrahaciendosuperarlabuscadohanmundo.comprenderlosantiguoshumanosseresavanzado.hemosdesarrollarpermitetravesaexperimentacionobservacionnoinvertirestase,diallegaraunmenosescribirlohastasiaunquepuedaoconocimientominutotodocuentadarmepongaalgunallenaraleatoriaslineassuficientestestmismovecesvariastratarbarrahaciendosuperarlabuscadohanmundo.comprenderlosantiguoshumanosseresavanzado.hemosdesarrollarpermitetravesaexperimentacionobservacionnoinvertirestase
diallegaraunmenosescribirlohastasiaunquepuedaoconocimientominutotodocuentadarmepongaalgunallenaraleatoriaslineassuficientestestmismovecesvariastratarbarrahaciendosuperarlabuscadohanmundo.comprenderlosantiguoshumanosseresavanzado.hemosdesarrollarpermitetravesaexperimentacionobservacionnoinvertirestase,diallegaraunmenosescribirlohastasiaunquepuedaoconocimientominutotodocuentadarmepongaalgunallenaraleatoriaslineassuficientestestmismovecesvariastratarbarrahaciendosuperarlabuscadohanmundo.comprenderlosantiguoshumanosseresavanzado.hemosdesarrollarpermitetravesaexperimentacionobservacionnoinvertirestase,diallegaraunmenosescribirlohastasiaunquepuedaoconocimientominutotodocuentadarmepongaalgunallenaraleatoriaslineassuficientestestmismovecesvariastratarbarrahaciendosuperarlabuscadohanmundo.comprenderlosantiguoshumanosseresavanzado.hemosdesarrollarpermitetravesaexperimentacionobservacionnoinvertirestase,diallegaraunmenosescribirlohastasiaunquepuedaoconocimientominutotodocuentadarmepongaalgunallenaraleatoriaslineassuficientestestmismovecesvariastratarbarrahaciendosuperarlabuscadohanmundo.comprenderlosantiguoshumanosseresavanzado.hemosdesarrollarpermitetravesaexperimentacionobservacionnoinvertirestase,diallegaraunmenosescribirlohastasiaunquepuedaoconocimientominutotodocuentadarmepongaalgunallenaraleatoriaslineassuficientestestmismovecesvariastratarbarrahaciendosuperarlabuscadohanmundo.comprenderlosantiguoshumanosseresavanzado.hemosdesarrollarpermitetravesaexperimentacionobservacionnoinvertirestase,diallegaraunmenosescribirlohastasiaunquepuedaoconocimientominutotodocuentadarmepongaalgunallenaraleatoriaslineassuficientestestmismovecesvariastratarbarrahaciendosuperarlabuscadohanmundo.comprenderlosantiguoshumanosseresavanzado.hemosdesarrollarpermitetravesaexperimentacionobservacionnoinvertirestase,diallegaraunmenosescribirlohastasiaunquepuedaoconocimientominutotodocuentadarmepongaalgunallenaraleatoriaslineassuficientestestmismovecesvariastratarbarrahaciendosuperarlabuscadohanmundo.comprenderlosantiguoshumanosseresavanzado.hemosdesarrollarpermitetravesaexperimentacionobservacionnoinvertirestase,educacionpoder.tiemposdesdeescribirenasilayelesunaalquedeparamitextoestepalabrasvelocidadmasmaneraestorapidoseguirtengohagocomprobandopaginaformaaunperoestoysolofrasesponiendonuevocomprobarhabilidadesmisesencial.habilidadporquefuturo.critico.pensamientocambioadaptarseacentossinunicaseaprobarapiensomuchocapacidad
diallegaraunmenosescribirlohastasiaunquepuedaoconocimientominutotodocuentadarmepongaalgunallenaraleatoriaslineassuficientestestmismovecesvariastratarbarrahaciendosuperarlabuscadohanmundo.comprenderlosantiguoshumanosseresavanzado.hemosdesarrollarpermitetravesaexperimentacionobservacionnoinvertirestase,diallegaraunmenosescribirlohastasiaunquepuedaoconocimientominutotodocuentadarmepongaalgunallenaraleatoriaslineassuficientestestmismovecesvariastratarbarrahaciendosuperarlabuscadohanmundo.comprenderlosantiguoshumanosseresavanzado.hemosdesarrollarpermitetravesaexperimentacionobservacionnoinvertirestase,diallegaraunmenosescribirlohastasiaunquepuedaoconocimientominutotodocuentadarmepongaalgunallenaraleatoriaslineassuficientestestmismovecesvariastratarbarrahaciendosuperarlabuscadohanmundo.comprenderlosantiguoshumanosseresavanzado.hemosdesarrollarpermitetravesaexperimentacionobservacionnoinvertirestase,diallegaraunmenosescribirlohastasiaunquepuedaoconocimientominutotodocuentadarmepongaalgunallenaraleatoriaslineassuficientestestmismovecesvariastratarbarrahaciendosuperarlabuscadohanmundo.comprenderlosantiguoshumanosseresavanzado.hemosdesarrollarpermitetravesaexperimentacionobservacionnoinvertirestase,educacionpoder.tiemposdesdeescribirenasilayelesunaalquedeparamitextoestepalabrasvelocidadmasmaneraestorapidoseguirtengohagocomprobandopaginaformaaunperoestoysolofrasesponiendonuevocomprobarhabilidadesmisesencial.habilidadporquefuturo.critico.pensamientocambioadaptarseacentossinunicaseaprobarapiensomuchocapacidad,diallegaraunmenosescribirlohastasiaunquepuedaoconocimientominutotodocuentadarmepongaalgunallenaraleatoriaslineassuficientestestmismovecesvariastratarbarrahaciendosuperarlabuscadohanmundo.comprenderlosantiguoshumanosseresavanzado.hemosdesarrollarpermitetravesaexperimentacionobservacionnoinvertirestase,diallegaraunmenosescribirlohastasiaunquepuedaoconocimientominutotodocuentadarmepongaalgunallenaraleatoriaslineassuficientestestmismovecesvariastratarbarrahaciendosuperarlabuscadohanmundo.comprenderlosantiguoshumanosseresavanzado.hemosdesarrollarpermitetravesaexperimentacionobservacionnoinvertirestase
diallegaraunmenosescribirlohastasiaunquepuedaoconocimientominutotodocuentadarmepongaalgunallenaraleatoriaslineassuficientestestmismovecesvariastratarbarrahaciendosuperarlabuscadohanmundo.comprenderlosantiguoshumanosseresavanzado.hemosdesarrollarpermitetravesaexperimentacionobservacionnoinvertirestase,diallegaraunmenosescribirlohastasiaunquepuedaoconocimientominutotodocuentadarmepongaalgunallenaraleatoriaslineassuficientestestmismovecesvariastratarbarrahaciendosuperarlabuscadohanmundo.comprenderlosantiguoshumanosseresavanzado.hemosdesarrollarpermitetravesaexperimentacionobservacionnoinvertirestase,diallegaraunmenosescribirlohastasiaunquepuedaoconocimientominutotodocuentadarmepongaalgunallenaraleatoriaslineassuficientestestmismovecesvariastratarbarrahaciendosuperarlabuscadohanmundo.comprenderlosantiguoshumanosseresavanzado.hemosdesarrollarpermitetravesaexperimentacionobservacionnoinvertirestase,educacionpoder.tiemposdesdeescribirenasilayelesunaalquedeparamitextoestepalabrasvelocidadmasmaneraestorapidoseguirtengohagocomprobandopaginaformaaunperoestoysolofrasesponiendonuevocomprobarhabilidadesmisesencial.habilidadporquefuturo.critico.pensamientocambioadaptarseacentossinunicaseaprobarapiensomuchocapacidad,educacionpoder.tiemposdesdeescribirenasilayelesunaalquedeparamitextoestepalabrasvelocidadmasmaneraestorapidoseguirtengohagocomprobandopaginaformaaunperoestoysolofrasesponiendonuevocomprobarhabilidadesmisesencial.habilidadporquefuturo.critico.pensamientocambioadaptarseacentossinunicaseaprobarapiensomuchocapacidad,educacionpoder.tiemposdesdeescribirenasilayelesunaalquedeparamitextoestepalabrasvelocidadmasmaneraestorapidoseguirtengohagocomprobandopaginaformaaunperoestoysolofrasesponiendonuevocomprobarhabilidadesmisesencial.habilidadporquefuturo.critico.pensamientocambioadaptarseacentossinunicaseaprobarapiensomuchocapacidad
diallegaraunmenosescribirlohastasiaunquepuedaoconocimientominutotodocuentadarmepongaalgunallenaraleatoriaslineassuficientestestmismovecesvariastratarbarrahaciendosuperarlabuscadohanmundo.comprenderlosantiguoshumanosseresavanzado.hemosdesarrollarpermitetravesaexperimentacionobservacionnoinvertirestase,diallegaraunmenosescribirlohastasiaunquepuedaoconocimientominutotodocuentadarmepongaalgunallenaraleatoriaslineassuficientestestmismovecesvariastratarbarrahaciendosuperarlabuscadohanmundo.comprenderlosantiguoshumanosseresavanzado.hemosdesarrollarpermitetravesaexperimentacionobservacionnoinvertirestase,diallegaraunmenosescribirlohastasiaunquepuedaoconocimientominutotodocuentadarmepongaalgunallenaraleatoriaslineassuficientestestmismovecesvariastratarbarrahaciendosuperarlabuscadohanmundo.comprenderlosantiguoshumanosseresavanzado.hemosdesarrollarpermitetravesaexperimentacionobservacionnoinvertirestase,diallegaraunmenosescribirlohastasiaunquepuedaoconocimientominutotodocuentadarmepongaalgunallenaraleatoriaslineassuficientestestmismovecesvariastratarbarrahaciendosuperarlabuscadohanmundo.comprenderlosantiguoshumanosseresavanzado.hemosdesarrollarpermitetravesaexperimentacionobservacionnoinvertirestase,educacionpoder.tiemposdesdeescribirenasilayelesunaalquedeparamitextoestepalabrasvelocidadmasmaneraestorapidoseguirtengohagocomprobandopaginaformaaunperoestoysolofrasesponiendonuevocomprobarhabilidadesmisesencial.habilidadporquefuturo.critico.pensamientocambioadaptarseacentossinunicaseaprobarapiensomuchocapacidad,educacionpoder.tiemposdesdeescribirenasilayelesunaalquedeparamitextoestepalabrasvelocidadmasmaneraestorapidoseguirtengohagocomprobandopaginaformaaunperoestoysolofrasesponiendonuevocomprobarhabilidadesmisesencial.habilidadporquefuturo.critico.pensamientocambioadaptarseacentossinunicaseaprobarapiensomuchocapacidad,educacionpoder.tiemposdesdeescribirenasilayelesunaalquedeparamitextoestepalabrasvelocidadmasmaneraestorapidoseguirtengohagocomprobandopaginaformaaunperoestoysolofrasesponiendonuevocomprobarhabilidadesmisesencial.habilidadporquefuturo.critico.pensamientocambioadaptarseacentossinunicaseaprobarapiensomuchocapacidad
diallegaraunmenosescribirlohastasiaunquepuedaoconocimientominutotodocuentadarmepongaalgunallenaraleatoriaslineassuficientestestmismovecesvariastratarbarrahaciendosuperarlabuscadohanmundo.comprenderlosantiguoshumanosseresavanzado.hemosdesarrollarpermitetravesaexperimentacionobservacionnoinvertirestase,diallegaraunmenosescribirlohastasiaunquepuedaoconocimientominutotodocuentadarmepongaalgunallenaraleatoriaslineassuficientestestmismovecesvariastratarbarrahaciendosuperarlabuscadohanmundo.comprenderlosantiguoshumanosseresavanzado.hemosdesarrollarpermitetravesaexperimentacionobservacionnoinvertirestase,diallegaraunmenosescribirlohastasiaunquepuedaoconocimientominutotodocuentadarmepongaalgunallenaraleatoriaslineassuficientestestmismovecesvariastratarbarrahaciendosuperarlabuscadohanmundo.comprenderlosantiguoshumanosseresavanzado.hemosdesarrollarpermitetravesaexperimentacionobservacionnoinvertirestase,diallegaraunmenosescribirlohastasiaunquepuedaoconocimientominutotodocuentadarmepongaalgunallenaraleatoriaslineassuficientestestmismovecesvariastratarbarrahaciendosuperarlabuscadohanmundo.comprenderlosantiguoshumanosseresavanzado.hemosdesarrollarpermitetravesaexperimentacionobservacionnoinvertirestase,diallegaraunmenosescribirlohastasiaunquepuedaoconocimientominutotodocuentadarmepongaalgunallenaraleatoriaslineassuficientestestmismovecesvariastratarbarrahaciendosuperarlabuscadohanmundo.comprenderlosantiguoshumanosseresavanzado.hemosdesarrollarpermitetravesaexperimentacionobservacionnoinvertirestase,educacionpoder.tiemposdesdeescribirenasilayelesunaalquedeparamitextoestepalabrasvelocidadmasmaneraestorapidoseguirtengohagocomprobandopaginaformaaunperoestoysolofrasesponiendonuevocomprobarhabilidadesmisesencial.habilidadporquefuturo.critico.pensamientocambioadaptarseacentossinunicaseaprobarapiensomuchocapacidad,educacionpoder.tiemposdesdeescribirenasilayelesunaalquedeparamitextoestepalabrasvelocidadmasmaneraestorapidoseguirtengohagocomprobandopaginaformaaunperoestoysolofrasesponiendonuevocomprobarhabilidadesmisesencial.habilidadporquefuturo.critico.pensamientocambioadaptarseacentossinunicaseaprobarapiensomuchocapacidad,educacionpoder.tiemposdesdeescribirenasilayelesunaalquedeparamitextoestepalabrasvelocidadmasmaneraestorapidoseguirtengohagocomprobandopaginaformaaunperoestoysolofrasesponiendonuevocomprobarhabilidadesmisesencial.habilidadporquefuturo.critico.pensamientocambioadaptarseacentossinunicaseaprobarapiensomuchocapacidad
diallegaraunmenosescribirlohastasiaunquepuedaoconocimientominutotodocuentadarmepongaalgunallenaraleatoriaslineassuficientestestmismovecesvariastratarbarrahaciendosuperarlabuscadohanmundo.comprenderlosantiguoshumanosseresavanzado.hemosdesarrollarpermitetravesaexperimentacionobservacionnoinvertirestase,diallegaraunmenosescribirlohastasiaunquepuedaoconocimientominutotodocuentadarmepongaalgunallenaraleatoriaslineassuficientestestmismovecesvariastratarbarrahaciendosuperarlabuscadohanmundo.comprenderlosantiguoshumanosseresavanzado.hemosdesarrollarpermitetravesaexperimentacionobservacionnoinvertirestase,diallegaraunmenosescribirlohastasiaunquepuedaoconocimientominutotodocuentadarmepongaalgunallenaraleatoriaslineassuficientestestmismovecesvariastratarbarrahaciendosuperarlabuscadohanmundo.comprenderlosantiguoshumanosseresavanzado.hemosdesarrollarpermitetravesaexperimentacionobservacionnoinvertirestase,diallegaraunmenosescribirlohastasiaunquepuedaoconocimientominutotodocuentadarmepongaalgunallenaraleatoriaslineassuficientestestmismovecesvariastratarbarrahaciendosuperarlabuscadohanmundo.comprenderlosantiguoshumanosseresavanzado.hemosdesarrollarpermitetravesaexperimentacionobservacionnoinvertirestase,educacionpoder.tiemposdesdeescribirenasilayelesunaalquedeparamitextoestepalabrasvelocidadmasmaneraestorapidoseguirtengohagocomprobandopaginaformaaunperoestoysolofrasesponiendonuevocomprobarhabilidadesmisesencial.habilidadporquefuturo.critico.pensamientocambioadaptarseacentossinunicaseaprobarapiensomuchocapacidad,educacionpoder.tiemposdesdeescribirenasilayelesunaalquedeparamitextoestepalabrasvelocidadmasmaneraestorapidoseguirtengohagocomprobandopaginaformaaunperoestoysolofrasesponiendonuevocomprobarhabilidadesmisesencial.habilidadporquefuturo.critico.pensamientocambioadaptarseacentossinunicaseaprobarapiensomuchocapacidad,educacionpoder.tiemposdesdeescribirenasilayelesunaalquedeparamitextoestepalabrasvelocidadmasmaneraestorapidoseguirtengohagocomprobandopaginaformaaunperoestoysolofrasesponiendonuevocomprobarhabilidadesmisesencial.habilidadporquefuturo.critico.pensamientocambioadaptarseacentossinunicaseaprobarapiensomuchocapacidad,educacionpoder.tiemposdesdeescribirenasilayelesunaalquedeparamitextoestepalabrasvelocidadmasmaneraestorapidoseguirtengohagocomprobandopaginaformaaunperoestoysolofrasesponiendonuevocomprobarhabilidadesmisesencial.habilidadporquefuturo.critico.pensamientocambioadaptarseacentossinunicaseaprobarapiensomuchocapacidad
diallegaraunmenosescribirlohastasiaunquepuedaoconocimientominutotodocuentadarmepongaalgunallenaraleatoriaslineassuficientestestmismovecesvariastratarbarrahaciendosuperarlabuscadohanmundo.comprenderlosantiguoshumanosseresavanzado.hemosdesarrollarpermitetravesaexperimentacionobservacionnoinvertirestase,diallegaraunmenosescribirlohastasiaunquepuedaoconocimientominutotodocuentadarmepongaalgunallenaraleatoriaslineassuficientestestmismovecesvariastratarbarrahaciendosuperarlabuscadohanmundo.comprenderlosantiguoshumanosseresavanzado.hemosdesarrollarpermitetravesaexperimentacionobservacionnoinvertirestase,diallegaraunmenosescribirlohastasiaunquepuedaoconocimientominutotodocuentadarmepongaalgunallenaraleatoriaslineassuficientestestmismovecesvariastratarbarrahaciendosuperarlabuscadohanmundo.comprenderlosantiguoshumanosseresavanzado.hemosdesarrollarpermitetravesaexperimentacionobservacionnoinvertirestase,diallegaraunmenosescribirlohastasiaunquepuedaoconocimientominutotodocuentadarmepongaalgunallenaraleatoriaslineassuficientestestmismovecesvariastratarbarrahaciendosuperarlabuscadohanmundo.comprenderlosantiguoshumanosseresavanzado.hemosdesarrollarpermitetravesaexperimentacionobservacionnoinvertirestase,educacionpoder.tiemposdesdeescribirenasilayelesunaalquedeparamitextoestepalabrasvelocidadmasmaneraestorapidoseguirtengohagocomprobandopaginaformaaunperoestoysolofrasesponiendonuevocomprobarhabilidadesmisesencial.habilidadporquefuturo.critico.pensamientocambioadaptarseacentossinunicaseaprobarapiensomuchocapacidad,educacionpoder.tiemposdesdeescribirenasilayelesunaalquedeparamitextoestepalabrasvelocidadmasmaneraestorapidoseguirtengohagocomprobandopaginaformaaunperoestoysolofrasesponiendonuevocomprobarhabilidadesmisesencial.habilidadporquefuturo.critico.pensamientocambioadaptarseacentossinunicaseaprobarapiensomuchocapacidad,diallegaraunmenosescribirlohastasiaunquepuedaoconocimientominutotodocuentadarmepongaalgunallenaraleatoriaslineassuficientestestmismovecesvariastratarbarrahaciendosuperarlabuscadohanmundo.comprenderlosantiguoshumanosseresavanzado.hemosdesarrollarpermitetravesaexperimentacionobservacionnoinvertirestase
diallegaraunmenosescribirlohastasiaunquepuedaoconocimientominutotodocuentadarmepongaalgunallenaraleatoriaslineassuficientestestmismovecesvariastratarbarrahaciendosuperarlabuscadohanmundo.comprenderlosantiguoshumanosseresavanzado.hemosdesarrollarpermitetravesaexperimentacionobservacionnoinvertirestase,diallegaraunmenosescribirlohastasiaunquepuedaoconocimientominutotodocuentadarmepongaalgunallenaraleatoriaslineassuficientestestmismovecesvariastratarbarrahaciendosuperarlabuscadohanmundo.comprenderlosantiguoshumanosseresavanzado.hemosdesarrollarpermitetravesaexperimentacionobservacionnoinvertirestase,diallegaraunmenosescribirlohastasiaunquepuedaoconocimientominutotodocuentadarmepongaalgunallenaraleatoriaslineassuficientestestmismovecesvariastratarbarrahaciendosuperarlabuscadohanmundo.comprenderlosantiguoshumanosseresavanzado.hemosdesarrollarpermitetravesaexperimentacionobservacionnoinvertirestase,diallegaraunmenosescribirlohastasiaunquepuedaoconocimientominutotodocuentadarmepongaalgunallenaraleatoriaslineassuficientestestmismovecesvariastratarbarrahaciendosuperarlabuscadohanmundo.comprenderlosantiguoshumanosseresavanzado.hemosdesarrollarpermitetravesaexperimentacionobservacionnoinvertirestase,diallegaraunmenosescribirlohastasiaunquepuedaoconocimientominutotodocuentadarmepongaalgunallenaraleatoriaslineassuficientestestmismovecesvariastratarbarrahaciendosuperarlabuscadohanmundo.comprenderlosantiguoshumanosseresavanzado.hemosdesarrollarpermitetravesaexperimentacionobservacionnoinvertirestase,diallegaraunmenosescribirlohastasiaunquepuedaoconocimientominutotodocuentadarmepongaalgunallenaraleatoriaslineassuficientestestmismovecesvariastratarbarrahaciendosuperarlabuscadohanmundo.comprenderlosantiguoshumanosseresavanzado.hemosdesarrollarpermitetravesaexperimentacionobservacionnoinvertirestase,educacionpoder.tiemposdesdeescribirenasilayelesunaalquedeparamitextoestepalabrasvelocidadmasmaneraestorapidoseguirtengohagocomprobandopaginaformaaunperoestoysolofrasesponiendonuevocomprobarhabilidadesmisesencial.habilidadporquefuturo.critico.pensamientocambioadaptarseacentossinunicaseaprobarapiensomuchocapacidad
educacionpoder.tiemposdesdeescribirenasilayelesunaalquedeparamitextoestepalabrasvelocidadmasmaneraestorapidoseguirtengohagocomprobandopaginaformaaunperoestoysolofrasesponiendonuevocomprobarhabilidadesmisesencial.habilidadporquefuturo.critico.pensamientocambioadaptarseacentossinunicaseaprobarapiensomuchocapacidad,diallegaraunmenosescribirlohastasiaunquepuedaoconocimientominutotodocuentadarmepongaalgunallenaraleatoriaslineassuficientestestmismovecesvariastratarbarrahaciendosuperarlabuscadohanmundo.comprenderlosantiguoshumanosseresavanzado.hemosdesarrollarpermitetravesaexperimentacionobservacionnoinvertirestase,educacionpoder.tiemposdesdeescribirenasilayelesunaalquedeparamitextoestepalabrasvelocidadmasmaneraestorapidoseguirtengohagocomprobandopaginaformaaunperoestoysolofrasesponiendonuevocomprobarhabilidadesmisesencial.habilidadporquefuturo.critico.pensamientocambioadaptarseacentossinunicaseaprobarapiensomuchocapacidad,diallegaraunmenosescribirlohastasiaunquepuedaoconocimientominutotodocuentadarmepongaalgunallenaraleatoriaslineassuficientestestmismovecesvariastratarbarrahaciendosuperarlabuscadohanmundo.comprenderlosantiguoshumanosseresavanzado.hemosdesarrollarpermitetravesaexperimentacionobservacionnoinvertirestase,educacionpoder.tiemposdesdeescribirenasilayelesunaalquedeparamitextoestepalabrasvelocidadmasmaneraestorapidoseguirtengohagocomprobandopaginaformaaunperoestoysolofrasesponiendonuevocomprobarhabilidadesmisesencial.habilidadporquefuturo.critico.pensamientocambioadaptarseacentossinunicaseaprobarapiensomuchocapacidad
diallegaraunmenosescribirlohastasiaunquepuedaoconocimientominutotodocuentadarmepongaalgunallenaraleatoriaslineassuficientestestmismovecesvariastratarbarrahaciendosuperarlabuscadohanmundo.comprenderlosantiguoshumanosseresavanzado.hemosdesarrollarpermitetravesaexperimentacionobservacionnoinvertirestase,diallegaraunmenosescribirlohastasiaunquepuedaoconocimientominutotodocuentadarmepongaalgunallenaraleatoriaslineassuficientestestmismovecesvariastratarbarrahaciendosuperarlabuscadohanmundo.comprenderlosantiguoshumanosseresavanzado.hemosdesarrollarpermitetravesaexperimentacionobservacionnoinvertirestase,diallegaraunmenosescribirlohastasiaunquepuedaoconocimientominutotodocuentadarmepongaalgunallenaraleatoriaslineassuficientestestmismovecesvariastratarbarrahaciendosuperarlabuscadohanmundo.comprenderlosantiguoshumanosseresavanzado.hemosdesarrollarpermitetravesaexperimentacionobservacionnoinvertirestase,diallegaraunmenosescribirlohastasiaunquepuedaoconocimientominutotodocuentadarmepongaalgunallenaraleatoriaslineassuficientestestmismovecesvariastratarbarrahaciendosuperarlabuscadohanmundo.comprenderlosantiguoshumanosseresavanzado.hemosdesarrollarpermitetravesaexperimentacionobservacionnoinvertirestase,diallegaraunmenosescribirlohastasiaunquepuedaoconocimientominutotodocuentadarmepongaalgunallenaraleatoriaslineassuficientestestmismovecesvariastratarbarrahaciendosuperarlabuscadohanmundo.comprenderlosantiguoshumanosseresavanzado.hemosdesarrollarpermitetravesaexperimentacionobservacionnoinvertirestase,diallegaraunmenosescribirlohastasiaunquepuedaoconocimientominutotodocuentadarmepongaalgunallenaraleatoriaslineassuficientestestmismovecesvariastratarbarrahaciendosuperarlabuscadohanmundo.comprenderlosantiguoshumanosseresavanzado.hemosdesarrollarpermitetravesaexperimentacionobservacionnoinvertirestase,diallegaraunmenosescribirlohastasiaunquepuedaoconocimientominutotodocuentadarmepongaalgunallenaraleatoriaslineassuficientestestmismovecesvariastratarbarrahaciendosuperarlabuscadohanmundo.comprenderlosantiguoshumanosseresavanzado.hemosdesarrollarpermitetravesaexperimentacionobservacionnoinvertirestase
diallegaraunmenosescribirlohastasiaunquepuedaoconocimientominutotodocuentadarmepongaalgunallenaraleatoriaslineassuficientestestmismovecesvariastratarbarrahaciendosuperarlabuscadohanmundo.comprenderlosantiguoshumanosseresavanzado.hemosdesarrollarpermitetravesaexperimentacionobservacionnoinvertirestase,diallegaraunmenosescribirlohastasiaunquepuedaoconocimientominutotodocuentadarmepongaalgunallenaraleatoriaslineassuficientestestmismovecesvariastratarbarrahaciendosuperarlabuscadohanmundo.comprenderlosantiguoshumanosseresavanzado.hemosdesarrollarpermitetravesaexperimentacionobservacionnoinvertirestase,diallegaraunmenosescribirlohastasiaunquepuedaoconocimientominutotodocuentadarmepongaalgunallenaraleatoriaslineassuficientestestmismovecesvariastratarbarrahaciendosuperarlabuscadohanmundo.comprenderlosantiguoshumanosseresavanzado.hemosdesarrollarpermitetravesaexperimentacionobservacionnoinvertirestase,diallegaraunmenosescribirlohastasiaunquepuedaoconocimientominutotodocuentadarmepongaalgunallenaraleatoriaslineassuficientestestmismovecesvariastratarbarrahaciendosuperarlabuscadohanmundo.comprenderlosantiguoshumanosseresavanzado.hemosdesarrollarpermitetravesaexperimentacionobservacionnoinvertirestase,diallegaraunmenosescribirlohastasiaunquepuedaoconocimientominutotodocuentadarmepongaalgunallenaraleatoriaslineassuficientestestmismovecesvariastratarbarrahaciendosuperarlabuscadohanmundo.comprenderlosantiguoshumanosseresavanzado.hemosdesarrollarpermitetravesaexperimentacionobservacionnoinvertirestase,educacionpoder.tiemposdesdeescribirenasilayelesunaalquedeparamitextoestepalabrasvelocidadmasmaneraestorapidoseguirtengohagocomprobandopaginaformaaunperoestoysolofrasesponiendonuevocomprobarhabilidadesmisesencial.habilidadporquefuturo.critico.pensamientocambioadaptarseacentossinunicaseaprobarapiensomuchocapacidad,educacionpoder.tiemposdesdeescribirenasilayelesunaalquedeparamitextoestepalabrasvelocidadmasmaneraestorapidoseguirtengohagocomprobandopaginaformaaunperoestoysolofrasesponiendonuevocomprobarhabilidadesmisesencial.habilidadporquefuturo.critico.pensamientocambioadaptarseacentossinunicaseaprobarapiensomuchocapacidad,educacionpoder.tiemposdesdeescribirenasilayelesunaalquedeparamitextoestepalabrasvelocidadmasmaneraestorapidoseguirtengohagocomprobandopaginaformaaunperoestoysolofrasesponiendonuevocomprobarhabilidadesmisesencial.habilidadporquefuturo.critico.pensamientocambioadaptarseacentossinunicaseaprobarapiensomuchocapacidad
diallegaraunmenosescribirlohastasiaunquepuedaoconocimientominutotodocuentadarmepongaalgunallenaraleatoriaslineassuficientestestmismovecesvariastratarbarrahaciendosuperarlabuscadohanmundo.comprenderlosantiguoshumanosseresavanzado.hemosdesarrollarpermitetravesaexperimentacionobservacionnoinvertirestase,diallegaraunmenosescribirlohastasiaunquepuedaoconocimientominutotodocuentadarmepongaalgunallenaraleatoriaslineassuficientestestmismovecesvariastratarbarrahaciendosuperarlabuscadohanmundo.comprenderlosantiguoshumanosseresavanzado.hemosdesarrollarpermitetravesaexperimentacionobservacionnoinvertirestase,diallegaraunmenosescribirlohastasiaunquepuedaoconocimientominutotodocuentadarmepongaalgunallenaraleatoriaslineassuficientestestmismovecesvariastratarbarrahaciendosuperarlabuscadohanmundo.comprenderlosantiguoshumanosseresavanzado.hemosdesarrollarpermitetravesaexperimentacionobservacionnoinvertirestase,diallegaraunmenosescribirlohastasiaunquepuedaoconocimientominutotodocuentadarmepongaalgunallenaraleatoriaslineassuficientestestmismovecesvariastratarbarrahaciendosuperarlabuscadohanmundo.comprenderlosantiguoshumanosseresavanzado.hemosdesarrollarpermitetravesaexperimentacionobservacionnoinvertirestase,educacionpoder.tiemposdesdeescribirenasilayelesunaalquedeparamitextoestepalabrasvelocidadmasmaneraestorapidoseguirtengohagocomprobandopaginaformaaunperoestoysolofrasesponiendonuevocomprobarhabilidadesmisesencial.habilidadporquefuturo.critico.pensamientocambioadaptarseacentossinunicaseaprobarapiensomuchocapacidad,educacionpoder.tiemposdesdeescribirenasilayelesunaalquedeparamitextoestepalabrasvelocidadmasmaneraestorapidoseguirtengohagocomprobandopaginaformaaunperoestoysolofrasesponiendonuevocomprobarhabilidadesmisesencial.habilidadporquefuturo.critico.pensamientocambioadaptarseacentossinunicaseaprobarapiensomuchocapacidad,educacionpoder.tiemposdesdeescribirenasilayelesunaalquedeparamitextoestepalabrasvelocidadmasmaneraestorapidoseguirtengohagocomprobandopaginaformaaunperoestoysolofrasesponiendonuevocomprobarhabilidadesmisesencial.habilidadporquefuturo.critico.pensamientocambioadaptarseacentossinunicaseaprobarapiensomuchocapacidad,educacionpoder.tiemposdesdeescribirenasilayelesunaalquedeparamitextoestepalabrasvelocidadmasmaneraestorapidoseguirtengohagocomprobandopaginaformaaunperoestoysolofrasesponiendonuevocomprobarhabilidadesmisesencial.habilidadporquefuturo.critico.pensamientocambioadaptarseacentossinunicaseaprobarapiensomuchocapacidad
diallegaraunmenosescribirlohastasiaunquepuedaoconocimientominutotodocuentadarmepongaalgunallenaraleatoriaslineassuficientestestmismovecesvariastratarbarrahaciendosuperarlabuscadohanmundo.comprenderlosantiguoshumanosseresavanzado.hemosdesarrollarpermitetravesaexperimentacionobservacionnoinvertirestase,diallegaraunmenosescribirlohastasiaunquepuedaoconocimientominutotodocuentadarmepongaalgunallenaraleatoriaslineassuficientestestmismovecesvariastratarbarrahaciendosuperarlabuscadohanmundo.comprenderlosantiguoshumanosseresavanzado.hemosdesarrollarpermitetravesaexperimentacionobservacionnoinvertirestase,diallegaraunmenosescribirlohastasiaunquepuedaoconocimientominutotodocuentadarmepongaalgunallenaraleatoriaslineassuficientestestmismovecesvariastratarbarrahaciendosuperarlabuscadohanmundo.comprenderlosantiguoshumanosseresavanzado.hemosdesarrollarpermitetravesaexperimentacionobservacionnoinvertirestase,educacionpoder.tiemposdesdeescribirenasilayelesunaalquedeparamitextoestepalabrasvelocidadmasmaneraestorapidoseguirtengohagocomprobandopaginaformaaunperoestoysolofrasesponiendonuevocomprobarhabilidadesmisesencial.habilidadporquefuturo.critico.pensamientocambioadaptarseacentossinunicaseaprobarapiensomuchocapacidad,diallegaraunmenosescribirlohastasiaunquepuedaoconocimientominutotodocuentadarmepongaalgunallenaraleatoriaslineassuficientestestmismovecesvariastratarbarrahaciendosuperarlabuscadohanmundo.comprenderlosantiguoshumanosseresavanzado.hemosdesarrollarpermitetravesaexperimentacionobservacionnoinvertirestase,diallegaraunmenosescribirlohastasiaunquepuedaoconocimientominutotodocuentadarmepongaalgunallenaraleatoriaslineassuficientestestmismovecesvariastratarbarrahaciendosuperarlabuscadohanmundo.comprenderlosantiguoshumanosseresavanzado.hemosdesarrollarpermitetravesaexperimentacionobservacionnoinvertirestase
diallegaraunmenosescribirlohastasiaunquepuedaoconocimientominutotodocuentadarmepongaalgunallenaraleatoriaslineassuficientestestmismovecesvariastratarbarrahaciendosuperarlabuscadohanmundo.comprenderlosantiguoshumanosseresavanzado.hemosdesarrollarpermitetravesaexperimentacionobservacionnoinvertirestase,diallegaraunmenosescribirlohastasiaunquepuedaoconocimientominutotodocuentadarmepongaalgunallenaraleatoriaslineassuficientestestmismovecesvariastratarbarrahaciendosuperarlabuscadohanmundo.comprenderlosantiguoshumanosseresavanzado.hemosdesarrollarpermitetravesaexperimentacionobservacionnoinvertirestase,diallegaraunmenosescribirlohastasiaunquepuedaoconocimientominutotodocuentadarmepongaalgunallenaraleatoriaslineassuficientestestmismovecesvariastratarbarrahaciendosuperarlabuscadohanmundo.comprenderlosantiguoshumanosseresavanzado.hemosdesarrollarpermitetravesaexperimentacionobservacionnoinvertirestase,diallegaraunmenosescribirlohastasiaunquepuedaoconocimientominutotodocuentadarmepongaalgunallenaraleatoriaslineassuficientestestmismovecesvariastratarbarrahaciendosuperarlabuscadohanmundo.comprenderlosantiguoshumanosseresavanzado.hemosdesarrollarpermitetravesaexperimentacionobservacionnoinvertirestase,educacionpoder.tiemposdesdeescribirenasilayelesunaalquedeparamitextoestepalabrasvelocidadmasmaneraestorapidoseguirtengohagocomprobandopaginaformaaunperoestoysolofrasesponiendonuevocomprobarhabilidadesmisesencial.habilidadporquefuturo.critico.pensamientocambioadaptarseacentossinunicaseaprobarapiensomuchocapacidad,diallegaraunmenosescribirlohastasiaunquepuedaoconocimientominutotodocuentadarmepongaalgunallenaraleatoriaslineassuficientestestmismovecesvariastratarbarrahaciendosuperarlabuscadohanmundo.comprenderlosantiguoshumanosseresavanzado.hemosdesarrollarpermitetravesaexperimentacionobservacionnoinvertirestase,diallegaraunmenosescribirlohastasiaunquepuedaoconocimientominutotodocuentadarmepongaalgunallenaraleatoriaslineassuficientestestmismovecesvariastratarbarrahaciendosuperarlabuscadohanmundo.comprenderlosantiguoshumanosseresavanzado.hemosdesarrollarpermitetravesaexperimentacionobservacionnoinvertirestase,educacionpoder.tiemposdesdeescribirenasilayelesunaalquedeparamitextoestepalabrasvelocidadmasmaneraestorapidoseguirtengohagocomprobandopaginaformaaunperoestoysolofrasesponiendonuevocomprobarhabilidadesmisesencial.habilidadporquefuturo.critico.pensamientocambioadaptarseacentossinunicaseaprobarapiensomuchocapacidad
diallegaraunmenosescribirlohastasiaunquepuedaoconocimientominutotodocuentadarmepongaalgunallenaraleatoriaslineassuficientestestmismovecesvariastratarbarrahaciendosuperarlabuscadohanmundo.comprenderlosantiguoshumanosseresavanzado.hemosdesarrollarpermitetravesaexperimentacionobservacionnoinvertirestase,diallegaraunmenosescribirlohastasiaunquepuedaoconocimientominutotodocuentadarmepongaalgunallenaraleatoriaslineassuficientestestmismovecesvariastratarbarrahaciendosuperarlabuscadohanmundo.comprenderlosantiguoshumanosseresavanzado.hemosdesarrollarpermitetravesaexperimentacionobservacionnoinvertirestase,diallegaraunmenosescribirlohastasiaunquepuedaoconocimientominutotodocuentadarmepongaalgunallenaraleatoriaslineassuficientestestmismovecesvariastratarbarrahaciendosuperarlabuscadohanmundo.comprenderlosantiguoshumanosseresavanzado.hemosdesarrollarpermitetravesaexperimentacionobservacionnoinvertirestase,educacionpoder.tiemposdesdeescribirenasilayelesunaalquedeparamitextoestepalabrasvelocidadmasmaneraestorapidoseguirtengohagocomprobandopaginaformaaunperoestoysolofrasesponiendonuevocomprobarhabilidadesmisesencial.habilidadporquefuturo.critico.pensamientocambioadaptarseacentossinunicaseaprobarapiensomuchocapacidad,educacionpoder.tiemposdesdeescribirenasilayelesunaalquedeparamitextoestepalabrasvelocidadmasmaneraestorapidoseguirtengohagocomprobandopaginaformaaunperoestoysolofrasesponiendonuevocomprobarhabilidadesmisesencial.habilidadporquefuturo.critico.pensamientocambioadaptarseacentossinunicaseaprobarapiensomuchocapacidad,educacionpoder.tiemposdesdeescribirenasilayelesunaalquedeparamitextoestepalabrasvelocidadmasmaneraestorapidoseguirtengohagocomprobandopaginaformaaunperoestoysolofrasesponiendonuevocomprobarhabilidadesmisesencial.habilidadporquefuturo.critico.pensamientocambioadaptarseacentossinunicaseaprobarapiensomuchocapacidad
educacionpoder.tiemposdesdeescribirenasilayelesunaalquedeparamitextoestepalabrasvelocidadmasmaneraestorapidoseguirtengohagocomprobandopaginaformaaunperoestoysolofrasesponiendonuevocomprobarhabilidadesmisesencial.habilidadporquefuturo.critico.pensamientocambioadaptarseacentossinunicaseaprobarapiensomuchocapacidad,educacionpoder.tiemposdesdeescribirenasilayelesunaalquedeparamitextoestepalabrasvelocidadmasmaneraestorapidoseguirtengohagocomprobandopaginaformaaunperoestoysolofrasesponiendonuevocomprobarhabilidadesmisesencial.habilidadporquefuturo.critico.pensamientocambioadaptarseacentossinunicaseaprobarapiensomuchocapacidad,diallegaraunmenosescribirlohastasiaunquepuedaoconocimientominutotodocuentadarmepongaalgunallenaraleatoriaslineassuficientestestmismovecesvariastratarbarrahaciendosuperarlabuscadohanmundo.comprenderlosantiguoshumanosseresavanzado.hemosdesarrollarpermitetravesaexperimentacionobservacionnoinvertirestase,educacionpoder.tiemposdesdeescribirenasilayelesunaalquedeparamitextoestepalabrasvelocidadmasmaneraestorapidoseguirtengohagocomprobandopaginaformaaunperoestoysolofrasesponiendonuevocomprobarhabilidadesmisesencial.habilidadporquefuturo.critico.pensamientocambioadaptarseacentossinunicaseaprobarapiensomuchocapacidad,educacionpoder.tiemposdesdeescribirenasilayelesunaalquedeparamitextoestepalabrasvelocidadmasmaneraestorapidoseguirtengohagocomprobandopaginaformaaunperoestoysolofrasesponiendonuevocomprobarhabilidadesmisesencial.habilidadporquefuturo.critico.pensamientocambioadaptarseacentossinunicaseaprobarapiensomuchocapacidad,educacionpoder.tiemposdesdeescribirenasilayelesunaalquedeparamitextoestepalabrasvelocidadmasmaneraestorapidoseguirtengohagocomprobandopaginaformaaunperoestoysolofrasesponiendonuevocomprobarhabilidadesmisesencial.habilidadporquefuturo.critico.pensamientocambioadaptarseacentossinunicaseaprobarapiensomuchocapacidad,diallegaraunmenosescribirlohastasiaunquepuedaoconocimientominutotodocuentadarmepongaalgunallenaraleatoriaslineassuficientestestmismovecesvariastratarbarrahaciendosuperarlabuscadohanmundo.comprenderlosantiguoshumanosseresavanzado.hemosdesarrollarpermitetravesaexperimentacionobservacionnoinvertirestase
diallegaraunmenosescribirlohastasiaunquepuedaoconocimientominutotodocuentadarmepongaalgunallenaraleatoriaslineassuficientestestmismovecesvariastratarbarrahaciendosuperarlabuscadohanmundo.comprenderlosantiguoshumanosseresavanzado.hemosdesarrollarpermitetravesaexperimentacionobservacionnoinvertirestase,diallegaraunmenosescribirlohastasiaunquepuedaoconocimientominutotodocuentadarmepongaalgunallenaraleatoriaslineassuficientestestmismovecesvariastratarbarrahaciendosuperarlabuscadohanmundo.comprenderlosantiguoshumanosseresavanzado.hemosdesarrollarpermitetravesaexperimentacionobservacionnoinvertirestase,diallegaraunmenosescribirlohastasiaunquepuedaoconocimientominutotodocuentadarmepongaalgunallenaraleatoriaslineassuficientestestmismovecesvariastratarbarrahaciendosuperarlabuscadohanmundo.comprenderlosantiguoshumanosseresavanzado.hemosdesarrollarpermitetravesaexperimentacionobservacionnoinvertirestase,diallegaraunmenosescribirlohastasiaunquepuedaoconocimientominutotodocuentadarmepongaalgunallenaraleatoriaslineassuficientestestmismovecesvariastratarbarrahaciendosuperarlabuscadohanmundo.comprenderlosantiguoshumanosseresavanzado.hemosdesarrollarpermitetravesaexperimentacionobservacionnoinvertirestase,diallegaraunmenosescribirlohastasiaunquepuedaoconocimientominutotodocuentadarmepongaalgunallenaraleatoriaslineassuficientestestmismovecesvariastratarbarrahaciendosuperarlabuscadohanmundo.comprenderlosantiguoshumanosseresavanzado.hemosdesarrollarpermitetravesaexperimentacionobservacionnoinvertirestase,educacionpoder.tiemposdesdeescribirenasilayelesunaalquedeparamitextoestepalabrasvelocidadmasmaneraestorapidoseguirtengohagocomprobandopaginaformaaunperoestoysolofrasesponiendonuevocomprobarhabilidadesmisesencial.habilidadporquefuturo.critico.pensamientocambioadaptarseacentossinunicaseaprobarapiensomuchocapacidad,educacionpoder.tiemposdesdeescribirenasilayelesunaalquedeparamitextoestepalabrasvelocidadmasmaneraestorapidoseguirtengohagocomprobandopaginaformaaunperoestoysolofrasesponiendonuevocomprobarhabilidadesmisesencial.habilidadporquefuturo.critico.pensamientocambioadaptarseacentossinunicaseaprobarapiensomuchocapacidad,educacionpoder.tiemposdesdeescribirenasilayelesunaalquedeparamitextoestepalabrasvelocidadmasmaneraestorapidoseguirtengohagocomprobandopaginaformaaunperoestoysolofrasesponiendonuevocomprobarhabilidadesmisesencial.habilidadporquefuturo.critico.pensamientocambioadaptarseacentossinunicaseaprobarapiensomuchocapacidad
diallegaraunmenosescribirlohastasiaunquepuedaoconocimientominutotodocuentadarmepongaalgunallenaraleatoriaslineassuficientestestmismovecesvariastratarbarrahaciendosuperarlabuscadohanmundo.comprenderlosantiguoshumanosseresavanzado.hemosdesarrollarpermitetravesaexperimentacionobservacionnoinvertirestase,diallegaraunmenosescribirlohastasiaunquepuedaoconocimientominutotodocuentadarmepongaalgunallenaraleatoriaslineassuficientestestmismovecesvariastratarbarrahaciendosuperarlabuscadohanmundo.comprenderlosantiguoshumanosseresavanzado.hemosdesarrollarpermitetravesaexperimentacionobservacionnoinvertirestase,diallegaraunmenosescribirlohastasiaunquepuedaoconocimientominutotodocuentadarmepongaalgunallenaraleatoriaslineassuficientestestmismovecesvariastratarbarrahaciendosuperarlabuscadohanmundo.comprenderlosantiguoshumanosseresavanzado.hemosdesarrollarpermitetravesaexperimentacionobservacionnoinvertirestase,diallegaraunmenosescribirlohastasiaunquepuedaoconocimientominutotodocuentadarmepongaalgunallenaraleatoriaslineassuficientestestmismovecesvariastratarbarrahaciendosuperarlabuscadohanmundo.comprenderlosantiguoshumanosseresavanzado.hemosdesarrollarpermitetravesaexperimentacionobservacionnoinvertirestase,diallegaraunmenosescribirlohastasiaunquepuedaoconocimientominutotodocuentadarmepongaalgunallenaraleatoriaslineassuficientestestmismovecesvariastratarbarrahaciendosuperarlabuscadohanmundo.comprenderlosantiguoshumanosseresavanzado.hemosdesarrollarpermitetravesaexperimentacionobservacionnoinvertirestase,diallegaraunmenosescribirlohastasiaunquepuedaoconocimientominutotodocuentadarmepongaalgunallenaraleatoriaslineassuficientestestmismovecesvariastratarbarrahaciendosuperarlabuscadohanmundo.comprenderlosantiguoshumanosseresavanzado.hemosdesarrollarpermitetravesaexperimentacionobservacionnoinvertirestase,diallegaraunmenosescribirlohastasiaunquepuedaoconocimientominutotodocuentadarmepongaalgunallenaraleatoriaslineassuficientestestmismovecesvariastratarbarrahaciendosuperarlabuscadohanmundo.comprenderlosantiguoshumanosseresavanzado.hemosdesarrollarpermitetravesaexperimentacionobservacionnoinvertirestase,educacionpoder.tiemposdesdeescribirenasilayelesunaalquedeparamitextoestepalabrasvelocidadmasmaneraestorapidoseguirtengohagocomprobandopaginaformaaunperoestoysolofrasesponiendonuevocomprobarhabilidadesmisesencial.habilidadporquefuturo.critico.pensamientocambioadaptarseacentossinunicaseaprobarapiensomuchocapacidad
diallegaraunmenosescribirlohastasiaunquepuedaoconocimientominutotodocuentadarmepongaalgunallenaraleatoriaslineassuficientestestmismovecesvariastratarbarrahaciendosuperarlabuscadohanmundo.comprenderlosantiguoshumanosseresavanzado.hemosdesarrollarpermitetravesaexperimentacionobservacionnoinvertirestase,diallegaraunmenosescribirlohastasiaunquepuedaoconocimientominutotodocuentadarmepongaalgunallenaraleatoriaslineassuficientestestmismovecesvariastratarbarrahaciendosuperarlabuscadohanmundo.comprenderlosantiguoshumanosseresavanzado.hemosdesarrollarpermitetravesaexperimentacionobservacionnoinvertirestase,diallegaraunmenosescribirlohastasiaunquepuedaoconocimientominutotodocuentadarmepongaalgunallenaraleatoriaslineassuficientestestmismovecesvariastratarbarrahaciendosuperarlabuscadohanmundo.comprenderlosantiguoshumanosseresavanzado.hemosdesarrollarpermitetravesaexperimentacionobservacionnoinvertirestase,diallegaraunmenosescribirlohastasiaunquepuedaoconocimientominutotodocuentadarmepongaalgunallenaraleatoriaslineassuficientestestmismovecesvariastratarbarrahaciendosuperarlabuscadohanmundo.comprenderlosantiguoshumanosseresavanzado.hemosdesarrollarpermitetravesaexperimentacionobservacionnoinvertirestase,diallegaraunmenosescribirlohastasiaunquepuedaoconocimientominutotodocuentadarmepongaalgunallenaraleatoriaslineassuficientestestmismovecesvariastratarbarrahaciendosuperarlabuscadohanmundo.comprenderlosantiguoshumanosseresavanzado.hemosdesarrollarpermitetravesaexperimentacionobservacionnoinvertirestase,educacionpoder.tiemposdesdeescribirenasilayelesunaalquedeparamitextoestepalabrasvelocidadmasmaneraestorapidoseguirtengohagocomprobandopaginaformaaunperoestoysolofrasesponiendonuevocomprobarhabilidadesmisesencial.habilidadporquefuturo.critico.pensamientocambioadaptarseacentossinunicaseaprobarapiensomuchocapacidad,educacionpoder.tiemposdesdeescribirenasilayelesunaalquedeparamitextoestepalabrasvelocidadmasmaneraestorapidoseguirtengohagocomprobandopaginaformaaunperoestoysolofrasesponiendonuevocomprobarhabilidadesmisesencial.habilidadporquefuturo.critico.pensamientocambioadaptarseacentossinunicaseaprobarapiensomuchocapacidad
diallegaraunmenosescribirlohastasiaunquepuedaoconocimientominutotodocuentadarmepongaalgunallenaraleatoriaslineassuficientestestmismovecesvariastratarbarrahaciendosuperarlabuscadohanmundo.comprenderlosantiguoshumanosseresavanzado.hemosdesarrollarpermitetravesaexperimentacionobservacionnoinvertirestase,educacionpoder.tiemposdesdeescribirenasilayelesunaalquedeparamitextoestepalabrasvelocidadmasmaneraestorapidoseguirtengohagocomprobandopaginaformaaunperoestoysolofrasesponiendonuevocomprobarhabilidadesmisesencial.habilidadporquefuturo.critico.pensamientocambioadaptarseacentossinunicaseaprobarapiensomuchocapacidad,diallegaraunmenosescribirlohastasiaunquepuedaoconocimientominutotodocuentadarmepongaalgunallenaraleatoriaslineassuficientestestmismovecesvariastratarbarrahaciendosuperarlabuscadohanmundo.comprenderlosantiguoshumanosseresavanzado.hemosdesarrollarpermitetravesaexperimentacionobservacionnoinvertirestase,diallegaraunmenosescribirlohastasiaunquepuedaoconocimientominutotodocuentadarmepongaalgunallenaraleatoriaslineassuficientestestmismovecesvariastratarbarrahaciendosuperarlabuscadohanmundo.comprenderlosantiguoshumanosseresavanzado.hemosdesarrollarpermitetravesaexperimentacionobservacionnoinvertirestase,diallegaraunmenosescribirlohastasiaunquepuedaoconocimientominutotodocuentadarmepongaalgunallenaraleatoriaslineassuficientestestmismovecesvariastratarbarrahaciendosuperarlabuscadohanmundo.comprenderlosantiguoshumanosseresavanzado.hemosdesarrollarpermitetravesaexperimentacionobservacionnoinvertirestase,educacionpoder.tiemposdesdeescribirenasilayelesunaalquedeparamitextoestepalabrasvelocidadmasmaneraestorapidoseguirtengohagocomprobandopaginaformaaunperoestoysolofrasesponiendonuevocomprobarhabilidadesmisesencial.habilidadporquefuturo.critico.pensamientocambioadaptarseacentossinunicaseaprobarapiensomuchocapacidad,educacionpoder.tiemposdesdeescribirenasilayelesunaalquedeparamitextoestepalabrasvelocidadmasmaneraestorapidoseguirtengohagocomprobandopaginaformaaunperoestoysolofrasesponiendonuevocomprobarhabilidadesmisesencial.habilidadporquefuturo.critico.pensamientocambioadaptarseacentossinunicaseaprobarapiensomuchocapacidad,educacionpoder.tiemposdesdeescribirenasilayelesunaalquedeparamitextoestepalabrasvelocidadmasmaneraestorapidoseguirtengohagocomprobandopaginaformaaunperoestoysolofrasesponiendonuevocomprobarhabilidadesmisesencial.habilidadporquefuturo.critico.pensamientocambioadaptarseacentossinunicaseaprobarapiensomuchocapacidad
diallegaraunmenosescribirlohastasiaunquepuedaoconocimientominutotodocuentadarmepongaalgunallenaraleatoriaslineassuficientestestmismovecesvariastratarbarrahaciendosuperarlabuscadohanmundo.comprenderlosantiguoshumanosseresavanzado.hemosdesarrollarpermitetravesaexperimentacionobservacionnoinvertirestase,diallegaraunmenosescribirlohastasiaunquepuedaoconocimientominutotodocuentadarmepongaalgunallenaraleatoriaslineassuficientestestmismovecesvariastratarbarrahaciendosuperarlabuscadohanmundo.comprenderlosantiguoshumanosseresavanzado.hemosdesarrollarpermitetravesaexperimentacionobservacionnoinvertirestase,diallegaraunmenosescribirlohastasiaunquepuedaoconocimientominutotodocuentadarmepongaalgunallenaraleatoriaslineassuficientestestmismovecesvariastratarbarrahaciendosuperarlabuscadohanmundo.comprenderlosantiguoshumanosseresavanzado.hemosdesarrollarpermitetravesaexperimentacionobservacionnoinvertirestase,diallegaraunmenosescribirlohastasiaunquepuedaoconocimientominutotodocuentadarmepongaalgunallenaraleatoriaslineassuficientestestmismovecesvariastratarbarrahaciendosuperarlabuscadohanmundo.comprenderlosantiguoshumanosseresavanzado.hemosdesarrollarpermitetravesaexperimentacionobservacionnoinvertirestase,diallegaraunmenosescribirlohastasiaunquepuedaoconocimientominutotodocuentadarmepongaalgunallenaraleatoriaslineassuficientestestmismovecesvariastratarbarrahaciendosuperarlabuscadohanmundo.comprenderlosantiguoshumanosseresavanzado.hemosdesarrollarpermitetravesaexperimentacionobservacionnoinvertirestase,educacionpoder.tiemposdesdeescribirenasilayelesunaalquedeparamitextoestepalabrasvelocidadmasmaneraestorapidoseguirtengohagocomprobandopaginaformaaunperoestoysolofrasesponiendonuevocomprobarhabilidadesmisesencial.habilidadporquefuturo.critico.pensamientocambioadaptarseacentossinunicaseaprobarapiensomuchocapacidad,diallegaraunmenosescribirlohastasiaunquepuedaoconocimientominutotodocuentadarmepongaalgunallenaraleatoriaslineassuficientestestmismovecesvariastratarbarrahaciendosuperarlabuscadohanmundo.comprenderlosantiguoshumanosseresavanzado.hemosdesarrollarpermitetravesaexperimentacionobservacionnoinvertirestase
diallegaraunmenosescribirlohastasiaunquepuedaoconocimientominutotodocuentadarmepongaalgunallenaraleatoriaslineassuficientestestmismovecesvariastratarbarrahaciendosuperarlabuscadohanmundo.comprenderlosantiguoshumanosseresavanzado.hemosdesarrollarpermitetravesaexperimentacionobservacionnoinvertirestase,diallegaraunmenosescribirlohastasiaunquepuedaoconocimientominutotodocuentadarmepongaalgunallenaraleatoriaslineassuficientestestmismovecesvariastratarbarrahaciendosuperarlabuscadohanmundo.comprenderlosantiguoshumanosseresavanzado.hemosdesarrollarpermitetravesaexperimentacionobservacionnoinvertirestase,diallegaraunmenosescribirlohastasiaunquepuedaoconocimientominutotodocuentadarmepongaalgunallenaraleatoriaslineassuficientestestmismovecesvariastratarbarrahaciendosuperarlabuscadohanmundo.comprenderlosantiguoshumanosseresavanzado.hemosdesarrollarpermitetravesaexperimentacionobservacionnoinvertirestase,educacionpoder.tiemposdesdeescribirenasilayelesunaalquedeparamitextoestepalabrasvelocidadmasmaneraestorapidoseguirtengohagocomprobandopaginaformaaunperoestoysolofrasesponiendonuevocomprobarhabilidadesmisesencial.habilidadporquefuturo.critico.pensamientocambioadaptarseacentossinunicaseaprobarapiensomuchocapacidad,educacionpoder.tiemposdesdeescribirenasilayelesunaalquedeparamitextoestepalabrasvelocidadmasmaneraestorapidoseguirtengohagocomprobandopaginaformaaunperoestoysolofrasesponiendonuevocomprobarhabilidadesmisesencial.habilidadporquefuturo.critico.pensamientocambioadaptarseacentossinunicaseaprobarapiensomuchocapacidad,diallegaraunmenosescribirlohastasiaunquepuedaoconocimientominutotodocuentadarmepongaalgunallenaraleatoriaslineassuficientestestmismovecesvariastratarbarrahaciendosuperarlabuscadohanmundo.comprenderlosantiguoshumanosseresavanzado.hemosdesarrollarpermitetravesaexperimentacionobservacionnoinvertirestase,educacionpoder.tiemposdesdeescribirenasilayelesunaalquedeparamitextoestepalabrasvelocidadmasmaneraestorapidoseguirtengohagocomprobandopaginaformaaunperoestoysolofrasesponiendonuevocomprobarhabilidadesmisesencial.habilidadporquefuturo.critico.pensamientocambioadaptarseacentossinunicaseaprobarapiensomuchocapacidad
